ISO-10303-21;
HEADER;
/* Generated by software containing ST-Developer
 * from STEP Tools, Inc. (www.steptools.com) 
 */

FILE_DESCRIPTION(
/* description */ (''),
/* implementation_level */ '2;1');

FILE_NAME(
/* name */ '',
/* time_stamp */ '2025-02-22T19:26:39+10:00',
/* author */ (''),
/* organization */ (''),
/* preprocessor_version */ 'ST-DEVELOPER v20',
/* originating_system */ 'Autodesk Translation Framework v13.14.0.145',

/* authorisation */ '');

FILE_SCHEMA (('AUTOMOTIVE_DESIGN { 1 0 10303 214 3 1 1 }'));
ENDSEC;

DATA;
#10=MECHANICAL_DESIGN_GEOMETRIC_PRESENTATION_REPRESENTATION('',(#13),#3124);
#11=SHAPE_REPRESENTATION_RELATIONSHIP('SRR','None',#3131,#12);
#12=ADVANCED_BREP_SHAPE_REPRESENTATION('',(#14),#3123);
#13=STYLED_ITEM('',(#3140),#14);
#14=MANIFOLD_SOLID_BREP('2 \X2\044D044204300436\X0\',#1756);
#15=FACE_BOUND('',#277,.T.);
#16=FACE_BOUND('',#282,.T.);
#17=FACE_BOUND('',#291,.T.);
#18=FACE_BOUND('',#292,.T.);
#19=FACE_BOUND('',#293,.T.);
#20=FACE_BOUND('',#294,.T.);
#21=FACE_BOUND('',#295,.T.);
#22=FACE_BOUND('',#296,.T.);
#23=FACE_BOUND('',#297,.T.);
#24=FACE_BOUND('',#329,.T.);
#25=FACE_BOUND('',#342,.T.);
#26=FACE_BOUND('',#352,.T.);
#27=FACE_BOUND('',#353,.T.);
#28=FACE_BOUND('',#354,.T.);
#29=FACE_BOUND('',#355,.T.);
#30=FACE_BOUND('',#356,.T.);
#31=PLANE('',#1782);
#32=PLANE('',#1785);
#33=PLANE('',#1786);
#34=PLANE('',#1787);
#35=PLANE('',#1788);
#36=PLANE('',#1789);
#37=PLANE('',#1790);
#38=PLANE('',#1791);
#39=PLANE('',#1792);
#40=PLANE('',#1793);
#41=PLANE('',#1794);
#42=PLANE('',#1798);
#43=PLANE('',#1799);
#44=PLANE('',#1805);
#45=PLANE('',#1814);
#46=PLANE('',#1817);
#47=PLANE('',#1823);
#48=PLANE('',#1826);
#49=PLANE('',#1832);
#50=PLANE('',#1836);
#51=PLANE('',#1842);
#52=PLANE('',#1855);
#53=PLANE('',#1860);
#54=PLANE('',#1863);
#55=PLANE('',#1866);
#56=PLANE('',#1869);
#57=PLANE('',#1872);
#58=PLANE('',#1875);
#59=PLANE('',#1886);
#60=PLANE('',#1887);
#61=PLANE('',#1894);
#62=PLANE('',#1916);
#63=PLANE('',#1917);
#64=PLANE('',#1935);
#65=PLANE('',#1942);
#66=PLANE('',#1945);
#67=PLANE('',#1946);
#68=PLANE('',#1955);
#69=PLANE('',#1956);
#70=CIRCLE('',#1775,1.5);
#71=CIRCLE('',#1781,1.5);
#72=CIRCLE('',#1783,9.);
#73=CIRCLE('',#1784,9.);
#74=CIRCLE('',#1796,2.);
#75=CIRCLE('',#1797,2.);
#76=CIRCLE('',#1800,1.5);
#77=CIRCLE('',#1801,1.5);
#78=CIRCLE('',#1802,2.);
#79=CIRCLE('',#1804,2.);
#80=CIRCLE('',#1806,3.);
#81=CIRCLE('',#1807,15.);
#82=CIRCLE('',#1808,1.);
#83=CIRCLE('',#1809,13.55);
#84=CIRCLE('',#1810,3.);
#85=CIRCLE('',#1812,2.);
#86=CIRCLE('',#1813,2.);
#87=CIRCLE('',#1815,2.);
#88=CIRCLE('',#1816,1.5);
#89=CIRCLE('',#1819,2.);
#90=CIRCLE('',#1821,2.);
#91=CIRCLE('',#1822,2.);
#92=CIRCLE('',#1824,2.);
#93=CIRCLE('',#1825,1.5);
#94=CIRCLE('',#1828,2.);
#95=CIRCLE('',#1830,2.);
#96=CIRCLE('',#1831,2.);
#97=CIRCLE('',#1833,2.);
#98=CIRCLE('',#1834,1.5);
#99=CIRCLE('',#1835,1.5);
#100=CIRCLE('',#1838,2.);
#101=CIRCLE('',#1840,9.);
#102=CIRCLE('',#1841,9.);
#103=CIRCLE('',#1843,9.);
#104=CIRCLE('',#1844,9.);
#105=CIRCLE('',#1845,9.);
#106=CIRCLE('',#1846,1.);
#107=CIRCLE('',#1847,1.);
#108=CIRCLE('',#1848,1.);
#109=CIRCLE('',#1849,1.);
#110=CIRCLE('',#1850,1.5);
#111=CIRCLE('',#1851,1.5);
#112=CIRCLE('',#1852,1.5);
#113=CIRCLE('',#1853,1.5);
#114=CIRCLE('',#1854,1.5);
#115=CIRCLE('',#1857,9.);
#116=CIRCLE('',#1859,9.);
#117=CIRCLE('',#1862,9.);
#118=CIRCLE('',#1865,1.);
#119=CIRCLE('',#1868,1.);
#120=CIRCLE('',#1871,1.);
#121=CIRCLE('',#1874,1.);
#122=CIRCLE('',#1877,1.5);
#123=CIRCLE('',#1878,1.5);
#124=CIRCLE('',#1880,1.5);
#125=CIRCLE('',#1882,1.5);
#126=CIRCLE('',#1883,1.5);
#127=CIRCLE('',#1885,1.5);
#128=CIRCLE('',#1889,3.);
#129=CIRCLE('',#1890,3.);
#130=CIRCLE('',#1892,12.05);
#131=CIRCLE('',#1893,12.05);
#132=CIRCLE('',#1895,3.);
#133=CIRCLE('',#1896,3.);
#134=CIRCLE('',#1897,15.);
#135=CIRCLE('',#1898,3.);
#136=CIRCLE('',#1899,3.);
#137=CIRCLE('',#1900,15.);
#138=CIRCLE('',#1901,3.);
#139=CIRCLE('',#1903,3.);
#140=CIRCLE('',#1905,3.);
#141=CIRCLE('',#1907,3.);
#142=CIRCLE('',#1909,15.);
#143=CIRCLE('',#1911,3.);
#144=CIRCLE('',#1913,3.);
#145=CIRCLE('',#1915,15.);
#146=CIRCLE('',#1919,1.);
#147=CIRCLE('',#1920,1.);
#148=CIRCLE('',#1922,15.);
#149=CIRCLE('',#1923,15.);
#150=CIRCLE('',#1925,1.);
#151=CIRCLE('',#1927,15.);
#152=CIRCLE('',#1929,3.);
#153=CIRCLE('',#1931,13.55);
#154=CIRCLE('',#1933,3.);
#155=CIRCLE('',#1934,3.);
#156=CIRCLE('',#1936,13.55);
#157=CIRCLE('',#1937,3.);
#158=CIRCLE('',#1939,3.);
#159=CIRCLE('',#1941,3.);
#160=CIRCLE('',#1944,13.55);
#161=CIRCLE('',#1948,1.5);
#162=CIRCLE('',#1950,1.5);
#163=CIRCLE('',#1952,1.5);
#164=CIRCLE('',#1954,1.5);
#165=FACE_OUTER_BOUND('',#253,.T.);
#166=FACE_OUTER_BOUND('',#254,.T.);
#167=FACE_OUTER_BOUND('',#255,.T.);
#168=FACE_OUTER_BOUND('',#256,.T.);
#169=FACE_OUTER_BOUND('',#257,.T.);
#170=FACE_OUTER_BOUND('',#258,.T.);
#171=FACE_OUTER_BOUND('',#259,.T.);
#172=FACE_OUTER_BOUND('',#260,.T.);
#173=FACE_OUTER_BOUND('',#261,.T.);
#174=FACE_OUTER_BOUND('',#262,.T.);
#175=FACE_OUTER_BOUND('',#263,.T.);
#176=FACE_OUTER_BOUND('',#264,.T.);
#177=FACE_OUTER_BOUND('',#265,.T.);
#178=FACE_OUTER_BOUND('',#266,.T.);
#179=FACE_OUTER_BOUND('',#267,.T.);
#180=FACE_OUTER_BOUND('',#268,.T.);
#181=FACE_OUTER_BOUND('',#269,.T.);
#182=FACE_OUTER_BOUND('',#270,.T.);
#183=FACE_OUTER_BOUND('',#271,.T.);
#184=FACE_OUTER_BOUND('',#272,.T.);
#185=FACE_OUTER_BOUND('',#273,.T.);
#186=FACE_OUTER_BOUND('',#274,.T.);
#187=FACE_OUTER_BOUND('',#275,.T.);
#188=FACE_OUTER_BOUND('',#276,.T.);
#189=FACE_OUTER_BOUND('',#278,.T.);
#190=FACE_OUTER_BOUND('',#279,.T.);
#191=FACE_OUTER_BOUND('',#280,.T.);
#192=FACE_OUTER_BOUND('',#281,.T.);
#193=FACE_OUTER_BOUND('',#283,.T.);
#194=FACE_OUTER_BOUND('',#284,.T.);
#195=FACE_OUTER_BOUND('',#285,.T.);
#196=FACE_OUTER_BOUND('',#286,.T.);
#197=FACE_OUTER_BOUND('',#287,.T.);
#198=FACE_OUTER_BOUND('',#288,.T.);
#199=FACE_OUTER_BOUND('',#289,.T.);
#200=FACE_OUTER_BOUND('',#290,.T.);
#201=FACE_OUTER_BOUND('',#298,.T.);
#202=FACE_OUTER_BOUND('',#299,.T.);
#203=FACE_OUTER_BOUND('',#300,.T.);
#204=FACE_OUTER_BOUND('',#301,.T.);
#205=FACE_OUTER_BOUND('',#302,.T.);
#206=FACE_OUTER_BOUND('',#303,.T.);
#207=FACE_OUTER_BOUND('',#304,.T.);
#208=FACE_OUTER_BOUND('',#305,.T.);
#209=FACE_OUTER_BOUND('',#306,.T.);
#210=FACE_OUTER_BOUND('',#307,.T.);
#211=FACE_OUTER_BOUND('',#308,.T.);
#212=FACE_OUTER_BOUND('',#309,.T.);
#213=FACE_OUTER_BOUND('',#310,.T.);
#214=FACE_OUTER_BOUND('',#311,.T.);
#215=FACE_OUTER_BOUND('',#312,.T.);
#216=FACE_OUTER_BOUND('',#313,.T.);
#217=FACE_OUTER_BOUND('',#314,.T.);
#218=FACE_OUTER_BOUND('',#315,.T.);
#219=FACE_OUTER_BOUND('',#316,.T.);
#220=FACE_OUTER_BOUND('',#317,.T.);
#221=FACE_OUTER_BOUND('',#318,.T.);
#222=FACE_OUTER_BOUND('',#319,.T.);
#223=FACE_OUTER_BOUND('',#320,.T.);
#224=FACE_OUTER_BOUND('',#321,.T.);
#225=FACE_OUTER_BOUND('',#322,.T.);
#226=FACE_OUTER_BOUND('',#323,.T.);
#227=FACE_OUTER_BOUND('',#324,.T.);
#228=FACE_OUTER_BOUND('',#325,.T.);
#229=FACE_OUTER_BOUND('',#326,.T.);
#230=FACE_OUTER_BOUND('',#327,.T.);
#231=FACE_OUTER_BOUND('',#328,.T.);
#232=FACE_OUTER_BOUND('',#330,.T.);
#233=FACE_OUTER_BOUND('',#331,.T.);
#234=FACE_OUTER_BOUND('',#332,.T.);
#235=FACE_OUTER_BOUND('',#333,.T.);
#236=FACE_OUTER_BOUND('',#334,.T.);
#237=FACE_OUTER_BOUND('',#335,.T.);
#238=FACE_OUTER_BOUND('',#336,.T.);
#239=FACE_OUTER_BOUND('',#337,.T.);
#240=FACE_OUTER_BOUND('',#338,.T.);
#241=FACE_OUTER_BOUND('',#339,.T.);
#242=FACE_OUTER_BOUND('',#340,.T.);
#243=FACE_OUTER_BOUND('',#341,.T.);
#244=FACE_OUTER_BOUND('',#343,.T.);
#245=FACE_OUTER_BOUND('',#344,.T.);
#246=FACE_OUTER_BOUND('',#345,.T.);
#247=FACE_OUTER_BOUND('',#346,.T.);
#248=FACE_OUTER_BOUND('',#347,.T.);
#249=FACE_OUTER_BOUND('',#348,.T.);
#250=FACE_OUTER_BOUND('',#349,.T.);
#251=FACE_OUTER_BOUND('',#350,.T.);
#252=FACE_OUTER_BOUND('',#351,.T.);
#253=EDGE_LOOP('',(#1101,#1102,#1103,#1104));
#254=EDGE_LOOP('',(#1105,#1106,#1107,#1108,#1109));
#255=EDGE_LOOP('',(#1110,#1111,#1112,#1113,#1114));
#256=EDGE_LOOP('',(#1115,#1116,#1117,#1118,#1119,#1120));
#257=EDGE_LOOP('',(#1121,#1122,#1123,#1124));
#258=EDGE_LOOP('',(#1125,#1126,#1127,#1128));
#259=EDGE_LOOP('',(#1129,#1130,#1131,#1132));
#260=EDGE_LOOP('',(#1133,#1134,#1135,#1136));
#261=EDGE_LOOP('',(#1137,#1138,#1139,#1140));
#262=EDGE_LOOP('',(#1141,#1142,#1143,#1144));
#263=EDGE_LOOP('',(#1145,#1146,#1147,#1148));
#264=EDGE_LOOP('',(#1149,#1150,#1151,#1152,#1153));
#265=EDGE_LOOP('',(#1154,#1155,#1156,#1157));
#266=EDGE_LOOP('',(#1158,#1159,#1160,#1161,#1162));
#267=EDGE_LOOP('',(#1163,#1164,#1165,#1166));
#268=EDGE_LOOP('',(#1167,#1168,#1169,#1170));
#269=EDGE_LOOP('',(#1171,#1172,#1173,#1174,#1175,#1176,#1177,#1178,#1179));
#270=EDGE_LOOP('',(#1180,#1181,#1182,#1183));
#271=EDGE_LOOP('',(#1184,#1185,#1186,#1187));
#272=EDGE_LOOP('',(#1188,#1189,#1190,#1191,#1192,#1193,#1194,#1195,#1196));
#273=EDGE_LOOP('',(#1197,#1198,#1199,#1200));
#274=EDGE_LOOP('',(#1201,#1202,#1203,#1204,#1205,#1206,#1207,#1208,#1209));
#275=EDGE_LOOP('',(#1210,#1211,#1212,#1213));
#276=EDGE_LOOP('',(#1214,#1215,#1216,#1217,#1218,#1219));
#277=EDGE_LOOP('',(#1220));
#278=EDGE_LOOP('',(#1221,#1222,#1223,#1224));
#279=EDGE_LOOP('',(#1225,#1226,#1227,#1228));
#280=EDGE_LOOP('',(#1229,#1230,#1231,#1232));
#281=EDGE_LOOP('',(#1233,#1234,#1235,#1236,#1237,#1238));
#282=EDGE_LOOP('',(#1239));
#283=EDGE_LOOP('',(#1240,#1241,#1242,#1243));
#284=EDGE_LOOP('',(#1244,#1245,#1246,#1247));
#285=EDGE_LOOP('',(#1248,#1249,#1250,#1251));
#286=EDGE_LOOP('',(#1252,#1253,#1254,#1255,#1256,#1257,#1258,#1259,#1260));
#287=EDGE_LOOP('',(#1261,#1262,#1263,#1264));
#288=EDGE_LOOP('',(#1265,#1266,#1267,#1268));
#289=EDGE_LOOP('',(#1269,#1270,#1271,#1272));
#290=EDGE_LOOP('',(#1273,#1274,#1275,#1276,#1277,#1278,#1279,#1280));
#291=EDGE_LOOP('',(#1281,#1282,#1283,#1284,#1285,#1286,#1287,#1288));
#292=EDGE_LOOP('',(#1289,#1290,#1291,#1292));
#293=EDGE_LOOP('',(#1293,#1294,#1295,#1296));
#294=EDGE_LOOP('',(#1297));
#295=EDGE_LOOP('',(#1298));
#296=EDGE_LOOP('',(#1299));
#297=EDGE_LOOP('',(#1300,#1301,#1302,#1303,#1304,#1305,#1306));
#298=EDGE_LOOP('',(#1307,#1308,#1309,#1310));
#299=EDGE_LOOP('',(#1311,#1312,#1313,#1314));
#300=EDGE_LOOP('',(#1315,#1316,#1317,#1318,#1319,#1320,#1321));
#301=EDGE_LOOP('',(#1322,#1323,#1324,#1325));
#302=EDGE_LOOP('',(#1326,#1327,#1328,#1329,#1330,#1331,#1332));
#303=EDGE_LOOP('',(#1333,#1334,#1335,#1336));
#304=EDGE_LOOP('',(#1337,#1338,#1339,#1340));
#305=EDGE_LOOP('',(#1341,#1342,#1343,#1344));
#306=EDGE_LOOP('',(#1345,#1346,#1347,#1348));
#307=EDGE_LOOP('',(#1349,#1350,#1351,#1352));
#308=EDGE_LOOP('',(#1353,#1354,#1355,#1356));
#309=EDGE_LOOP('',(#1357,#1358,#1359,#1360));
#310=EDGE_LOOP('',(#1361,#1362,#1363,#1364));
#311=EDGE_LOOP('',(#1365,#1366,#1367,#1368));
#312=EDGE_LOOP('',(#1369,#1370,#1371,#1372,#1373,#1374));
#313=EDGE_LOOP('',(#1375,#1376,#1377,#1378,#1379,#1380));
#314=EDGE_LOOP('',(#1381,#1382,#1383,#1384,#1385,#1386));
#315=EDGE_LOOP('',(#1387,#1388,#1389,#1390,#1391,#1392));
#316=EDGE_LOOP('',(#1393,#1394,#1395,#1396,#1397,#1398,#1399,#1400,#1401));
#317=EDGE_LOOP('',(#1402,#1403,#1404,#1405,#1406,#1407,#1408,#1409,#1410));
#318=EDGE_LOOP('',(#1411,#1412,#1413,#1414));
#319=EDGE_LOOP('',(#1415,#1416,#1417,#1418));
#320=EDGE_LOOP('',(#1419,#1420,#1421,#1422,#1423,#1424,#1425,#1426,#1427,
#1428,#1429,#1430,#1431,#1432,#1433,#1434));
#321=EDGE_LOOP('',(#1435,#1436,#1437,#1438));
#322=EDGE_LOOP('',(#1439,#1440,#1441,#1442,#1443,#1444));
#323=EDGE_LOOP('',(#1445,#1446,#1447,#1448,#1449,#1450));
#324=EDGE_LOOP('',(#1451,#1452,#1453,#1454));
#325=EDGE_LOOP('',(#1455,#1456,#1457,#1458));
#326=EDGE_LOOP('',(#1459,#1460,#1461,#1462));
#327=EDGE_LOOP('',(#1463,#1464,#1465,#1466));
#328=EDGE_LOOP('',(#1467,#1468,#1469,#1470,#1471,#1472));
#329=EDGE_LOOP('',(#1473));
#330=EDGE_LOOP('',(#1474,#1475,#1476,#1477,#1478,#1479,#1480,#1481,#1482,
#1483,#1484,#1485,#1486,#1487,#1488,#1489));
#331=EDGE_LOOP('',(#1490,#1491,#1492,#1493));
#332=EDGE_LOOP('',(#1494,#1495,#1496,#1497));
#333=EDGE_LOOP('',(#1498,#1499,#1500,#1501,#1502,#1503));
#334=EDGE_LOOP('',(#1504,#1505,#1506,#1507));
#335=EDGE_LOOP('',(#1508,#1509,#1510,#1511));
#336=EDGE_LOOP('',(#1512,#1513,#1514,#1515));
#337=EDGE_LOOP('',(#1516,#1517,#1518,#1519));
#338=EDGE_LOOP('',(#1520,#1521,#1522,#1523,#1524,#1525,#1526,#1527,#1528));
#339=EDGE_LOOP('',(#1529,#1530,#1531,#1532,#1533,#1534));
#340=EDGE_LOOP('',(#1535,#1536,#1537,#1538,#1539,#1540));
#341=EDGE_LOOP('',(#1541,#1542,#1543,#1544,#1545,#1546));
#342=EDGE_LOOP('',(#1547));
#343=EDGE_LOOP('',(#1548,#1549,#1550,#1551));
#344=EDGE_LOOP('',(#1552,#1553,#1554,#1555,#1556,#1557,#1558,#1559,#1560));
#345=EDGE_LOOP('',(#1561,#1562,#1563,#1564,#1565,#1566,#1567,#1568,#1569));
#346=EDGE_LOOP('',(#1570,#1571,#1572,#1573));
#347=EDGE_LOOP('',(#1574,#1575,#1576,#1577));
#348=EDGE_LOOP('',(#1578,#1579,#1580,#1581,#1582,#1583));
#349=EDGE_LOOP('',(#1584,#1585,#1586,#1587));
#350=EDGE_LOOP('',(#1588,#1589,#1590,#1591));
#351=EDGE_LOOP('',(#1592,#1593,#1594,#1595,#1596,#1597,#1598,#1599,#1600,
#1601,#1602,#1603,#1604,#1605,#1606));
#352=EDGE_LOOP('',(#1607,#1608,#1609,#1610,#1611,#1612,#1613,#1614));
#353=EDGE_LOOP('',(#1615));
#354=EDGE_LOOP('',(#1616));
#355=EDGE_LOOP('',(#1617));
#356=EDGE_LOOP('',(#1618));
#357=ELLIPSE('',#1771,2.12985059520264,1.5);
#358=ELLIPSE('',#1773,2.12985059520264,1.5);
#359=ELLIPSE('',#1776,2.12132034355963,1.5);
#360=ELLIPSE('',#1779,2.12132034355964,1.5);
#361=B_SPLINE_CURVE_WITH_KNOTS('',3,(#2489,#2490,#2491,#2492,#2493,#2494,
#2495,#2496,#2497,#2498,#2499,#2500,#2501,#2502,#2503,#2504,#2505,#2506,
#2507,#2508,#2509,#2510,#2511,#2512,#2513,#2514,#2515,#2516,#2517,#2518,
#2519,#2520,#2521,#2522,#2523,#2524,#2525,#2526,#2527,#2528),
 .UNSPECIFIED.,.F.,.F.,(4,3,3,3,3,3,3,3,3,3,3,3,3,4),(0.,0.120197069991715,
0.240389876219842,0.360578758341295,0.480764055896006,0.600946108316929,
0.722179928202057,0.842381850602199,0.96257487016958,1.082760345639,1.20477442607874,
1.32496769596424,1.4478921816811,1.57081666739795),.UNSPECIFIED.);
#362=B_SPLINE_CURVE_WITH_KNOTS('',3,(#2536,#2537,#2538,#2539,#2540,#2541),
 .UNSPECIFIED.,.F.,.F.,(4,2,4),(0.855430838307669,0.92963969169203,1.00192453897517),
 .UNSPECIFIED.);
#363=B_SPLINE_CURVE_WITH_KNOTS('',3,(#2548,#2549,#2550,#2551,#2552,#2553,
#2554,#2555),.UNSPECIFIED.,.F.,.F.,(4,2,2,4),(0.0841833997958195,0.110067706054114,
0.18914323919016,0.268218772326206),.UNSPECIFIED.);
#364=B_SPLINE_CURVE_WITH_KNOTS('',3,(#2565,#2566,#2567,#2568,#2569,#2570,
#2571,#2572),.UNSPECIFIED.,.F.,.F.,(4,2,2,4),(-0.544891167744704,-0.496279007786911,
-0.372209255840183,-0.307490473499789),.UNSPECIFIED.);
#365=B_SPLINE_CURVE_WITH_KNOTS('',3,(#2575,#2576,#2577,#2578,#2579,#2580,
#2581,#2582,#2583,#2584),.UNSPECIFIED.,.F.,.F.,(4,2,2,2,4),(0.307490473499789,
0.372209255840183,0.496279007786911,0.547996951363769,0.578377524972935),
 .UNSPECIFIED.);
#366=B_SPLINE_CURVE_WITH_KNOTS('',3,(#2915,#2916,#2917,#2918,#2919,#2920,
#2921,#2922,#2923,#2924,#2925),.UNSPECIFIED.,.F.,.F.,(4,2,3,2,4),(-0.0701428182206324,
-0.0567515064430645,0.,0.0567515064430645,0.0701428182206321),
 .UNSPECIFIED.);
#367=B_SPLINE_CURVE_WITH_KNOTS('',3,(#2931,#2932,#2933,#2934,#2935,#2936,
#2937,#2938,#2939,#2940),.UNSPECIFIED.,.F.,.F.,(4,2,2,2,4),(0.383234469192381,
0.434885809782711,0.491815694080322,0.548745578377933,0.600396918968263),
 .UNSPECIFIED.);
#368=B_SPLINE_CURVE_WITH_KNOTS('',3,(#2947,#2948,#2949,#2950,#2951,#2952,
#2953,#2954,#2955,#2956,#2957),.UNSPECIFIED.,.F.,.F.,(4,2,3,2,4),(-0.0701428485888412,
-0.0567515065666901,0.,0.05675150656669,0.0701428485888411),
 .UNSPECIFIED.);
#369=B_SPLINE_CURVE_WITH_KNOTS('',3,(#2963,#2964,#2965,#2966,#2967,#2968,
#2969,#2970,#2971,#2972),.UNSPECIFIED.,.F.,.F.,(4,2,2,2,4),(0.383234435605037,
0.434885797899477,0.491815682306585,0.548745566713692,0.600396929008132),
 .UNSPECIFIED.);
#370=B_SPLINE_CURVE_WITH_KNOTS('',3,(#3053,#3054,#3055,#3056,#3057,#3058,
#3059,#3060,#3061,#3062,#3063,#3064,#3065,#3066,#3067),.UNSPECIFIED.,.F.,
 .F.,(4,2,2,3,2,2,4),(1.01775046859134,1.01997644347464,1.0844170240807,
1.14885760468676,1.21329818529283,1.27773876589889,1.27996474078229),
 .UNSPECIFIED.);
#371=LINE('',#2487,#521);
#372=LINE('',#2530,#522);
#373=LINE('',#2534,#523);
#374=LINE('',#2544,#524);
#375=LINE('',#2557,#525);
#376=LINE('',#2561,#526);
#377=LINE('',#2574,#527);
#378=LINE('',#2585,#528);
#379=LINE('',#2588,#529);
#380=LINE('',#2590,#530);
#381=LINE('',#2594,#531);
#382=LINE('',#2597,#532);
#383=LINE('',#2602,#533);
#384=LINE('',#2606,#534);
#385=LINE('',#2608,#535);
#386=LINE('',#2609,#536);
#387=LINE('',#2612,#537);
#388=LINE('',#2613,#538);
#389=LINE('',#2616,#539);
#390=LINE('',#2617,#540);
#391=LINE('',#2620,#541);
#392=LINE('',#2621,#542);
#393=LINE('',#2624,#543);
#394=LINE('',#2626,#544);
#395=LINE('',#2627,#545);
#396=LINE('',#2630,#546);
#397=LINE('',#2632,#547);
#398=LINE('',#2633,#548);
#399=LINE('',#2635,#549);
#400=LINE('',#2637,#550);
#401=LINE('',#2638,#551);
#402=LINE('',#2641,#552);
#403=LINE('',#2642,#553);
#404=LINE('',#2644,#554);
#405=LINE('',#2651,#555);
#406=LINE('',#2654,#556);
#407=LINE('',#2657,#557);
#408=LINE('',#2659,#558);
#409=LINE('',#2660,#559);
#410=LINE('',#2663,#560);
#411=LINE('',#2665,#561);
#412=LINE('',#2671,#562);
#413=LINE('',#2673,#563);
#414=LINE('',#2678,#564);
#415=LINE('',#2687,#565);
#416=LINE('',#2692,#566);
#417=LINE('',#2698,#567);
#418=LINE('',#2701,#568);
#419=LINE('',#2704,#569);
#420=LINE('',#2708,#570);
#421=LINE('',#2710,#571);
#422=LINE('',#2711,#572);
#423=LINE('',#2716,#573);
#424=LINE('',#2717,#574);
#425=LINE('',#2721,#575);
#426=LINE('',#2727,#576);
#427=LINE('',#2730,#577);
#428=LINE('',#2733,#578);
#429=LINE('',#2737,#579);
#430=LINE('',#2739,#580);
#431=LINE('',#2740,#581);
#432=LINE('',#2745,#582);
#433=LINE('',#2746,#583);
#434=LINE('',#2750,#584);
#435=LINE('',#2756,#585);
#436=LINE('',#2759,#586);
#437=LINE('',#2762,#587);
#438=LINE('',#2766,#588);
#439=LINE('',#2768,#589);
#440=LINE('',#2774,#590);
#441=LINE('',#2775,#591);
#442=LINE('',#2778,#592);
#443=LINE('',#2779,#593);
#444=LINE('',#2783,#594);
#445=LINE('',#2789,#595);
#446=LINE('',#2792,#596);
#447=LINE('',#2795,#597);
#448=LINE('',#2799,#598);
#449=LINE('',#2803,#599);
#450=LINE('',#2806,#600);
#451=LINE('',#2809,#601);
#452=LINE('',#2813,#602);
#453=LINE('',#2817,#603);
#454=LINE('',#2821,#604);
#455=LINE('',#2825,#605);
#456=LINE('',#2827,#606);
#457=LINE('',#2829,#607);
#458=LINE('',#2830,#608);
#459=LINE('',#2833,#609);
#460=LINE('',#2835,#610);
#461=LINE('',#2837,#611);
#462=LINE('',#2838,#612);
#463=LINE('',#2847,#613);
#464=LINE('',#2849,#614);
#465=LINE('',#2850,#615);
#466=LINE('',#2852,#616);
#467=LINE('',#2858,#617);
#468=LINE('',#2859,#618);
#469=LINE('',#2863,#619);
#470=LINE('',#2865,#620);
#471=LINE('',#2868,#621);
#472=LINE('',#2870,#622);
#473=LINE('',#2873,#623);
#474=LINE('',#2876,#624);
#475=LINE('',#2879,#625);
#476=LINE('',#2882,#626);
#477=LINE('',#2885,#627);
#478=LINE('',#2886,#628);
#479=LINE('',#2889,#629);
#480=LINE('',#2893,#630);
#481=LINE('',#2894,#631);
#482=LINE('',#2897,#632);
#483=LINE('',#2901,#633);
#484=LINE('',#2902,#634);
#485=LINE('',#2905,#635);
#486=LINE('',#2908,#636);
#487=LINE('',#2911,#637);
#488=LINE('',#2930,#638);
#489=LINE('',#2943,#639);
#490=LINE('',#2962,#640);
#491=LINE('',#2975,#641);
#492=LINE('',#2976,#642);
#493=LINE('',#2978,#643);
#494=LINE('',#2979,#644);
#495=LINE('',#2982,#645);
#496=LINE('',#2983,#646);
#497=LINE('',#2985,#647);
#498=LINE('',#2986,#648);
#499=LINE('',#2992,#649);
#500=LINE('',#2995,#650);
#501=LINE('',#3000,#651);
#502=LINE('',#3004,#652);
#503=LINE('',#3020,#653);
#504=LINE('',#3023,#654);
#505=LINE('',#3027,#655);
#506=LINE('',#3033,#656);
#507=LINE('',#3038,#657);
#508=LINE('',#3044,#658);
#509=LINE('',#3050,#659);
#510=LINE('',#3069,#660);
#511=LINE('',#3073,#661);
#512=LINE('',#3079,#662);
#513=LINE('',#3080,#663);
#514=LINE('',#3087,#664);
#515=LINE('',#3097,#665);
#516=LINE('',#3104,#666);
#517=LINE('',#3108,#667);
#518=LINE('',#3112,#668);
#519=LINE('',#3116,#669);
#520=LINE('',#3119,#670);
#521=VECTOR('',#1961,10.);
#522=VECTOR('',#1962,10.);
#523=VECTOR('',#1967,10.);
#524=VECTOR('',#1970,10.);
#525=VECTOR('',#1973,10.);
#526=VECTOR('',#1976,10.);
#527=VECTOR('',#1981,10.);
#528=VECTOR('',#1982,10.);
#529=VECTOR('',#1985,10.);
#530=VECTOR('',#1986,10.);
#531=VECTOR('',#1991,10.);
#532=VECTOR('',#1994,10.);
#533=VECTOR('',#1999,10.);
#534=VECTOR('',#2004,10.);
#535=VECTOR('',#2005,10.);
#536=VECTOR('',#2006,10.);
#537=VECTOR('',#2009,10.);
#538=VECTOR('',#2010,10.);
#539=VECTOR('',#2013,10.);
#540=VECTOR('',#2014,10.);
#541=VECTOR('',#2017,10.);
#542=VECTOR('',#2018,10.);
#543=VECTOR('',#2021,10.);
#544=VECTOR('',#2022,10.);
#545=VECTOR('',#2023,10.);
#546=VECTOR('',#2026,10.);
#547=VECTOR('',#2027,10.);
#548=VECTOR('',#2028,10.);
#549=VECTOR('',#2031,10.);
#550=VECTOR('',#2032,10.);
#551=VECTOR('',#2033,10.);
#552=VECTOR('',#2036,10.);
#553=VECTOR('',#2037,10.);
#554=VECTOR('',#2040,10.);
#555=VECTOR('',#2047,10.);
#556=VECTOR('',#2050,10.);
#557=VECTOR('',#2053,10.);
#558=VECTOR('',#2054,10.);
#559=VECTOR('',#2055,10.);
#560=VECTOR('',#2058,10.);
#561=VECTOR('',#2059,10.);
#562=VECTOR('',#2064,10.);
#563=VECTOR('',#2065,10.);
#564=VECTOR('',#2072,10.);
#565=VECTOR('',#2081,10.);
#566=VECTOR('',#2086,10.);
#567=VECTOR('',#2091,10.);
#568=VECTOR('',#2094,10.);
#569=VECTOR('',#2097,10.);
#570=VECTOR('',#2100,10.);
#571=VECTOR('',#2101,10.);
#572=VECTOR('',#2102,10.);
#573=VECTOR('',#2107,10.);
#574=VECTOR('',#2108,10.);
#575=VECTOR('',#2113,10.);
#576=VECTOR('',#2118,10.);
#577=VECTOR('',#2121,10.);
#578=VECTOR('',#2124,10.);
#579=VECTOR('',#2127,10.);
#580=VECTOR('',#2128,10.);
#581=VECTOR('',#2129,10.);
#582=VECTOR('',#2134,10.);
#583=VECTOR('',#2135,10.);
#584=VECTOR('',#2140,10.);
#585=VECTOR('',#2145,10.);
#586=VECTOR('',#2148,10.);
#587=VECTOR('',#2151,10.);
#588=VECTOR('',#2154,10.);
#589=VECTOR('',#2155,10.);
#590=VECTOR('',#2160,10.);
#591=VECTOR('',#2161,10.);
#592=VECTOR('',#2164,10.);
#593=VECTOR('',#2165,10.);
#594=VECTOR('',#2170,10.);
#595=VECTOR('',#2175,10.);
#596=VECTOR('',#2178,10.);
#597=VECTOR('',#2181,10.);
#598=VECTOR('',#2184,10.);
#599=VECTOR('',#2187,10.);
#600=VECTOR('',#2190,10.);
#601=VECTOR('',#2191,10.);
#602=VECTOR('',#2194,10.);
#603=VECTOR('',#2197,10.);
#604=VECTOR('',#2200,10.);
#605=VECTOR('',#2203,10.);
#606=VECTOR('',#2204,10.);
#607=VECTOR('',#2205,10.);
#608=VECTOR('',#2206,10.);
#609=VECTOR('',#2207,10.);
#610=VECTOR('',#2208,10.);
#611=VECTOR('',#2209,10.);
#612=VECTOR('',#2210,10.);
#613=VECTOR('',#2217,10.);
#614=VECTOR('',#2218,10.);
#615=VECTOR('',#2219,10.);
#616=VECTOR('',#2220,10.);
#617=VECTOR('',#2227,10.);
#618=VECTOR('',#2228,10.);
#619=VECTOR('',#2233,10.);
#620=VECTOR('',#2236,10.);
#621=VECTOR('',#2239,10.);
#622=VECTOR('',#2242,10.);
#623=VECTOR('',#2245,10.);
#624=VECTOR('',#2250,10.);
#625=VECTOR('',#2253,10.);
#626=VECTOR('',#2256,10.);
#627=VECTOR('',#2259,10.);
#628=VECTOR('',#2260,10.);
#629=VECTOR('',#2263,10.);
#630=VECTOR('',#2268,10.);
#631=VECTOR('',#2269,10.);
#632=VECTOR('',#2272,10.);
#633=VECTOR('',#2277,10.);
#634=VECTOR('',#2278,10.);
#635=VECTOR('',#2281,10.);
#636=VECTOR('',#2286,10.);
#637=VECTOR('',#2289,1.5);
#638=VECTOR('',#2298,1.5);
#639=VECTOR('',#2301,1.5);
#640=VECTOR('',#2310,1.5);
#641=VECTOR('',#2313,10.);
#642=VECTOR('',#2314,10.);
#643=VECTOR('',#2315,10.);
#644=VECTOR('',#2316,10.);
#645=VECTOR('',#2319,10.);
#646=VECTOR('',#2320,10.);
#647=VECTOR('',#2321,10.);
#648=VECTOR('',#2322,10.);
#649=VECTOR('',#2327,10.);
#650=VECTOR('',#2330,10.);
#651=VECTOR('',#2335,10.);
#652=VECTOR('',#2342,10.);
#653=VECTOR('',#2363,10.);
#654=VECTOR('',#2366,10.);
#655=VECTOR('',#2371,10.);
#656=VECTOR('',#2380,10.);
#657=VECTOR('',#2389,10.);
#658=VECTOR('',#2396,10.);
#659=VECTOR('',#2403,10.);
#660=VECTOR('',#2408,10.);
#661=VECTOR('',#2413,10.);
#662=VECTOR('',#2420,10.);
#663=VECTOR('',#2421,10.);
#664=VECTOR('',#2430,10.);
#665=VECTOR('',#2449,10.);
#666=VECTOR('',#2460,1.5);
#667=VECTOR('',#2465,1.5);
#668=VECTOR('',#2470,1.5);
#669=VECTOR('',#2475,1.5);
#670=VECTOR('',#2480,10.);
#671=VERTEX_POINT('',#2485);
#672=VERTEX_POINT('',#2486);
#673=VERTEX_POINT('',#2488);
#674=VERTEX_POINT('',#2529);
#675=VERTEX_POINT('',#2533);
#676=VERTEX_POINT('',#2535);
#677=VERTEX_POINT('',#2542);
#678=VERTEX_POINT('',#2546);
#679=VERTEX_POINT('',#2547);
#680=VERTEX_POINT('',#2556);
#681=VERTEX_POINT('',#2558);
#682=VERTEX_POINT('',#2560);
#683=VERTEX_POINT('',#2564);
#684=VERTEX_POINT('',#2573);
#685=VERTEX_POINT('',#2587);
#686=VERTEX_POINT('',#2589);
#687=VERTEX_POINT('',#2593);
#688=VERTEX_POINT('',#2595);
#689=VERTEX_POINT('',#2599);
#690=VERTEX_POINT('',#2601);
#691=VERTEX_POINT('',#2605);
#692=VERTEX_POINT('',#2607);
#693=VERTEX_POINT('',#2611);
#694=VERTEX_POINT('',#2615);
#695=VERTEX_POINT('',#2619);
#696=VERTEX_POINT('',#2623);
#697=VERTEX_POINT('',#2625);
#698=VERTEX_POINT('',#2629);
#699=VERTEX_POINT('',#2631);
#700=VERTEX_POINT('',#2636);
#701=VERTEX_POINT('',#2640);
#702=VERTEX_POINT('',#2647);
#703=VERTEX_POINT('',#2648);
#704=VERTEX_POINT('',#2650);
#705=VERTEX_POINT('',#2652);
#706=VERTEX_POINT('',#2656);
#707=VERTEX_POINT('',#2658);
#708=VERTEX_POINT('',#2662);
#709=VERTEX_POINT('',#2664);
#710=VERTEX_POINT('',#2666);
#711=VERTEX_POINT('',#2668);
#712=VERTEX_POINT('',#2670);
#713=VERTEX_POINT('',#2672);
#714=VERTEX_POINT('',#2676);
#715=VERTEX_POINT('',#2680);
#716=VERTEX_POINT('',#2682);
#717=VERTEX_POINT('',#2684);
#718=VERTEX_POINT('',#2686);
#719=VERTEX_POINT('',#2688);
#720=VERTEX_POINT('',#2690);
#721=VERTEX_POINT('',#2694);
#722=VERTEX_POINT('',#2695);
#723=VERTEX_POINT('',#2697);
#724=VERTEX_POINT('',#2699);
#725=VERTEX_POINT('',#2703);
#726=VERTEX_POINT('',#2705);
#727=VERTEX_POINT('',#2707);
#728=VERTEX_POINT('',#2709);
#729=VERTEX_POINT('',#2712);
#730=VERTEX_POINT('',#2715);
#731=VERTEX_POINT('',#2719);
#732=VERTEX_POINT('',#2723);
#733=VERTEX_POINT('',#2724);
#734=VERTEX_POINT('',#2726);
#735=VERTEX_POINT('',#2728);
#736=VERTEX_POINT('',#2732);
#737=VERTEX_POINT('',#2734);
#738=VERTEX_POINT('',#2736);
#739=VERTEX_POINT('',#2738);
#740=VERTEX_POINT('',#2741);
#741=VERTEX_POINT('',#2744);
#742=VERTEX_POINT('',#2748);
#743=VERTEX_POINT('',#2752);
#744=VERTEX_POINT('',#2753);
#745=VERTEX_POINT('',#2755);
#746=VERTEX_POINT('',#2757);
#747=VERTEX_POINT('',#2761);
#748=VERTEX_POINT('',#2763);
#749=VERTEX_POINT('',#2765);
#750=VERTEX_POINT('',#2767);
#751=VERTEX_POINT('',#2769);
#752=VERTEX_POINT('',#2771);
#753=VERTEX_POINT('',#2773);
#754=VERTEX_POINT('',#2777);
#755=VERTEX_POINT('',#2781);
#756=VERTEX_POINT('',#2785);
#757=VERTEX_POINT('',#2786);
#758=VERTEX_POINT('',#2788);
#759=VERTEX_POINT('',#2790);
#760=VERTEX_POINT('',#2794);
#761=VERTEX_POINT('',#2796);
#762=VERTEX_POINT('',#2798);
#763=VERTEX_POINT('',#2800);
#764=VERTEX_POINT('',#2802);
#765=VERTEX_POINT('',#2804);
#766=VERTEX_POINT('',#2807);
#767=VERTEX_POINT('',#2808);
#768=VERTEX_POINT('',#2810);
#769=VERTEX_POINT('',#2812);
#770=VERTEX_POINT('',#2814);
#771=VERTEX_POINT('',#2816);
#772=VERTEX_POINT('',#2818);
#773=VERTEX_POINT('',#2820);
#774=VERTEX_POINT('',#2823);
#775=VERTEX_POINT('',#2824);
#776=VERTEX_POINT('',#2826);
#777=VERTEX_POINT('',#2828);
#778=VERTEX_POINT('',#2831);
#779=VERTEX_POINT('',#2832);
#780=VERTEX_POINT('',#2834);
#781=VERTEX_POINT('',#2836);
#782=VERTEX_POINT('',#2839);
#783=VERTEX_POINT('',#2841);
#784=VERTEX_POINT('',#2843);
#785=VERTEX_POINT('',#2845);
#786=VERTEX_POINT('',#2846);
#787=VERTEX_POINT('',#2848);
#788=VERTEX_POINT('',#2851);
#789=VERTEX_POINT('',#2853);
#790=VERTEX_POINT('',#2857);
#791=VERTEX_POINT('',#2861);
#792=VERTEX_POINT('',#2866);
#793=VERTEX_POINT('',#2872);
#794=VERTEX_POINT('',#2878);
#795=VERTEX_POINT('',#2880);
#796=VERTEX_POINT('',#2884);
#797=VERTEX_POINT('',#2888);
#798=VERTEX_POINT('',#2892);
#799=VERTEX_POINT('',#2896);
#800=VERTEX_POINT('',#2900);
#801=VERTEX_POINT('',#2904);
#802=VERTEX_POINT('',#2910);
#803=VERTEX_POINT('',#2912);
#804=VERTEX_POINT('',#2914);
#805=VERTEX_POINT('',#2928);
#806=VERTEX_POINT('',#2942);
#807=VERTEX_POINT('',#2944);
#808=VERTEX_POINT('',#2946);
#809=VERTEX_POINT('',#2960);
#810=VERTEX_POINT('',#2974);
#811=VERTEX_POINT('',#2977);
#812=VERTEX_POINT('',#2981);
#813=VERTEX_POINT('',#2984);
#814=VERTEX_POINT('',#2988);
#815=VERTEX_POINT('',#2989);
#816=VERTEX_POINT('',#2991);
#817=VERTEX_POINT('',#2993);
#818=VERTEX_POINT('',#2997);
#819=VERTEX_POINT('',#2999);
#820=VERTEX_POINT('',#3005);
#821=VERTEX_POINT('',#3007);
#822=VERTEX_POINT('',#3010);
#823=VERTEX_POINT('',#3012);
#824=VERTEX_POINT('',#3018);
#825=VERTEX_POINT('',#3022);
#826=VERTEX_POINT('',#3026);
#827=VERTEX_POINT('',#3032);
#828=VERTEX_POINT('',#3041);
#829=VERTEX_POINT('',#3043);
#830=VERTEX_POINT('',#3047);
#831=VERTEX_POINT('',#3049);
#832=VERTEX_POINT('',#3068);
#833=VERTEX_POINT('',#3072);
#834=VERTEX_POINT('',#3076);
#835=VERTEX_POINT('',#3077);
#836=VERTEX_POINT('',#3084);
#837=VERTEX_POINT('',#3086);
#838=VERTEX_POINT('',#3103);
#839=VERTEX_POINT('',#3107);
#840=VERTEX_POINT('',#3111);
#841=VERTEX_POINT('',#3115);
#842=EDGE_CURVE('',#671,#672,#371,.T.);
#843=EDGE_CURVE('',#672,#673,#361,.T.);
#844=EDGE_CURVE('',#673,#674,#372,.T.);
#845=EDGE_CURVE('',#674,#671,#357,.T.);
#846=EDGE_CURVE('',#672,#675,#373,.T.);
#847=EDGE_CURVE('',#676,#675,#362,.F.);
#848=EDGE_CURVE('',#676,#677,#358,.T.);
#849=EDGE_CURVE('',#677,#673,#374,.T.);
#850=EDGE_CURVE('',#678,#679,#363,.F.);
#851=EDGE_CURVE('',#678,#680,#375,.T.);
#852=EDGE_CURVE('',#680,#681,#70,.T.);
#853=EDGE_CURVE('',#681,#682,#376,.T.);
#854=EDGE_CURVE('',#682,#679,#359,.T.);
#855=EDGE_CURVE('',#683,#676,#364,.F.);
#856=EDGE_CURVE('',#683,#684,#377,.T.);
#857=EDGE_CURVE('',#679,#684,#365,.F.);
#858=EDGE_CURVE('',#682,#677,#378,.T.);
#859=EDGE_CURVE('',#685,#671,#379,.T.);
#860=EDGE_CURVE('',#674,#686,#380,.T.);
#861=EDGE_CURVE('',#686,#685,#360,.T.);
#862=EDGE_CURVE('',#686,#687,#381,.T.);
#863=EDGE_CURVE('',#687,#688,#71,.T.);
#864=EDGE_CURVE('',#688,#685,#382,.T.);
#865=EDGE_CURVE('',#689,#683,#72,.T.);
#866=EDGE_CURVE('',#689,#690,#383,.T.);
#867=EDGE_CURVE('',#684,#690,#73,.T.);
#868=EDGE_CURVE('',#677,#691,#384,.T.);
#869=EDGE_CURVE('',#692,#691,#385,.T.);
#870=EDGE_CURVE('',#673,#692,#386,.T.);
#871=EDGE_CURVE('',#693,#692,#387,.T.);
#872=EDGE_CURVE('',#674,#693,#388,.T.);
#873=EDGE_CURVE('',#694,#693,#389,.T.);
#874=EDGE_CURVE('',#686,#694,#390,.T.);
#875=EDGE_CURVE('',#695,#694,#391,.T.);
#876=EDGE_CURVE('',#687,#695,#392,.T.);
#877=EDGE_CURVE('',#688,#696,#393,.T.);
#878=EDGE_CURVE('',#697,#695,#394,.T.);
#879=EDGE_CURVE('',#696,#697,#395,.T.);
#880=EDGE_CURVE('',#696,#698,#396,.T.);
#881=EDGE_CURVE('',#699,#697,#397,.T.);
#882=EDGE_CURVE('',#698,#699,#398,.T.);
#883=EDGE_CURVE('',#698,#680,#399,.T.);
#884=EDGE_CURVE('',#700,#699,#400,.T.);
#885=EDGE_CURVE('',#681,#700,#401,.T.);
#886=EDGE_CURVE('',#701,#700,#402,.T.);
#887=EDGE_CURVE('',#682,#701,#403,.T.);
#888=EDGE_CURVE('',#691,#701,#404,.T.);
#889=EDGE_CURVE('',#702,#703,#74,.T.);
#890=EDGE_CURVE('',#703,#704,#405,.T.);
#891=EDGE_CURVE('',#704,#705,#75,.T.);
#892=EDGE_CURVE('',#705,#702,#406,.T.);
#893=EDGE_CURVE('',#706,#705,#407,.T.);
#894=EDGE_CURVE('',#707,#706,#408,.T.);
#895=EDGE_CURVE('',#707,#702,#409,.T.);
#896=EDGE_CURVE('',#708,#704,#410,.T.);
#897=EDGE_CURVE('',#709,#708,#411,.T.);
#898=EDGE_CURVE('',#709,#710,#76,.T.);
#899=EDGE_CURVE('',#710,#711,#77,.T.);
#900=EDGE_CURVE('',#712,#711,#412,.T.);
#901=EDGE_CURVE('',#712,#713,#413,.T.);
#902=EDGE_CURVE('',#706,#713,#78,.T.);
#903=EDGE_CURVE('',#714,#707,#79,.T.);
#904=EDGE_CURVE('',#713,#714,#414,.T.);
#905=EDGE_CURVE('',#715,#712,#80,.T.);
#906=EDGE_CURVE('',#716,#715,#81,.T.);
#907=EDGE_CURVE('',#717,#716,#82,.T.);
#908=EDGE_CURVE('',#718,#717,#415,.T.);
#909=EDGE_CURVE('',#719,#718,#83,.T.);
#910=EDGE_CURVE('',#720,#719,#84,.T.);
#911=EDGE_CURVE('',#714,#720,#416,.T.);
#912=EDGE_CURVE('',#721,#722,#85,.T.);
#913=EDGE_CURVE('',#722,#723,#417,.T.);
#914=EDGE_CURVE('',#723,#724,#86,.T.);
#915=EDGE_CURVE('',#724,#721,#418,.T.);
#916=EDGE_CURVE('',#723,#725,#419,.T.);
#917=EDGE_CURVE('',#726,#725,#87,.T.);
#918=EDGE_CURVE('',#727,#726,#420,.T.);
#919=EDGE_CURVE('',#728,#727,#421,.T.);
#920=EDGE_CURVE('',#728,#724,#422,.T.);
#921=EDGE_CURVE('',#729,#729,#88,.T.);
#922=EDGE_CURVE('',#722,#730,#423,.T.);
#923=EDGE_CURVE('',#725,#730,#424,.T.);
#924=EDGE_CURVE('',#730,#731,#89,.T.);
#925=EDGE_CURVE('',#731,#726,#425,.T.);
#926=EDGE_CURVE('',#732,#733,#90,.T.);
#927=EDGE_CURVE('',#733,#734,#426,.T.);
#928=EDGE_CURVE('',#734,#735,#91,.T.);
#929=EDGE_CURVE('',#735,#732,#427,.T.);
#930=EDGE_CURVE('',#734,#736,#428,.T.);
#931=EDGE_CURVE('',#737,#736,#92,.T.);
#932=EDGE_CURVE('',#738,#737,#429,.T.);
#933=EDGE_CURVE('',#739,#738,#430,.T.);
#934=EDGE_CURVE('',#739,#735,#431,.T.);
#935=EDGE_CURVE('',#740,#740,#93,.T.);
#936=EDGE_CURVE('',#733,#741,#432,.T.);
#937=EDGE_CURVE('',#736,#741,#433,.T.);
#938=EDGE_CURVE('',#741,#742,#94,.T.);
#939=EDGE_CURVE('',#742,#737,#434,.T.);
#940=EDGE_CURVE('',#743,#744,#95,.T.);
#941=EDGE_CURVE('',#744,#745,#435,.T.);
#942=EDGE_CURVE('',#745,#746,#96,.T.);
#943=EDGE_CURVE('',#746,#743,#436,.T.);
#944=EDGE_CURVE('',#745,#747,#437,.T.);
#945=EDGE_CURVE('',#748,#747,#97,.T.);
#946=EDGE_CURVE('',#749,#748,#438,.T.);
#947=EDGE_CURVE('',#750,#749,#439,.T.);
#948=EDGE_CURVE('',#750,#751,#98,.T.);
#949=EDGE_CURVE('',#751,#752,#99,.T.);
#950=EDGE_CURVE('',#753,#752,#440,.T.);
#951=EDGE_CURVE('',#753,#746,#441,.T.);
#952=EDGE_CURVE('',#744,#754,#442,.T.);
#953=EDGE_CURVE('',#747,#754,#443,.T.);
#954=EDGE_CURVE('',#754,#755,#100,.T.);
#955=EDGE_CURVE('',#755,#748,#444,.T.);
#956=EDGE_CURVE('',#756,#757,#101,.T.);
#957=EDGE_CURVE('',#757,#758,#445,.T.);
#958=EDGE_CURVE('',#758,#759,#102,.T.);
#959=EDGE_CURVE('',#759,#756,#446,.T.);
#960=EDGE_CURVE('',#756,#760,#447,.T.);
#961=EDGE_CURVE('',#761,#760,#103,.T.);
#962=EDGE_CURVE('',#761,#762,#448,.T.);
#963=EDGE_CURVE('',#763,#762,#104,.T.);
#964=EDGE_CURVE('',#763,#764,#449,.T.);
#965=EDGE_CURVE('',#765,#764,#105,.T.);
#966=EDGE_CURVE('',#765,#757,#450,.T.);
#967=EDGE_CURVE('',#766,#767,#451,.T.);
#968=EDGE_CURVE('',#768,#767,#106,.T.);
#969=EDGE_CURVE('',#768,#769,#452,.T.);
#970=EDGE_CURVE('',#770,#769,#107,.T.);
#971=EDGE_CURVE('',#770,#771,#453,.T.);
#972=EDGE_CURVE('',#772,#771,#108,.T.);
#973=EDGE_CURVE('',#772,#773,#454,.T.);
#974=EDGE_CURVE('',#766,#773,#109,.T.);
#975=EDGE_CURVE('',#774,#775,#455,.T.);
#976=EDGE_CURVE('',#776,#775,#456,.T.);
#977=EDGE_CURVE('',#776,#777,#457,.T.);
#978=EDGE_CURVE('',#774,#777,#458,.T.);
#979=EDGE_CURVE('',#778,#779,#459,.T.);
#980=EDGE_CURVE('',#779,#780,#460,.T.);
#981=EDGE_CURVE('',#780,#781,#461,.T.);
#982=EDGE_CURVE('',#778,#781,#462,.T.);
#983=EDGE_CURVE('',#782,#782,#110,.T.);
#984=EDGE_CURVE('',#783,#783,#111,.T.);
#985=EDGE_CURVE('',#784,#784,#112,.T.);
#986=EDGE_CURVE('',#785,#786,#463,.T.);
#987=EDGE_CURVE('',#785,#787,#464,.T.);
#988=EDGE_CURVE('',#787,#718,#465,.T.);
#989=EDGE_CURVE('',#788,#717,#466,.T.);
#990=EDGE_CURVE('',#788,#789,#113,.T.);
#991=EDGE_CURVE('',#789,#786,#114,.T.);
#992=EDGE_CURVE('',#759,#790,#467,.T.);
#993=EDGE_CURVE('',#760,#790,#468,.T.);
#994=EDGE_CURVE('',#790,#791,#115,.T.);
#995=EDGE_CURVE('',#791,#761,#469,.T.);
#996=EDGE_CURVE('',#764,#689,#470,.T.);
#997=EDGE_CURVE('',#675,#792,#116,.T.);
#998=EDGE_CURVE('',#792,#765,#471,.T.);
#999=EDGE_CURVE('',#690,#763,#472,.T.);
#1000=EDGE_CURVE('',#762,#793,#473,.T.);
#1001=EDGE_CURVE('',#793,#678,#117,.T.);
#1002=EDGE_CURVE('',#793,#791,#474,.T.);
#1003=EDGE_CURVE('',#769,#794,#475,.T.);
#1004=EDGE_CURVE('',#794,#795,#118,.T.);
#1005=EDGE_CURVE('',#795,#770,#476,.T.);
#1006=EDGE_CURVE('',#796,#768,#477,.T.);
#1007=EDGE_CURVE('',#794,#796,#478,.T.);
#1008=EDGE_CURVE('',#767,#797,#479,.T.);
#1009=EDGE_CURVE('',#797,#796,#119,.T.);
#1010=EDGE_CURVE('',#798,#766,#480,.T.);
#1011=EDGE_CURVE('',#797,#798,#481,.T.);
#1012=EDGE_CURVE('',#773,#799,#482,.T.);
#1013=EDGE_CURVE('',#799,#798,#120,.T.);
#1014=EDGE_CURVE('',#800,#772,#483,.T.);
#1015=EDGE_CURVE('',#799,#800,#484,.T.);
#1016=EDGE_CURVE('',#771,#801,#485,.T.);
#1017=EDGE_CURVE('',#801,#800,#121,.T.);
#1018=EDGE_CURVE('',#801,#795,#486,.T.);
#1019=EDGE_CURVE('',#729,#802,#487,.T.);
#1020=EDGE_CURVE('',#803,#802,#122,.T.);
#1021=EDGE_CURVE('',#804,#803,#366,.T.);
#1022=EDGE_CURVE('',#802,#804,#123,.T.);
#1023=EDGE_CURVE('',#805,#805,#124,.T.);
#1024=EDGE_CURVE('',#805,#710,#488,.T.);
#1025=EDGE_CURVE('',#711,#709,#367,.T.);
#1026=EDGE_CURVE('',#740,#806,#489,.T.);
#1027=EDGE_CURVE('',#807,#806,#125,.T.);
#1028=EDGE_CURVE('',#808,#807,#368,.T.);
#1029=EDGE_CURVE('',#806,#808,#126,.T.);
#1030=EDGE_CURVE('',#809,#809,#127,.T.);
#1031=EDGE_CURVE('',#809,#751,#490,.T.);
#1032=EDGE_CURVE('',#752,#750,#369,.T.);
#1033=EDGE_CURVE('',#721,#810,#491,.T.);
#1034=EDGE_CURVE('',#803,#810,#492,.T.);
#1035=EDGE_CURVE('',#811,#804,#493,.T.);
#1036=EDGE_CURVE('',#731,#811,#494,.T.);
#1037=EDGE_CURVE('',#732,#812,#495,.T.);
#1038=EDGE_CURVE('',#807,#812,#496,.T.);
#1039=EDGE_CURVE('',#813,#808,#497,.T.);
#1040=EDGE_CURVE('',#742,#813,#498,.T.);
#1041=EDGE_CURVE('',#814,#815,#128,.T.);
#1042=EDGE_CURVE('',#815,#816,#499,.T.);
#1043=EDGE_CURVE('',#816,#817,#129,.T.);
#1044=EDGE_CURVE('',#817,#814,#500,.T.);
#1045=EDGE_CURVE('',#817,#818,#130,.T.);
#1046=EDGE_CURVE('',#819,#818,#501,.T.);
#1047=EDGE_CURVE('',#814,#819,#131,.T.);
#1048=EDGE_CURVE('',#818,#739,#132,.T.);
#1049=EDGE_CURVE('',#743,#816,#502,.T.);
#1050=EDGE_CURVE('',#820,#753,#133,.T.);
#1051=EDGE_CURVE('',#821,#820,#134,.T.);
#1052=EDGE_CURVE('',#775,#821,#135,.T.);
#1053=EDGE_CURVE('',#822,#774,#136,.T.);
#1054=EDGE_CURVE('',#823,#822,#137,.T.);
#1055=EDGE_CURVE('',#812,#823,#138,.T.);
#1056=EDGE_CURVE('',#738,#819,#139,.T.);
#1057=EDGE_CURVE('',#749,#824,#140,.T.);
#1058=EDGE_CURVE('',#824,#820,#503,.T.);
#1059=EDGE_CURVE('',#823,#825,#504,.T.);
#1060=EDGE_CURVE('',#825,#813,#141,.T.);
#1061=EDGE_CURVE('',#826,#822,#505,.T.);
#1062=EDGE_CURVE('',#825,#826,#142,.T.);
#1063=EDGE_CURVE('',#777,#826,#143,.T.);
#1064=EDGE_CURVE('',#821,#827,#506,.T.);
#1065=EDGE_CURVE('',#827,#776,#144,.T.);
#1066=EDGE_CURVE('',#827,#824,#145,.T.);
#1067=EDGE_CURVE('',#755,#815,#507,.T.);
#1068=EDGE_CURVE('',#781,#828,#146,.T.);
#1069=EDGE_CURVE('',#828,#829,#508,.T.);
#1070=EDGE_CURVE('',#829,#778,#147,.T.);
#1071=EDGE_CURVE('',#830,#828,#148,.T.);
#1072=EDGE_CURVE('',#831,#830,#509,.T.);
#1073=EDGE_CURVE('',#831,#829,#149,.T.);
#1074=EDGE_CURVE('',#788,#786,#370,.F.);
#1075=EDGE_CURVE('',#716,#832,#510,.T.);
#1076=EDGE_CURVE('',#832,#785,#150,.T.);
#1077=EDGE_CURVE('',#833,#715,#511,.T.);
#1078=EDGE_CURVE('',#832,#833,#151,.T.);
#1079=EDGE_CURVE('',#834,#835,#152,.T.);
#1080=EDGE_CURVE('',#835,#720,#512,.T.);
#1081=EDGE_CURVE('',#719,#834,#513,.T.);
#1082=EDGE_CURVE('',#834,#787,#153,.T.);
#1083=EDGE_CURVE('',#727,#836,#154,.T.);
#1084=EDGE_CURVE('',#836,#837,#514,.T.);
#1085=EDGE_CURVE('',#837,#728,#155,.T.);
#1086=EDGE_CURVE('',#779,#837,#156,.T.);
#1087=EDGE_CURVE('',#810,#831,#157,.T.);
#1088=EDGE_CURVE('',#830,#811,#158,.T.);
#1089=EDGE_CURVE('',#708,#833,#159,.T.);
#1090=EDGE_CURVE('',#703,#835,#515,.T.);
#1091=EDGE_CURVE('',#780,#836,#160,.T.);
#1092=EDGE_CURVE('',#782,#838,#516,.T.);
#1093=EDGE_CURVE('',#838,#838,#161,.T.);
#1094=EDGE_CURVE('',#783,#839,#517,.T.);
#1095=EDGE_CURVE('',#839,#839,#162,.T.);
#1096=EDGE_CURVE('',#789,#840,#518,.T.);
#1097=EDGE_CURVE('',#840,#840,#163,.T.);
#1098=EDGE_CURVE('',#784,#841,#519,.T.);
#1099=EDGE_CURVE('',#841,#841,#164,.T.);
#1100=EDGE_CURVE('',#758,#792,#520,.T.);
#1101=ORIENTED_EDGE('',*,*,#842,.T.);
#1102=ORIENTED_EDGE('',*,*,#843,.T.);
#1103=ORIENTED_EDGE('',*,*,#844,.T.);
#1104=ORIENTED_EDGE('',*,*,#845,.T.);
#1105=ORIENTED_EDGE('',*,*,#843,.F.);
#1106=ORIENTED_EDGE('',*,*,#846,.T.);
#1107=ORIENTED_EDGE('',*,*,#847,.F.);
#1108=ORIENTED_EDGE('',*,*,#848,.T.);
#1109=ORIENTED_EDGE('',*,*,#849,.T.);
#1110=ORIENTED_EDGE('',*,*,#850,.F.);
#1111=ORIENTED_EDGE('',*,*,#851,.T.);
#1112=ORIENTED_EDGE('',*,*,#852,.T.);
#1113=ORIENTED_EDGE('',*,*,#853,.T.);
#1114=ORIENTED_EDGE('',*,*,#854,.T.);
#1115=ORIENTED_EDGE('',*,*,#855,.F.);
#1116=ORIENTED_EDGE('',*,*,#856,.T.);
#1117=ORIENTED_EDGE('',*,*,#857,.F.);
#1118=ORIENTED_EDGE('',*,*,#854,.F.);
#1119=ORIENTED_EDGE('',*,*,#858,.T.);
#1120=ORIENTED_EDGE('',*,*,#848,.F.);
#1121=ORIENTED_EDGE('',*,*,#859,.T.);
#1122=ORIENTED_EDGE('',*,*,#845,.F.);
#1123=ORIENTED_EDGE('',*,*,#860,.T.);
#1124=ORIENTED_EDGE('',*,*,#861,.T.);
#1125=ORIENTED_EDGE('',*,*,#862,.T.);
#1126=ORIENTED_EDGE('',*,*,#863,.T.);
#1127=ORIENTED_EDGE('',*,*,#864,.T.);
#1128=ORIENTED_EDGE('',*,*,#861,.F.);
#1129=ORIENTED_EDGE('',*,*,#856,.F.);
#1130=ORIENTED_EDGE('',*,*,#865,.F.);
#1131=ORIENTED_EDGE('',*,*,#866,.T.);
#1132=ORIENTED_EDGE('',*,*,#867,.F.);
#1133=ORIENTED_EDGE('',*,*,#849,.F.);
#1134=ORIENTED_EDGE('',*,*,#868,.T.);
#1135=ORIENTED_EDGE('',*,*,#869,.F.);
#1136=ORIENTED_EDGE('',*,*,#870,.F.);
#1137=ORIENTED_EDGE('',*,*,#844,.F.);
#1138=ORIENTED_EDGE('',*,*,#870,.T.);
#1139=ORIENTED_EDGE('',*,*,#871,.F.);
#1140=ORIENTED_EDGE('',*,*,#872,.F.);
#1141=ORIENTED_EDGE('',*,*,#860,.F.);
#1142=ORIENTED_EDGE('',*,*,#872,.T.);
#1143=ORIENTED_EDGE('',*,*,#873,.F.);
#1144=ORIENTED_EDGE('',*,*,#874,.F.);
#1145=ORIENTED_EDGE('',*,*,#862,.F.);
#1146=ORIENTED_EDGE('',*,*,#874,.T.);
#1147=ORIENTED_EDGE('',*,*,#875,.F.);
#1148=ORIENTED_EDGE('',*,*,#876,.F.);
#1149=ORIENTED_EDGE('',*,*,#877,.F.);
#1150=ORIENTED_EDGE('',*,*,#863,.F.);
#1151=ORIENTED_EDGE('',*,*,#876,.T.);
#1152=ORIENTED_EDGE('',*,*,#878,.F.);
#1153=ORIENTED_EDGE('',*,*,#879,.F.);
#1154=ORIENTED_EDGE('',*,*,#880,.F.);
#1155=ORIENTED_EDGE('',*,*,#879,.T.);
#1156=ORIENTED_EDGE('',*,*,#881,.F.);
#1157=ORIENTED_EDGE('',*,*,#882,.F.);
#1158=ORIENTED_EDGE('',*,*,#883,.F.);
#1159=ORIENTED_EDGE('',*,*,#882,.T.);
#1160=ORIENTED_EDGE('',*,*,#884,.F.);
#1161=ORIENTED_EDGE('',*,*,#885,.F.);
#1162=ORIENTED_EDGE('',*,*,#852,.F.);
#1163=ORIENTED_EDGE('',*,*,#853,.F.);
#1164=ORIENTED_EDGE('',*,*,#885,.T.);
#1165=ORIENTED_EDGE('',*,*,#886,.F.);
#1166=ORIENTED_EDGE('',*,*,#887,.F.);
#1167=ORIENTED_EDGE('',*,*,#858,.F.);
#1168=ORIENTED_EDGE('',*,*,#887,.T.);
#1169=ORIENTED_EDGE('',*,*,#888,.F.);
#1170=ORIENTED_EDGE('',*,*,#868,.F.);
#1171=ORIENTED_EDGE('',*,*,#888,.T.);
#1172=ORIENTED_EDGE('',*,*,#886,.T.);
#1173=ORIENTED_EDGE('',*,*,#884,.T.);
#1174=ORIENTED_EDGE('',*,*,#881,.T.);
#1175=ORIENTED_EDGE('',*,*,#878,.T.);
#1176=ORIENTED_EDGE('',*,*,#875,.T.);
#1177=ORIENTED_EDGE('',*,*,#873,.T.);
#1178=ORIENTED_EDGE('',*,*,#871,.T.);
#1179=ORIENTED_EDGE('',*,*,#869,.T.);
#1180=ORIENTED_EDGE('',*,*,#889,.T.);
#1181=ORIENTED_EDGE('',*,*,#890,.T.);
#1182=ORIENTED_EDGE('',*,*,#891,.T.);
#1183=ORIENTED_EDGE('',*,*,#892,.T.);
#1184=ORIENTED_EDGE('',*,*,#892,.F.);
#1185=ORIENTED_EDGE('',*,*,#893,.F.);
#1186=ORIENTED_EDGE('',*,*,#894,.F.);
#1187=ORIENTED_EDGE('',*,*,#895,.T.);
#1188=ORIENTED_EDGE('',*,*,#891,.F.);
#1189=ORIENTED_EDGE('',*,*,#896,.F.);
#1190=ORIENTED_EDGE('',*,*,#897,.F.);
#1191=ORIENTED_EDGE('',*,*,#898,.T.);
#1192=ORIENTED_EDGE('',*,*,#899,.T.);
#1193=ORIENTED_EDGE('',*,*,#900,.F.);
#1194=ORIENTED_EDGE('',*,*,#901,.T.);
#1195=ORIENTED_EDGE('',*,*,#902,.F.);
#1196=ORIENTED_EDGE('',*,*,#893,.T.);
#1197=ORIENTED_EDGE('',*,*,#903,.T.);
#1198=ORIENTED_EDGE('',*,*,#894,.T.);
#1199=ORIENTED_EDGE('',*,*,#902,.T.);
#1200=ORIENTED_EDGE('',*,*,#904,.T.);
#1201=ORIENTED_EDGE('',*,*,#904,.F.);
#1202=ORIENTED_EDGE('',*,*,#901,.F.);
#1203=ORIENTED_EDGE('',*,*,#905,.F.);
#1204=ORIENTED_EDGE('',*,*,#906,.F.);
#1205=ORIENTED_EDGE('',*,*,#907,.F.);
#1206=ORIENTED_EDGE('',*,*,#908,.F.);
#1207=ORIENTED_EDGE('',*,*,#909,.F.);
#1208=ORIENTED_EDGE('',*,*,#910,.F.);
#1209=ORIENTED_EDGE('',*,*,#911,.F.);
#1210=ORIENTED_EDGE('',*,*,#912,.T.);
#1211=ORIENTED_EDGE('',*,*,#913,.T.);
#1212=ORIENTED_EDGE('',*,*,#914,.T.);
#1213=ORIENTED_EDGE('',*,*,#915,.T.);
#1214=ORIENTED_EDGE('',*,*,#914,.F.);
#1215=ORIENTED_EDGE('',*,*,#916,.T.);
#1216=ORIENTED_EDGE('',*,*,#917,.F.);
#1217=ORIENTED_EDGE('',*,*,#918,.F.);
#1218=ORIENTED_EDGE('',*,*,#919,.F.);
#1219=ORIENTED_EDGE('',*,*,#920,.T.);
#1220=ORIENTED_EDGE('',*,*,#921,.T.);
#1221=ORIENTED_EDGE('',*,*,#913,.F.);
#1222=ORIENTED_EDGE('',*,*,#922,.T.);
#1223=ORIENTED_EDGE('',*,*,#923,.F.);
#1224=ORIENTED_EDGE('',*,*,#916,.F.);
#1225=ORIENTED_EDGE('',*,*,#924,.T.);
#1226=ORIENTED_EDGE('',*,*,#925,.T.);
#1227=ORIENTED_EDGE('',*,*,#917,.T.);
#1228=ORIENTED_EDGE('',*,*,#923,.T.);
#1229=ORIENTED_EDGE('',*,*,#926,.T.);
#1230=ORIENTED_EDGE('',*,*,#927,.T.);
#1231=ORIENTED_EDGE('',*,*,#928,.T.);
#1232=ORIENTED_EDGE('',*,*,#929,.T.);
#1233=ORIENTED_EDGE('',*,*,#928,.F.);
#1234=ORIENTED_EDGE('',*,*,#930,.T.);
#1235=ORIENTED_EDGE('',*,*,#931,.F.);
#1236=ORIENTED_EDGE('',*,*,#932,.F.);
#1237=ORIENTED_EDGE('',*,*,#933,.F.);
#1238=ORIENTED_EDGE('',*,*,#934,.T.);
#1239=ORIENTED_EDGE('',*,*,#935,.T.);
#1240=ORIENTED_EDGE('',*,*,#927,.F.);
#1241=ORIENTED_EDGE('',*,*,#936,.T.);
#1242=ORIENTED_EDGE('',*,*,#937,.F.);
#1243=ORIENTED_EDGE('',*,*,#930,.F.);
#1244=ORIENTED_EDGE('',*,*,#938,.T.);
#1245=ORIENTED_EDGE('',*,*,#939,.T.);
#1246=ORIENTED_EDGE('',*,*,#931,.T.);
#1247=ORIENTED_EDGE('',*,*,#937,.T.);
#1248=ORIENTED_EDGE('',*,*,#940,.T.);
#1249=ORIENTED_EDGE('',*,*,#941,.T.);
#1250=ORIENTED_EDGE('',*,*,#942,.T.);
#1251=ORIENTED_EDGE('',*,*,#943,.T.);
#1252=ORIENTED_EDGE('',*,*,#942,.F.);
#1253=ORIENTED_EDGE('',*,*,#944,.T.);
#1254=ORIENTED_EDGE('',*,*,#945,.F.);
#1255=ORIENTED_EDGE('',*,*,#946,.F.);
#1256=ORIENTED_EDGE('',*,*,#947,.F.);
#1257=ORIENTED_EDGE('',*,*,#948,.T.);
#1258=ORIENTED_EDGE('',*,*,#949,.T.);
#1259=ORIENTED_EDGE('',*,*,#950,.F.);
#1260=ORIENTED_EDGE('',*,*,#951,.T.);
#1261=ORIENTED_EDGE('',*,*,#941,.F.);
#1262=ORIENTED_EDGE('',*,*,#952,.T.);
#1263=ORIENTED_EDGE('',*,*,#953,.F.);
#1264=ORIENTED_EDGE('',*,*,#944,.F.);
#1265=ORIENTED_EDGE('',*,*,#954,.T.);
#1266=ORIENTED_EDGE('',*,*,#955,.T.);
#1267=ORIENTED_EDGE('',*,*,#945,.T.);
#1268=ORIENTED_EDGE('',*,*,#953,.T.);
#1269=ORIENTED_EDGE('',*,*,#956,.T.);
#1270=ORIENTED_EDGE('',*,*,#957,.T.);
#1271=ORIENTED_EDGE('',*,*,#958,.T.);
#1272=ORIENTED_EDGE('',*,*,#959,.T.);
#1273=ORIENTED_EDGE('',*,*,#956,.F.);
#1274=ORIENTED_EDGE('',*,*,#960,.T.);
#1275=ORIENTED_EDGE('',*,*,#961,.F.);
#1276=ORIENTED_EDGE('',*,*,#962,.T.);
#1277=ORIENTED_EDGE('',*,*,#963,.F.);
#1278=ORIENTED_EDGE('',*,*,#964,.T.);
#1279=ORIENTED_EDGE('',*,*,#965,.F.);
#1280=ORIENTED_EDGE('',*,*,#966,.T.);
#1281=ORIENTED_EDGE('',*,*,#967,.T.);
#1282=ORIENTED_EDGE('',*,*,#968,.F.);
#1283=ORIENTED_EDGE('',*,*,#969,.T.);
#1284=ORIENTED_EDGE('',*,*,#970,.F.);
#1285=ORIENTED_EDGE('',*,*,#971,.T.);
#1286=ORIENTED_EDGE('',*,*,#972,.F.);
#1287=ORIENTED_EDGE('',*,*,#973,.T.);
#1288=ORIENTED_EDGE('',*,*,#974,.F.);
#1289=ORIENTED_EDGE('',*,*,#975,.T.);
#1290=ORIENTED_EDGE('',*,*,#976,.F.);
#1291=ORIENTED_EDGE('',*,*,#977,.T.);
#1292=ORIENTED_EDGE('',*,*,#978,.F.);
#1293=ORIENTED_EDGE('',*,*,#979,.T.);
#1294=ORIENTED_EDGE('',*,*,#980,.T.);
#1295=ORIENTED_EDGE('',*,*,#981,.T.);
#1296=ORIENTED_EDGE('',*,*,#982,.F.);
#1297=ORIENTED_EDGE('',*,*,#983,.T.);
#1298=ORIENTED_EDGE('',*,*,#984,.T.);
#1299=ORIENTED_EDGE('',*,*,#985,.T.);
#1300=ORIENTED_EDGE('',*,*,#986,.F.);
#1301=ORIENTED_EDGE('',*,*,#987,.T.);
#1302=ORIENTED_EDGE('',*,*,#988,.T.);
#1303=ORIENTED_EDGE('',*,*,#908,.T.);
#1304=ORIENTED_EDGE('',*,*,#989,.F.);
#1305=ORIENTED_EDGE('',*,*,#990,.T.);
#1306=ORIENTED_EDGE('',*,*,#991,.T.);
#1307=ORIENTED_EDGE('',*,*,#959,.F.);
#1308=ORIENTED_EDGE('',*,*,#992,.T.);
#1309=ORIENTED_EDGE('',*,*,#993,.F.);
#1310=ORIENTED_EDGE('',*,*,#960,.F.);
#1311=ORIENTED_EDGE('',*,*,#961,.T.);
#1312=ORIENTED_EDGE('',*,*,#993,.T.);
#1313=ORIENTED_EDGE('',*,*,#994,.T.);
#1314=ORIENTED_EDGE('',*,*,#995,.T.);
#1315=ORIENTED_EDGE('',*,*,#965,.T.);
#1316=ORIENTED_EDGE('',*,*,#996,.T.);
#1317=ORIENTED_EDGE('',*,*,#865,.T.);
#1318=ORIENTED_EDGE('',*,*,#855,.T.);
#1319=ORIENTED_EDGE('',*,*,#847,.T.);
#1320=ORIENTED_EDGE('',*,*,#997,.T.);
#1321=ORIENTED_EDGE('',*,*,#998,.T.);
#1322=ORIENTED_EDGE('',*,*,#996,.F.);
#1323=ORIENTED_EDGE('',*,*,#964,.F.);
#1324=ORIENTED_EDGE('',*,*,#999,.F.);
#1325=ORIENTED_EDGE('',*,*,#866,.F.);
#1326=ORIENTED_EDGE('',*,*,#963,.T.);
#1327=ORIENTED_EDGE('',*,*,#1000,.T.);
#1328=ORIENTED_EDGE('',*,*,#1001,.T.);
#1329=ORIENTED_EDGE('',*,*,#850,.T.);
#1330=ORIENTED_EDGE('',*,*,#857,.T.);
#1331=ORIENTED_EDGE('',*,*,#867,.T.);
#1332=ORIENTED_EDGE('',*,*,#999,.T.);
#1333=ORIENTED_EDGE('',*,*,#995,.F.);
#1334=ORIENTED_EDGE('',*,*,#1002,.F.);
#1335=ORIENTED_EDGE('',*,*,#1000,.F.);
#1336=ORIENTED_EDGE('',*,*,#962,.F.);
#1337=ORIENTED_EDGE('',*,*,#970,.T.);
#1338=ORIENTED_EDGE('',*,*,#1003,.T.);
#1339=ORIENTED_EDGE('',*,*,#1004,.T.);
#1340=ORIENTED_EDGE('',*,*,#1005,.T.);
#1341=ORIENTED_EDGE('',*,*,#1003,.F.);
#1342=ORIENTED_EDGE('',*,*,#969,.F.);
#1343=ORIENTED_EDGE('',*,*,#1006,.F.);
#1344=ORIENTED_EDGE('',*,*,#1007,.F.);
#1345=ORIENTED_EDGE('',*,*,#968,.T.);
#1346=ORIENTED_EDGE('',*,*,#1008,.T.);
#1347=ORIENTED_EDGE('',*,*,#1009,.T.);
#1348=ORIENTED_EDGE('',*,*,#1006,.T.);
#1349=ORIENTED_EDGE('',*,*,#1008,.F.);
#1350=ORIENTED_EDGE('',*,*,#967,.F.);
#1351=ORIENTED_EDGE('',*,*,#1010,.F.);
#1352=ORIENTED_EDGE('',*,*,#1011,.F.);
#1353=ORIENTED_EDGE('',*,*,#974,.T.);
#1354=ORIENTED_EDGE('',*,*,#1012,.T.);
#1355=ORIENTED_EDGE('',*,*,#1013,.T.);
#1356=ORIENTED_EDGE('',*,*,#1010,.T.);
#1357=ORIENTED_EDGE('',*,*,#1012,.F.);
#1358=ORIENTED_EDGE('',*,*,#973,.F.);
#1359=ORIENTED_EDGE('',*,*,#1014,.F.);
#1360=ORIENTED_EDGE('',*,*,#1015,.F.);
#1361=ORIENTED_EDGE('',*,*,#972,.T.);
#1362=ORIENTED_EDGE('',*,*,#1016,.T.);
#1363=ORIENTED_EDGE('',*,*,#1017,.T.);
#1364=ORIENTED_EDGE('',*,*,#1014,.T.);
#1365=ORIENTED_EDGE('',*,*,#1005,.F.);
#1366=ORIENTED_EDGE('',*,*,#1018,.F.);
#1367=ORIENTED_EDGE('',*,*,#1016,.F.);
#1368=ORIENTED_EDGE('',*,*,#971,.F.);
#1369=ORIENTED_EDGE('',*,*,#921,.F.);
#1370=ORIENTED_EDGE('',*,*,#1019,.T.);
#1371=ORIENTED_EDGE('',*,*,#1020,.F.);
#1372=ORIENTED_EDGE('',*,*,#1021,.F.);
#1373=ORIENTED_EDGE('',*,*,#1022,.F.);
#1374=ORIENTED_EDGE('',*,*,#1019,.F.);
#1375=ORIENTED_EDGE('',*,*,#1023,.F.);
#1376=ORIENTED_EDGE('',*,*,#1024,.T.);
#1377=ORIENTED_EDGE('',*,*,#898,.F.);
#1378=ORIENTED_EDGE('',*,*,#1025,.F.);
#1379=ORIENTED_EDGE('',*,*,#899,.F.);
#1380=ORIENTED_EDGE('',*,*,#1024,.F.);
#1381=ORIENTED_EDGE('',*,*,#935,.F.);
#1382=ORIENTED_EDGE('',*,*,#1026,.T.);
#1383=ORIENTED_EDGE('',*,*,#1027,.F.);
#1384=ORIENTED_EDGE('',*,*,#1028,.F.);
#1385=ORIENTED_EDGE('',*,*,#1029,.F.);
#1386=ORIENTED_EDGE('',*,*,#1026,.F.);
#1387=ORIENTED_EDGE('',*,*,#1030,.F.);
#1388=ORIENTED_EDGE('',*,*,#1031,.T.);
#1389=ORIENTED_EDGE('',*,*,#948,.F.);
#1390=ORIENTED_EDGE('',*,*,#1032,.F.);
#1391=ORIENTED_EDGE('',*,*,#949,.F.);
#1392=ORIENTED_EDGE('',*,*,#1031,.F.);
#1393=ORIENTED_EDGE('',*,*,#912,.F.);
#1394=ORIENTED_EDGE('',*,*,#1033,.T.);
#1395=ORIENTED_EDGE('',*,*,#1034,.F.);
#1396=ORIENTED_EDGE('',*,*,#1020,.T.);
#1397=ORIENTED_EDGE('',*,*,#1022,.T.);
#1398=ORIENTED_EDGE('',*,*,#1035,.F.);
#1399=ORIENTED_EDGE('',*,*,#1036,.F.);
#1400=ORIENTED_EDGE('',*,*,#924,.F.);
#1401=ORIENTED_EDGE('',*,*,#922,.F.);
#1402=ORIENTED_EDGE('',*,*,#926,.F.);
#1403=ORIENTED_EDGE('',*,*,#1037,.T.);
#1404=ORIENTED_EDGE('',*,*,#1038,.F.);
#1405=ORIENTED_EDGE('',*,*,#1027,.T.);
#1406=ORIENTED_EDGE('',*,*,#1029,.T.);
#1407=ORIENTED_EDGE('',*,*,#1039,.F.);
#1408=ORIENTED_EDGE('',*,*,#1040,.F.);
#1409=ORIENTED_EDGE('',*,*,#938,.F.);
#1410=ORIENTED_EDGE('',*,*,#936,.F.);
#1411=ORIENTED_EDGE('',*,*,#1041,.T.);
#1412=ORIENTED_EDGE('',*,*,#1042,.T.);
#1413=ORIENTED_EDGE('',*,*,#1043,.T.);
#1414=ORIENTED_EDGE('',*,*,#1044,.T.);
#1415=ORIENTED_EDGE('',*,*,#1044,.F.);
#1416=ORIENTED_EDGE('',*,*,#1045,.T.);
#1417=ORIENTED_EDGE('',*,*,#1046,.F.);
#1418=ORIENTED_EDGE('',*,*,#1047,.F.);
#1419=ORIENTED_EDGE('',*,*,#929,.F.);
#1420=ORIENTED_EDGE('',*,*,#934,.F.);
#1421=ORIENTED_EDGE('',*,*,#1048,.F.);
#1422=ORIENTED_EDGE('',*,*,#1045,.F.);
#1423=ORIENTED_EDGE('',*,*,#1043,.F.);
#1424=ORIENTED_EDGE('',*,*,#1049,.F.);
#1425=ORIENTED_EDGE('',*,*,#943,.F.);
#1426=ORIENTED_EDGE('',*,*,#951,.F.);
#1427=ORIENTED_EDGE('',*,*,#1050,.F.);
#1428=ORIENTED_EDGE('',*,*,#1051,.F.);
#1429=ORIENTED_EDGE('',*,*,#1052,.F.);
#1430=ORIENTED_EDGE('',*,*,#975,.F.);
#1431=ORIENTED_EDGE('',*,*,#1053,.F.);
#1432=ORIENTED_EDGE('',*,*,#1054,.F.);
#1433=ORIENTED_EDGE('',*,*,#1055,.F.);
#1434=ORIENTED_EDGE('',*,*,#1037,.F.);
#1435=ORIENTED_EDGE('',*,*,#1056,.T.);
#1436=ORIENTED_EDGE('',*,*,#1046,.T.);
#1437=ORIENTED_EDGE('',*,*,#1048,.T.);
#1438=ORIENTED_EDGE('',*,*,#933,.T.);
#1439=ORIENTED_EDGE('',*,*,#1032,.T.);
#1440=ORIENTED_EDGE('',*,*,#947,.T.);
#1441=ORIENTED_EDGE('',*,*,#1057,.T.);
#1442=ORIENTED_EDGE('',*,*,#1058,.T.);
#1443=ORIENTED_EDGE('',*,*,#1050,.T.);
#1444=ORIENTED_EDGE('',*,*,#950,.T.);
#1445=ORIENTED_EDGE('',*,*,#1028,.T.);
#1446=ORIENTED_EDGE('',*,*,#1038,.T.);
#1447=ORIENTED_EDGE('',*,*,#1055,.T.);
#1448=ORIENTED_EDGE('',*,*,#1059,.T.);
#1449=ORIENTED_EDGE('',*,*,#1060,.T.);
#1450=ORIENTED_EDGE('',*,*,#1039,.T.);
#1451=ORIENTED_EDGE('',*,*,#1059,.F.);
#1452=ORIENTED_EDGE('',*,*,#1054,.T.);
#1453=ORIENTED_EDGE('',*,*,#1061,.F.);
#1454=ORIENTED_EDGE('',*,*,#1062,.F.);
#1455=ORIENTED_EDGE('',*,*,#1063,.T.);
#1456=ORIENTED_EDGE('',*,*,#1061,.T.);
#1457=ORIENTED_EDGE('',*,*,#1053,.T.);
#1458=ORIENTED_EDGE('',*,*,#978,.T.);
#1459=ORIENTED_EDGE('',*,*,#1052,.T.);
#1460=ORIENTED_EDGE('',*,*,#1064,.T.);
#1461=ORIENTED_EDGE('',*,*,#1065,.T.);
#1462=ORIENTED_EDGE('',*,*,#976,.T.);
#1463=ORIENTED_EDGE('',*,*,#1058,.F.);
#1464=ORIENTED_EDGE('',*,*,#1066,.F.);
#1465=ORIENTED_EDGE('',*,*,#1064,.F.);
#1466=ORIENTED_EDGE('',*,*,#1051,.T.);
#1467=ORIENTED_EDGE('',*,*,#940,.F.);
#1468=ORIENTED_EDGE('',*,*,#1049,.T.);
#1469=ORIENTED_EDGE('',*,*,#1042,.F.);
#1470=ORIENTED_EDGE('',*,*,#1067,.F.);
#1471=ORIENTED_EDGE('',*,*,#954,.F.);
#1472=ORIENTED_EDGE('',*,*,#952,.F.);
#1473=ORIENTED_EDGE('',*,*,#1030,.T.);
#1474=ORIENTED_EDGE('',*,*,#939,.F.);
#1475=ORIENTED_EDGE('',*,*,#1040,.T.);
#1476=ORIENTED_EDGE('',*,*,#1060,.F.);
#1477=ORIENTED_EDGE('',*,*,#1062,.T.);
#1478=ORIENTED_EDGE('',*,*,#1063,.F.);
#1479=ORIENTED_EDGE('',*,*,#977,.F.);
#1480=ORIENTED_EDGE('',*,*,#1065,.F.);
#1481=ORIENTED_EDGE('',*,*,#1066,.T.);
#1482=ORIENTED_EDGE('',*,*,#1057,.F.);
#1483=ORIENTED_EDGE('',*,*,#946,.T.);
#1484=ORIENTED_EDGE('',*,*,#955,.F.);
#1485=ORIENTED_EDGE('',*,*,#1067,.T.);
#1486=ORIENTED_EDGE('',*,*,#1041,.F.);
#1487=ORIENTED_EDGE('',*,*,#1047,.T.);
#1488=ORIENTED_EDGE('',*,*,#1056,.F.);
#1489=ORIENTED_EDGE('',*,*,#932,.T.);
#1490=ORIENTED_EDGE('',*,*,#1068,.T.);
#1491=ORIENTED_EDGE('',*,*,#1069,.T.);
#1492=ORIENTED_EDGE('',*,*,#1070,.T.);
#1493=ORIENTED_EDGE('',*,*,#982,.T.);
#1494=ORIENTED_EDGE('',*,*,#1069,.F.);
#1495=ORIENTED_EDGE('',*,*,#1071,.F.);
#1496=ORIENTED_EDGE('',*,*,#1072,.F.);
#1497=ORIENTED_EDGE('',*,*,#1073,.T.);
#1498=ORIENTED_EDGE('',*,*,#1074,.F.);
#1499=ORIENTED_EDGE('',*,*,#989,.T.);
#1500=ORIENTED_EDGE('',*,*,#907,.T.);
#1501=ORIENTED_EDGE('',*,*,#1075,.T.);
#1502=ORIENTED_EDGE('',*,*,#1076,.T.);
#1503=ORIENTED_EDGE('',*,*,#986,.T.);
#1504=ORIENTED_EDGE('',*,*,#1075,.F.);
#1505=ORIENTED_EDGE('',*,*,#906,.T.);
#1506=ORIENTED_EDGE('',*,*,#1077,.F.);
#1507=ORIENTED_EDGE('',*,*,#1078,.F.);
#1508=ORIENTED_EDGE('',*,*,#1079,.T.);
#1509=ORIENTED_EDGE('',*,*,#1080,.T.);
#1510=ORIENTED_EDGE('',*,*,#910,.T.);
#1511=ORIENTED_EDGE('',*,*,#1081,.T.);
#1512=ORIENTED_EDGE('',*,*,#1081,.F.);
#1513=ORIENTED_EDGE('',*,*,#909,.T.);
#1514=ORIENTED_EDGE('',*,*,#988,.F.);
#1515=ORIENTED_EDGE('',*,*,#1082,.F.);
#1516=ORIENTED_EDGE('',*,*,#1083,.T.);
#1517=ORIENTED_EDGE('',*,*,#1084,.T.);
#1518=ORIENTED_EDGE('',*,*,#1085,.T.);
#1519=ORIENTED_EDGE('',*,*,#919,.T.);
#1520=ORIENTED_EDGE('',*,*,#915,.F.);
#1521=ORIENTED_EDGE('',*,*,#920,.F.);
#1522=ORIENTED_EDGE('',*,*,#1085,.F.);
#1523=ORIENTED_EDGE('',*,*,#1086,.F.);
#1524=ORIENTED_EDGE('',*,*,#979,.F.);
#1525=ORIENTED_EDGE('',*,*,#1070,.F.);
#1526=ORIENTED_EDGE('',*,*,#1073,.F.);
#1527=ORIENTED_EDGE('',*,*,#1087,.F.);
#1528=ORIENTED_EDGE('',*,*,#1033,.F.);
#1529=ORIENTED_EDGE('',*,*,#1021,.T.);
#1530=ORIENTED_EDGE('',*,*,#1034,.T.);
#1531=ORIENTED_EDGE('',*,*,#1087,.T.);
#1532=ORIENTED_EDGE('',*,*,#1072,.T.);
#1533=ORIENTED_EDGE('',*,*,#1088,.T.);
#1534=ORIENTED_EDGE('',*,*,#1035,.T.);
#1535=ORIENTED_EDGE('',*,*,#1025,.T.);
#1536=ORIENTED_EDGE('',*,*,#897,.T.);
#1537=ORIENTED_EDGE('',*,*,#1089,.T.);
#1538=ORIENTED_EDGE('',*,*,#1077,.T.);
#1539=ORIENTED_EDGE('',*,*,#905,.T.);
#1540=ORIENTED_EDGE('',*,*,#900,.T.);
#1541=ORIENTED_EDGE('',*,*,#889,.F.);
#1542=ORIENTED_EDGE('',*,*,#895,.F.);
#1543=ORIENTED_EDGE('',*,*,#903,.F.);
#1544=ORIENTED_EDGE('',*,*,#911,.T.);
#1545=ORIENTED_EDGE('',*,*,#1080,.F.);
#1546=ORIENTED_EDGE('',*,*,#1090,.F.);
#1547=ORIENTED_EDGE('',*,*,#1023,.T.);
#1548=ORIENTED_EDGE('',*,*,#1084,.F.);
#1549=ORIENTED_EDGE('',*,*,#1091,.F.);
#1550=ORIENTED_EDGE('',*,*,#980,.F.);
#1551=ORIENTED_EDGE('',*,*,#1086,.T.);
#1552=ORIENTED_EDGE('',*,*,#890,.F.);
#1553=ORIENTED_EDGE('',*,*,#1090,.T.);
#1554=ORIENTED_EDGE('',*,*,#1079,.F.);
#1555=ORIENTED_EDGE('',*,*,#1082,.T.);
#1556=ORIENTED_EDGE('',*,*,#987,.F.);
#1557=ORIENTED_EDGE('',*,*,#1076,.F.);
#1558=ORIENTED_EDGE('',*,*,#1078,.T.);
#1559=ORIENTED_EDGE('',*,*,#1089,.F.);
#1560=ORIENTED_EDGE('',*,*,#896,.T.);
#1561=ORIENTED_EDGE('',*,*,#925,.F.);
#1562=ORIENTED_EDGE('',*,*,#1036,.T.);
#1563=ORIENTED_EDGE('',*,*,#1088,.F.);
#1564=ORIENTED_EDGE('',*,*,#1071,.T.);
#1565=ORIENTED_EDGE('',*,*,#1068,.F.);
#1566=ORIENTED_EDGE('',*,*,#981,.F.);
#1567=ORIENTED_EDGE('',*,*,#1091,.T.);
#1568=ORIENTED_EDGE('',*,*,#1083,.F.);
#1569=ORIENTED_EDGE('',*,*,#918,.T.);
#1570=ORIENTED_EDGE('',*,*,#983,.F.);
#1571=ORIENTED_EDGE('',*,*,#1092,.T.);
#1572=ORIENTED_EDGE('',*,*,#1093,.T.);
#1573=ORIENTED_EDGE('',*,*,#1092,.F.);
#1574=ORIENTED_EDGE('',*,*,#984,.F.);
#1575=ORIENTED_EDGE('',*,*,#1094,.T.);
#1576=ORIENTED_EDGE('',*,*,#1095,.T.);
#1577=ORIENTED_EDGE('',*,*,#1094,.F.);
#1578=ORIENTED_EDGE('',*,*,#990,.F.);
#1579=ORIENTED_EDGE('',*,*,#1074,.T.);
#1580=ORIENTED_EDGE('',*,*,#991,.F.);
#1581=ORIENTED_EDGE('',*,*,#1096,.T.);
#1582=ORIENTED_EDGE('',*,*,#1097,.T.);
#1583=ORIENTED_EDGE('',*,*,#1096,.F.);
#1584=ORIENTED_EDGE('',*,*,#985,.F.);
#1585=ORIENTED_EDGE('',*,*,#1098,.T.);
#1586=ORIENTED_EDGE('',*,*,#1099,.T.);
#1587=ORIENTED_EDGE('',*,*,#1098,.F.);
#1588=ORIENTED_EDGE('',*,*,#957,.F.);
#1589=ORIENTED_EDGE('',*,*,#966,.F.);
#1590=ORIENTED_EDGE('',*,*,#998,.F.);
#1591=ORIENTED_EDGE('',*,*,#1100,.F.);
#1592=ORIENTED_EDGE('',*,*,#851,.F.);
#1593=ORIENTED_EDGE('',*,*,#1001,.F.);
#1594=ORIENTED_EDGE('',*,*,#1002,.T.);
#1595=ORIENTED_EDGE('',*,*,#994,.F.);
#1596=ORIENTED_EDGE('',*,*,#992,.F.);
#1597=ORIENTED_EDGE('',*,*,#958,.F.);
#1598=ORIENTED_EDGE('',*,*,#1100,.T.);
#1599=ORIENTED_EDGE('',*,*,#997,.F.);
#1600=ORIENTED_EDGE('',*,*,#846,.F.);
#1601=ORIENTED_EDGE('',*,*,#842,.F.);
#1602=ORIENTED_EDGE('',*,*,#859,.F.);
#1603=ORIENTED_EDGE('',*,*,#864,.F.);
#1604=ORIENTED_EDGE('',*,*,#877,.T.);
#1605=ORIENTED_EDGE('',*,*,#880,.T.);
#1606=ORIENTED_EDGE('',*,*,#883,.T.);
#1607=ORIENTED_EDGE('',*,*,#1011,.T.);
#1608=ORIENTED_EDGE('',*,*,#1013,.F.);
#1609=ORIENTED_EDGE('',*,*,#1015,.T.);
#1610=ORIENTED_EDGE('',*,*,#1017,.F.);
#1611=ORIENTED_EDGE('',*,*,#1018,.T.);
#1612=ORIENTED_EDGE('',*,*,#1004,.F.);
#1613=ORIENTED_EDGE('',*,*,#1007,.T.);
#1614=ORIENTED_EDGE('',*,*,#1009,.F.);
#1615=ORIENTED_EDGE('',*,*,#1099,.F.);
#1616=ORIENTED_EDGE('',*,*,#1097,.F.);
#1617=ORIENTED_EDGE('',*,*,#1095,.F.);
#1618=ORIENTED_EDGE('',*,*,#1093,.F.);
#1619=CYLINDRICAL_SURFACE('',#1770,1.5);
#1620=CYLINDRICAL_SURFACE('',#1772,1.5);
#1621=CYLINDRICAL_SURFACE('',#1774,1.5);
#1622=CYLINDRICAL_SURFACE('',#1777,1.5);
#1623=CYLINDRICAL_SURFACE('',#1778,1.5);
#1624=CYLINDRICAL_SURFACE('',#1780,1.5);
#1625=CYLINDRICAL_SURFACE('',#1795,2.);
#1626=CYLINDRICAL_SURFACE('',#1803,2.);
#1627=CYLINDRICAL_SURFACE('',#1811,2.);
#1628=CYLINDRICAL_SURFACE('',#1818,2.);
#1629=CYLINDRICAL_SURFACE('',#1820,2.);
#1630=CYLINDRICAL_SURFACE('',#1827,2.);
#1631=CYLINDRICAL_SURFACE('',#1829,2.);
#1632=CYLINDRICAL_SURFACE('',#1837,2.);
#1633=CYLINDRICAL_SURFACE('',#1839,9.);
#1634=CYLINDRICAL_SURFACE('',#1856,9.);
#1635=CYLINDRICAL_SURFACE('',#1858,9.);
#1636=CYLINDRICAL_SURFACE('',#1861,9.);
#1637=CYLINDRICAL_SURFACE('',#1864,1.);
#1638=CYLINDRICAL_SURFACE('',#1867,1.);
#1639=CYLINDRICAL_SURFACE('',#1870,1.);
#1640=CYLINDRICAL_SURFACE('',#1873,1.);
#1641=CYLINDRICAL_SURFACE('',#1876,1.5);
#1642=CYLINDRICAL_SURFACE('',#1879,1.5);
#1643=CYLINDRICAL_SURFACE('',#1881,1.5);
#1644=CYLINDRICAL_SURFACE('',#1884,1.5);
#1645=CYLINDRICAL_SURFACE('',#1888,3.);
#1646=CYLINDRICAL_SURFACE('',#1891,12.05);
#1647=CYLINDRICAL_SURFACE('',#1902,3.);
#1648=CYLINDRICAL_SURFACE('',#1904,3.);
#1649=CYLINDRICAL_SURFACE('',#1906,3.);
#1650=CYLINDRICAL_SURFACE('',#1908,15.);
#1651=CYLINDRICAL_SURFACE('',#1910,3.);
#1652=CYLINDRICAL_SURFACE('',#1912,3.);
#1653=CYLINDRICAL_SURFACE('',#1914,15.);
#1654=CYLINDRICAL_SURFACE('',#1918,1.);
#1655=CYLINDRICAL_SURFACE('',#1921,15.);
#1656=CYLINDRICAL_SURFACE('',#1924,1.);
#1657=CYLINDRICAL_SURFACE('',#1926,15.);
#1658=CYLINDRICAL_SURFACE('',#1928,3.);
#1659=CYLINDRICAL_SURFACE('',#1930,13.55);
#1660=CYLINDRICAL_SURFACE('',#1932,3.);
#1661=CYLINDRICAL_SURFACE('',#1938,3.);
#1662=CYLINDRICAL_SURFACE('',#1940,3.);
#1663=CYLINDRICAL_SURFACE('',#1943,13.55);
#1664=CYLINDRICAL_SURFACE('',#1947,1.5);
#1665=CYLINDRICAL_SURFACE('',#1949,1.5);
#1666=CYLINDRICAL_SURFACE('',#1951,1.5);
#1667=CYLINDRICAL_SURFACE('',#1953,1.5);
#1668=ADVANCED_FACE('',(#165),#1619,.F.);
#1669=ADVANCED_FACE('',(#166),#1620,.F.);
#1670=ADVANCED_FACE('',(#167),#1621,.F.);
#1671=ADVANCED_FACE('',(#168),#1622,.F.);
#1672=ADVANCED_FACE('',(#169),#1623,.F.);
#1673=ADVANCED_FACE('',(#170),#1624,.F.);
#1674=ADVANCED_FACE('',(#171),#31,.F.);
#1675=ADVANCED_FACE('',(#172),#32,.T.);
#1676=ADVANCED_FACE('',(#173),#33,.T.);
#1677=ADVANCED_FACE('',(#174),#34,.T.);
#1678=ADVANCED_FACE('',(#175),#35,.T.);
#1679=ADVANCED_FACE('',(#176),#36,.T.);
#1680=ADVANCED_FACE('',(#177),#37,.T.);
#1681=ADVANCED_FACE('',(#178),#38,.T.);
#1682=ADVANCED_FACE('',(#179),#39,.T.);
#1683=ADVANCED_FACE('',(#180),#40,.T.);
#1684=ADVANCED_FACE('',(#181),#41,.T.);
#1685=ADVANCED_FACE('',(#182),#1625,.T.);
#1686=ADVANCED_FACE('',(#183),#42,.T.);
#1687=ADVANCED_FACE('',(#184),#43,.T.);
#1688=ADVANCED_FACE('',(#185),#1626,.T.);
#1689=ADVANCED_FACE('',(#186),#44,.T.);
#1690=ADVANCED_FACE('',(#187),#1627,.T.);
#1691=ADVANCED_FACE('',(#188,#15),#45,.T.);
#1692=ADVANCED_FACE('',(#189),#46,.T.);
#1693=ADVANCED_FACE('',(#190),#1628,.T.);
#1694=ADVANCED_FACE('',(#191),#1629,.T.);
#1695=ADVANCED_FACE('',(#192,#16),#47,.T.);
#1696=ADVANCED_FACE('',(#193),#48,.T.);
#1697=ADVANCED_FACE('',(#194),#1630,.T.);
#1698=ADVANCED_FACE('',(#195),#1631,.T.);
#1699=ADVANCED_FACE('',(#196),#49,.T.);
#1700=ADVANCED_FACE('',(#197),#50,.T.);
#1701=ADVANCED_FACE('',(#198),#1632,.T.);
#1702=ADVANCED_FACE('',(#199),#1633,.T.);
#1703=ADVANCED_FACE('',(#200,#17,#18,#19,#20,#21,#22,#23),#51,.T.);
#1704=ADVANCED_FACE('',(#201),#52,.T.);
#1705=ADVANCED_FACE('',(#202),#1634,.T.);
#1706=ADVANCED_FACE('',(#203),#1635,.T.);
#1707=ADVANCED_FACE('',(#204),#53,.T.);
#1708=ADVANCED_FACE('',(#205),#1636,.T.);
#1709=ADVANCED_FACE('',(#206),#54,.T.);
#1710=ADVANCED_FACE('',(#207),#1637,.F.);
#1711=ADVANCED_FACE('',(#208),#55,.F.);
#1712=ADVANCED_FACE('',(#209),#1638,.F.);
#1713=ADVANCED_FACE('',(#210),#56,.F.);
#1714=ADVANCED_FACE('',(#211),#1639,.F.);
#1715=ADVANCED_FACE('',(#212),#57,.F.);
#1716=ADVANCED_FACE('',(#213),#1640,.F.);
#1717=ADVANCED_FACE('',(#214),#58,.F.);
#1718=ADVANCED_FACE('',(#215),#1641,.F.);
#1719=ADVANCED_FACE('',(#216),#1642,.F.);
#1720=ADVANCED_FACE('',(#217),#1643,.F.);
#1721=ADVANCED_FACE('',(#218),#1644,.F.);
#1722=ADVANCED_FACE('',(#219),#59,.T.);
#1723=ADVANCED_FACE('',(#220),#60,.T.);
#1724=ADVANCED_FACE('',(#221),#1645,.T.);
#1725=ADVANCED_FACE('',(#222),#1646,.F.);
#1726=ADVANCED_FACE('',(#223),#61,.F.);
#1727=ADVANCED_FACE('',(#224),#1647,.T.);
#1728=ADVANCED_FACE('',(#225),#1648,.F.);
#1729=ADVANCED_FACE('',(#226),#1649,.F.);
#1730=ADVANCED_FACE('',(#227),#1650,.T.);
#1731=ADVANCED_FACE('',(#228),#1651,.F.);
#1732=ADVANCED_FACE('',(#229),#1652,.F.);
#1733=ADVANCED_FACE('',(#230),#1653,.T.);
#1734=ADVANCED_FACE('',(#231,#24),#62,.T.);
#1735=ADVANCED_FACE('',(#232),#63,.T.);
#1736=ADVANCED_FACE('',(#233),#1654,.F.);
#1737=ADVANCED_FACE('',(#234),#1655,.T.);
#1738=ADVANCED_FACE('',(#235),#1656,.F.);
#1739=ADVANCED_FACE('',(#236),#1657,.T.);
#1740=ADVANCED_FACE('',(#237),#1658,.T.);
#1741=ADVANCED_FACE('',(#238),#1659,.F.);
#1742=ADVANCED_FACE('',(#239),#1660,.T.);
#1743=ADVANCED_FACE('',(#240),#64,.T.);
#1744=ADVANCED_FACE('',(#241),#1661,.F.);
#1745=ADVANCED_FACE('',(#242),#1662,.F.);
#1746=ADVANCED_FACE('',(#243,#25),#65,.T.);
#1747=ADVANCED_FACE('',(#244),#1663,.F.);
#1748=ADVANCED_FACE('',(#245),#66,.F.);
#1749=ADVANCED_FACE('',(#246),#67,.F.);
#1750=ADVANCED_FACE('',(#247),#1664,.F.);
#1751=ADVANCED_FACE('',(#248),#1665,.F.);
#1752=ADVANCED_FACE('',(#249),#1666,.F.);
#1753=ADVANCED_FACE('',(#250),#1667,.F.);
#1754=ADVANCED_FACE('',(#251),#68,.T.);
#1755=ADVANCED_FACE('',(#252,#26,#27,#28,#29,#30),#69,.F.);
#1756=CLOSED_SHELL('',(#1668,#1669,#1670,#1671,#1672,#1673,#1674,#1675,
#1676,#1677,#1678,#1679,#1680,#1681,#1682,#1683,#1684,#1685,#1686,#1687,
#1688,#1689,#1690,#1691,#1692,#1693,#1694,#1695,#1696,#1697,#1698,#1699,
#1700,#1701,#1702,#1703,#1704,#1705,#1706,#1707,#1708,#1709,#1710,#1711,
#1712,#1713,#1714,#1715,#1716,#1717,#1718,#1719,#1720,#1721,#1722,#1723,
#1724,#1725,#1726,#1727,#1728,#1729,#1730,#1731,#1732,#1733,#1734,#1735,
#1736,#1737,#1738,#1739,#1740,#1741,#1742,#1743,#1744,#1745,#1746,#1747,
#1748,#1749,#1750,#1751,#1752,#1753,#1754,#1755));
#1757=DERIVED_UNIT_ELEMENT(#1759,1.);
#1758=DERIVED_UNIT_ELEMENT(#3126,-3.);
#1759=(
MASS_UNIT()
NAMED_UNIT(*)
SI_UNIT(.KILO.,.GRAM.)
);
#1760=DERIVED_UNIT((#1757,#1758));
#1761=MEASURE_REPRESENTATION_ITEM('density measure',
POSITIVE_RATIO_MEASURE(7850.),#1760);
#1762=PROPERTY_DEFINITION_REPRESENTATION(#1767,#1764);
#1763=PROPERTY_DEFINITION_REPRESENTATION(#1768,#1765);
#1764=REPRESENTATION('material name',(#1766),#3123);
#1765=REPRESENTATION('density',(#1761),#3123);
#1766=DESCRIPTIVE_REPRESENTATION_ITEM('Steel','Steel');
#1767=PROPERTY_DEFINITION('material property','material name',#3133);
#1768=PROPERTY_DEFINITION('material property','density of part',#3133);
#1769=AXIS2_PLACEMENT_3D('',#2483,#1957,#1958);
#1770=AXIS2_PLACEMENT_3D('',#2484,#1959,#1960);
#1771=AXIS2_PLACEMENT_3D('',#2531,#1963,#1964);
#1772=AXIS2_PLACEMENT_3D('',#2532,#1965,#1966);
#1773=AXIS2_PLACEMENT_3D('',#2543,#1968,#1969);
#1774=AXIS2_PLACEMENT_3D('',#2545,#1971,#1972);
#1775=AXIS2_PLACEMENT_3D('',#2559,#1974,#1975);
#1776=AXIS2_PLACEMENT_3D('',#2562,#1977,#1978);
#1777=AXIS2_PLACEMENT_3D('',#2563,#1979,#1980);
#1778=AXIS2_PLACEMENT_3D('',#2586,#1983,#1984);
#1779=AXIS2_PLACEMENT_3D('',#2591,#1987,#1988);
#1780=AXIS2_PLACEMENT_3D('',#2592,#1989,#1990);
#1781=AXIS2_PLACEMENT_3D('',#2596,#1992,#1993);
#1782=AXIS2_PLACEMENT_3D('',#2598,#1995,#1996);
#1783=AXIS2_PLACEMENT_3D('',#2600,#1997,#1998);
#1784=AXIS2_PLACEMENT_3D('',#2603,#2000,#2001);
#1785=AXIS2_PLACEMENT_3D('',#2604,#2002,#2003);
#1786=AXIS2_PLACEMENT_3D('',#2610,#2007,#2008);
#1787=AXIS2_PLACEMENT_3D('',#2614,#2011,#2012);
#1788=AXIS2_PLACEMENT_3D('',#2618,#2015,#2016);
#1789=AXIS2_PLACEMENT_3D('',#2622,#2019,#2020);
#1790=AXIS2_PLACEMENT_3D('',#2628,#2024,#2025);
#1791=AXIS2_PLACEMENT_3D('',#2634,#2029,#2030);
#1792=AXIS2_PLACEMENT_3D('',#2639,#2034,#2035);
#1793=AXIS2_PLACEMENT_3D('',#2643,#2038,#2039);
#1794=AXIS2_PLACEMENT_3D('',#2645,#2041,#2042);
#1795=AXIS2_PLACEMENT_3D('',#2646,#2043,#2044);
#1796=AXIS2_PLACEMENT_3D('',#2649,#2045,#2046);
#1797=AXIS2_PLACEMENT_3D('',#2653,#2048,#2049);
#1798=AXIS2_PLACEMENT_3D('',#2655,#2051,#2052);
#1799=AXIS2_PLACEMENT_3D('',#2661,#2056,#2057);
#1800=AXIS2_PLACEMENT_3D('',#2667,#2060,#2061);
#1801=AXIS2_PLACEMENT_3D('',#2669,#2062,#2063);
#1802=AXIS2_PLACEMENT_3D('',#2674,#2066,#2067);
#1803=AXIS2_PLACEMENT_3D('',#2675,#2068,#2069);
#1804=AXIS2_PLACEMENT_3D('',#2677,#2070,#2071);
#1805=AXIS2_PLACEMENT_3D('',#2679,#2073,#2074);
#1806=AXIS2_PLACEMENT_3D('',#2681,#2075,#2076);
#1807=AXIS2_PLACEMENT_3D('',#2683,#2077,#2078);
#1808=AXIS2_PLACEMENT_3D('',#2685,#2079,#2080);
#1809=AXIS2_PLACEMENT_3D('',#2689,#2082,#2083);
#1810=AXIS2_PLACEMENT_3D('',#2691,#2084,#2085);
#1811=AXIS2_PLACEMENT_3D('',#2693,#2087,#2088);
#1812=AXIS2_PLACEMENT_3D('',#2696,#2089,#2090);
#1813=AXIS2_PLACEMENT_3D('',#2700,#2092,#2093);
#1814=AXIS2_PLACEMENT_3D('',#2702,#2095,#2096);
#1815=AXIS2_PLACEMENT_3D('',#2706,#2098,#2099);
#1816=AXIS2_PLACEMENT_3D('',#2713,#2103,#2104);
#1817=AXIS2_PLACEMENT_3D('',#2714,#2105,#2106);
#1818=AXIS2_PLACEMENT_3D('',#2718,#2109,#2110);
#1819=AXIS2_PLACEMENT_3D('',#2720,#2111,#2112);
#1820=AXIS2_PLACEMENT_3D('',#2722,#2114,#2115);
#1821=AXIS2_PLACEMENT_3D('',#2725,#2116,#2117);
#1822=AXIS2_PLACEMENT_3D('',#2729,#2119,#2120);
#1823=AXIS2_PLACEMENT_3D('',#2731,#2122,#2123);
#1824=AXIS2_PLACEMENT_3D('',#2735,#2125,#2126);
#1825=AXIS2_PLACEMENT_3D('',#2742,#2130,#2131);
#1826=AXIS2_PLACEMENT_3D('',#2743,#2132,#2133);
#1827=AXIS2_PLACEMENT_3D('',#2747,#2136,#2137);
#1828=AXIS2_PLACEMENT_3D('',#2749,#2138,#2139);
#1829=AXIS2_PLACEMENT_3D('',#2751,#2141,#2142);
#1830=AXIS2_PLACEMENT_3D('',#2754,#2143,#2144);
#1831=AXIS2_PLACEMENT_3D('',#2758,#2146,#2147);
#1832=AXIS2_PLACEMENT_3D('',#2760,#2149,#2150);
#1833=AXIS2_PLACEMENT_3D('',#2764,#2152,#2153);
#1834=AXIS2_PLACEMENT_3D('',#2770,#2156,#2157);
#1835=AXIS2_PLACEMENT_3D('',#2772,#2158,#2159);
#1836=AXIS2_PLACEMENT_3D('',#2776,#2162,#2163);
#1837=AXIS2_PLACEMENT_3D('',#2780,#2166,#2167);
#1838=AXIS2_PLACEMENT_3D('',#2782,#2168,#2169);
#1839=AXIS2_PLACEMENT_3D('',#2784,#2171,#2172);
#1840=AXIS2_PLACEMENT_3D('',#2787,#2173,#2174);
#1841=AXIS2_PLACEMENT_3D('',#2791,#2176,#2177);
#1842=AXIS2_PLACEMENT_3D('',#2793,#2179,#2180);
#1843=AXIS2_PLACEMENT_3D('',#2797,#2182,#2183);
#1844=AXIS2_PLACEMENT_3D('',#2801,#2185,#2186);
#1845=AXIS2_PLACEMENT_3D('',#2805,#2188,#2189);
#1846=AXIS2_PLACEMENT_3D('',#2811,#2192,#2193);
#1847=AXIS2_PLACEMENT_3D('',#2815,#2195,#2196);
#1848=AXIS2_PLACEMENT_3D('',#2819,#2198,#2199);
#1849=AXIS2_PLACEMENT_3D('',#2822,#2201,#2202);
#1850=AXIS2_PLACEMENT_3D('',#2840,#2211,#2212);
#1851=AXIS2_PLACEMENT_3D('',#2842,#2213,#2214);
#1852=AXIS2_PLACEMENT_3D('',#2844,#2215,#2216);
#1853=AXIS2_PLACEMENT_3D('',#2854,#2221,#2222);
#1854=AXIS2_PLACEMENT_3D('',#2855,#2223,#2224);
#1855=AXIS2_PLACEMENT_3D('',#2856,#2225,#2226);
#1856=AXIS2_PLACEMENT_3D('',#2860,#2229,#2230);
#1857=AXIS2_PLACEMENT_3D('',#2862,#2231,#2232);
#1858=AXIS2_PLACEMENT_3D('',#2864,#2234,#2235);
#1859=AXIS2_PLACEMENT_3D('',#2867,#2237,#2238);
#1860=AXIS2_PLACEMENT_3D('',#2869,#2240,#2241);
#1861=AXIS2_PLACEMENT_3D('',#2871,#2243,#2244);
#1862=AXIS2_PLACEMENT_3D('',#2874,#2246,#2247);
#1863=AXIS2_PLACEMENT_3D('',#2875,#2248,#2249);
#1864=AXIS2_PLACEMENT_3D('',#2877,#2251,#2252);
#1865=AXIS2_PLACEMENT_3D('',#2881,#2254,#2255);
#1866=AXIS2_PLACEMENT_3D('',#2883,#2257,#2258);
#1867=AXIS2_PLACEMENT_3D('',#2887,#2261,#2262);
#1868=AXIS2_PLACEMENT_3D('',#2890,#2264,#2265);
#1869=AXIS2_PLACEMENT_3D('',#2891,#2266,#2267);
#1870=AXIS2_PLACEMENT_3D('',#2895,#2270,#2271);
#1871=AXIS2_PLACEMENT_3D('',#2898,#2273,#2274);
#1872=AXIS2_PLACEMENT_3D('',#2899,#2275,#2276);
#1873=AXIS2_PLACEMENT_3D('',#2903,#2279,#2280);
#1874=AXIS2_PLACEMENT_3D('',#2906,#2282,#2283);
#1875=AXIS2_PLACEMENT_3D('',#2907,#2284,#2285);
#1876=AXIS2_PLACEMENT_3D('',#2909,#2287,#2288);
#1877=AXIS2_PLACEMENT_3D('',#2913,#2290,#2291);
#1878=AXIS2_PLACEMENT_3D('',#2926,#2292,#2293);
#1879=AXIS2_PLACEMENT_3D('',#2927,#2294,#2295);
#1880=AXIS2_PLACEMENT_3D('',#2929,#2296,#2297);
#1881=AXIS2_PLACEMENT_3D('',#2941,#2299,#2300);
#1882=AXIS2_PLACEMENT_3D('',#2945,#2302,#2303);
#1883=AXIS2_PLACEMENT_3D('',#2958,#2304,#2305);
#1884=AXIS2_PLACEMENT_3D('',#2959,#2306,#2307);
#1885=AXIS2_PLACEMENT_3D('',#2961,#2308,#2309);
#1886=AXIS2_PLACEMENT_3D('',#2973,#2311,#2312);
#1887=AXIS2_PLACEMENT_3D('',#2980,#2317,#2318);
#1888=AXIS2_PLACEMENT_3D('',#2987,#2323,#2324);
#1889=AXIS2_PLACEMENT_3D('',#2990,#2325,#2326);
#1890=AXIS2_PLACEMENT_3D('',#2994,#2328,#2329);
#1891=AXIS2_PLACEMENT_3D('',#2996,#2331,#2332);
#1892=AXIS2_PLACEMENT_3D('',#2998,#2333,#2334);
#1893=AXIS2_PLACEMENT_3D('',#3001,#2336,#2337);
#1894=AXIS2_PLACEMENT_3D('',#3002,#2338,#2339);
#1895=AXIS2_PLACEMENT_3D('',#3003,#2340,#2341);
#1896=AXIS2_PLACEMENT_3D('',#3006,#2343,#2344);
#1897=AXIS2_PLACEMENT_3D('',#3008,#2345,#2346);
#1898=AXIS2_PLACEMENT_3D('',#3009,#2347,#2348);
#1899=AXIS2_PLACEMENT_3D('',#3011,#2349,#2350);
#1900=AXIS2_PLACEMENT_3D('',#3013,#2351,#2352);
#1901=AXIS2_PLACEMENT_3D('',#3014,#2353,#2354);
#1902=AXIS2_PLACEMENT_3D('',#3015,#2355,#2356);
#1903=AXIS2_PLACEMENT_3D('',#3016,#2357,#2358);
#1904=AXIS2_PLACEMENT_3D('',#3017,#2359,#2360);
#1905=AXIS2_PLACEMENT_3D('',#3019,#2361,#2362);
#1906=AXIS2_PLACEMENT_3D('',#3021,#2364,#2365);
#1907=AXIS2_PLACEMENT_3D('',#3024,#2367,#2368);
#1908=AXIS2_PLACEMENT_3D('',#3025,#2369,#2370);
#1909=AXIS2_PLACEMENT_3D('',#3028,#2372,#2373);
#1910=AXIS2_PLACEMENT_3D('',#3029,#2374,#2375);
#1911=AXIS2_PLACEMENT_3D('',#3030,#2376,#2377);
#1912=AXIS2_PLACEMENT_3D('',#3031,#2378,#2379);
#1913=AXIS2_PLACEMENT_3D('',#3034,#2381,#2382);
#1914=AXIS2_PLACEMENT_3D('',#3035,#2383,#2384);
#1915=AXIS2_PLACEMENT_3D('',#3036,#2385,#2386);
#1916=AXIS2_PLACEMENT_3D('',#3037,#2387,#2388);
#1917=AXIS2_PLACEMENT_3D('',#3039,#2390,#2391);
#1918=AXIS2_PLACEMENT_3D('',#3040,#2392,#2393);
#1919=AXIS2_PLACEMENT_3D('',#3042,#2394,#2395);
#1920=AXIS2_PLACEMENT_3D('',#3045,#2397,#2398);
#1921=AXIS2_PLACEMENT_3D('',#3046,#2399,#2400);
#1922=AXIS2_PLACEMENT_3D('',#3048,#2401,#2402);
#1923=AXIS2_PLACEMENT_3D('',#3051,#2404,#2405);
#1924=AXIS2_PLACEMENT_3D('',#3052,#2406,#2407);
#1925=AXIS2_PLACEMENT_3D('',#3070,#2409,#2410);
#1926=AXIS2_PLACEMENT_3D('',#3071,#2411,#2412);
#1927=AXIS2_PLACEMENT_3D('',#3074,#2414,#2415);
#1928=AXIS2_PLACEMENT_3D('',#3075,#2416,#2417);
#1929=AXIS2_PLACEMENT_3D('',#3078,#2418,#2419);
#1930=AXIS2_PLACEMENT_3D('',#3081,#2422,#2423);
#1931=AXIS2_PLACEMENT_3D('',#3082,#2424,#2425);
#1932=AXIS2_PLACEMENT_3D('',#3083,#2426,#2427);
#1933=AXIS2_PLACEMENT_3D('',#3085,#2428,#2429);
#1934=AXIS2_PLACEMENT_3D('',#3088,#2431,#2432);
#1935=AXIS2_PLACEMENT_3D('',#3089,#2433,#2434);
#1936=AXIS2_PLACEMENT_3D('',#3090,#2435,#2436);
#1937=AXIS2_PLACEMENT_3D('',#3091,#2437,#2438);
#1938=AXIS2_PLACEMENT_3D('',#3092,#2439,#2440);
#1939=AXIS2_PLACEMENT_3D('',#3093,#2441,#2442);
#1940=AXIS2_PLACEMENT_3D('',#3094,#2443,#2444);
#1941=AXIS2_PLACEMENT_3D('',#3095,#2445,#2446);
#1942=AXIS2_PLACEMENT_3D('',#3096,#2447,#2448);
#1943=AXIS2_PLACEMENT_3D('',#3098,#2450,#2451);
#1944=AXIS2_PLACEMENT_3D('',#3099,#2452,#2453);
#1945=AXIS2_PLACEMENT_3D('',#3100,#2454,#2455);
#1946=AXIS2_PLACEMENT_3D('',#3101,#2456,#2457);
#1947=AXIS2_PLACEMENT_3D('',#3102,#2458,#2459);
#1948=AXIS2_PLACEMENT_3D('',#3105,#2461,#2462);
#1949=AXIS2_PLACEMENT_3D('',#3106,#2463,#2464);
#1950=AXIS2_PLACEMENT_3D('',#3109,#2466,#2467);
#1951=AXIS2_PLACEMENT_3D('',#3110,#2468,#2469);
#1952=AXIS2_PLACEMENT_3D('',#3113,#2471,#2472);
#1953=AXIS2_PLACEMENT_3D('',#3114,#2473,#2474);
#1954=AXIS2_PLACEMENT_3D('',#3117,#2476,#2477);
#1955=AXIS2_PLACEMENT_3D('',#3118,#2478,#2479);
#1956=AXIS2_PLACEMENT_3D('',#3120,#2481,#2482);
#1957=DIRECTION('axis',(0.,0.,1.));
#1958=DIRECTION('refdir',(1.,0.,0.));
#1959=DIRECTION('center_axis',(-0.999968046296048,0.,-0.00799414703803769));
#1960=DIRECTION('ref_axis',(-0.00565271558039909,0.707106781186549,0.707084186505798));
#1961=DIRECTION('',(0.999968046296048,0.,0.00799414703803769));
#1962=DIRECTION('',(-0.999968046296048,0.,-0.00799414703803769));
#1963=DIRECTION('center_axis',(-0.709927512862416,-4.17014424251492E-15,
0.70427475212518));
#1964=DIRECTION('ref_axis',(0.70427475212518,-4.13693968681643E-15,0.709927512862416));
#1965=DIRECTION('center_axis',(-0.999968046296048,0.,0.00799414703803769));
#1966=DIRECTION('ref_axis',(0.00565271558039909,0.707106781186549,0.707084186505798));
#1967=DIRECTION('',(0.999968046296048,0.,-0.00799414703803769));
#1968=DIRECTION('center_axis',(0.709927512862416,0.,0.70427475212518));
#1969=DIRECTION('ref_axis',(0.70427475212518,0.,-0.709927512862416));
#1970=DIRECTION('',(-0.999968046296048,0.,0.00799414703803769));
#1971=DIRECTION('center_axis',(1.,0.,-9.25185853854296E-16));
#1972=DIRECTION('ref_axis',(0.,0.707106781186548,-0.707106781186547));
#1973=DIRECTION('',(-1.,0.,9.25185853854296E-16));
#1974=DIRECTION('center_axis',(-1.,0.,6.57909940518611E-16));
#1975=DIRECTION('ref_axis',(0.,0.707106781186548,-0.707106781186547));
#1976=DIRECTION('',(1.,0.,-9.25185853854296E-16));
#1977=DIRECTION('center_axis',(0.707106781186551,-6.54205191118235E-16,
-0.707106781186544));
#1978=DIRECTION('ref_axis',(-0.707106781186544,-6.54205191118242E-16,-0.707106781186551));
#1979=DIRECTION('center_axis',(0.,0.,-1.));
#1980=DIRECTION('ref_axis',(-0.707106781186548,0.707106781186548,0.));
#1981=DIRECTION('',(0.,0.,1.));
#1982=DIRECTION('',(0.,0.,-1.));
#1983=DIRECTION('center_axis',(0.,0.,1.));
#1984=DIRECTION('ref_axis',(0.707106781186548,0.707106781186548,0.));
#1985=DIRECTION('',(0.,0.,-1.));
#1986=DIRECTION('',(0.,0.,1.));
#1987=DIRECTION('center_axis',(0.707106781186547,0.,0.707106781186548));
#1988=DIRECTION('ref_axis',(0.707106781186548,0.,-0.707106781186547));
#1989=DIRECTION('center_axis',(1.,0.,0.));
#1990=DIRECTION('ref_axis',(0.,0.707106781186548,-0.707106781186547));
#1991=DIRECTION('',(1.,0.,0.));
#1992=DIRECTION('center_axis',(1.,0.,0.));
#1993=DIRECTION('ref_axis',(0.,0.707106781186548,-0.707106781186547));
#1994=DIRECTION('',(-1.,0.,0.));
#1995=DIRECTION('center_axis',(0.,1.,0.));
#1996=DIRECTION('ref_axis',(-1.,0.,0.));
#1997=DIRECTION('center_axis',(0.,1.,0.));
#1998=DIRECTION('ref_axis',(0.707106781186548,0.,-0.707106781186547));
#1999=DIRECTION('',(0.,0.,1.));
#2000=DIRECTION('center_axis',(0.,1.,0.));
#2001=DIRECTION('ref_axis',(0.707106781186548,0.,0.707106781186547));
#2002=DIRECTION('center_axis',(-0.00799414703803769,0.,-0.999968046296048));
#2003=DIRECTION('ref_axis',(0.999968046296048,0.,-0.00799414703803769));
#2004=DIRECTION('',(0.,-1.,0.));
#2005=DIRECTION('',(0.999968046296048,0.,-0.00799414703803769));
#2006=DIRECTION('',(0.,-1.,0.));
#2007=DIRECTION('center_axis',(0.00799414703803769,0.,-0.999968046296048));
#2008=DIRECTION('ref_axis',(0.999968046296048,0.,0.00799414703803769));
#2009=DIRECTION('',(0.999968046296048,0.,0.00799414703803769));
#2010=DIRECTION('',(0.,-1.,0.));
#2011=DIRECTION('center_axis',(-1.,0.,0.));
#2012=DIRECTION('ref_axis',(0.,0.,-1.));
#2013=DIRECTION('',(0.,0.,-1.));
#2014=DIRECTION('',(0.,-1.,0.));
#2015=DIRECTION('center_axis',(0.,0.,1.));
#2016=DIRECTION('ref_axis',(-1.,0.,0.));
#2017=DIRECTION('',(-1.,0.,0.));
#2018=DIRECTION('',(0.,-1.,0.));
#2019=DIRECTION('center_axis',(1.,0.,0.));
#2020=DIRECTION('ref_axis',(0.,0.,1.));
#2021=DIRECTION('',(0.,0.,-1.));
#2022=DIRECTION('',(0.,0.,1.));
#2023=DIRECTION('',(0.,-1.,0.));
#2024=DIRECTION('center_axis',(3.62521803959235E-15,0.,1.));
#2025=DIRECTION('ref_axis',(-1.,0.,3.62521803959235E-15));
#2026=DIRECTION('',(1.,0.,-3.62521803959235E-15));
#2027=DIRECTION('',(-1.,0.,3.62521803959235E-15));
#2028=DIRECTION('',(0.,-1.,0.));
#2029=DIRECTION('center_axis',(-1.,0.,6.57909940518611E-16));
#2030=DIRECTION('ref_axis',(-6.57909940518611E-16,0.,-1.));
#2031=DIRECTION('',(6.57909940518611E-16,0.,1.));
#2032=DIRECTION('',(-6.57909940518611E-16,0.,-1.));
#2033=DIRECTION('',(0.,-1.,0.));
#2034=DIRECTION('center_axis',(9.25185853854296E-16,0.,1.));
#2035=DIRECTION('ref_axis',(-1.,0.,9.25185853854296E-16));
#2036=DIRECTION('',(-1.,0.,9.25185853854296E-16));
#2037=DIRECTION('',(0.,-1.,0.));
#2038=DIRECTION('center_axis',(1.,0.,0.));
#2039=DIRECTION('ref_axis',(0.,0.,1.));
#2040=DIRECTION('',(0.,0.,1.));
#2041=DIRECTION('center_axis',(0.,-1.,0.));
#2042=DIRECTION('ref_axis',(0.,0.,-1.));
#2043=DIRECTION('center_axis',(0.,1.,0.));
#2044=DIRECTION('ref_axis',(-0.707106781186546,0.,0.707106781186549));
#2045=DIRECTION('center_axis',(0.,-1.,0.));
#2046=DIRECTION('ref_axis',(-0.707106781186546,0.,0.707106781186549));
#2047=DIRECTION('',(0.,-1.,0.));
#2048=DIRECTION('center_axis',(0.,1.,-7.23987915019305E-16));
#2049=DIRECTION('ref_axis',(-0.707106781186546,0.,0.707106781186549));
#2050=DIRECTION('',(0.,1.,0.));
#2051=DIRECTION('center_axis',(0.,0.,1.));
#2052=DIRECTION('ref_axis',(0.,1.,0.));
#2053=DIRECTION('',(-1.,0.,0.));
#2054=DIRECTION('',(0.,-1.,0.));
#2055=DIRECTION('',(-1.,0.,0.));
#2056=DIRECTION('center_axis',(0.,-1.,7.23987915019305E-16));
#2057=DIRECTION('ref_axis',(0.,7.23987915019305E-16,1.));
#2058=DIRECTION('',(0.,7.23987915019305E-16,1.));
#2059=DIRECTION('',(-1.,0.,0.));
#2060=DIRECTION('center_axis',(0.,1.,-7.23987915019305E-16));
#2061=DIRECTION('ref_axis',(-1.,0.,0.));
#2062=DIRECTION('center_axis',(0.,1.,-7.23987915019305E-16));
#2063=DIRECTION('ref_axis',(-1.,0.,0.));
#2064=DIRECTION('',(-1.,0.,0.));
#2065=DIRECTION('',(0.,7.23987915019305E-16,1.));
#2066=DIRECTION('center_axis',(0.,1.,-7.23987915019305E-16));
#2067=DIRECTION('ref_axis',(0.707106781186549,0.,0.707106781186546));
#2068=DIRECTION('center_axis',(0.,1.,0.));
#2069=DIRECTION('ref_axis',(0.707106781186549,0.,0.707106781186546));
#2070=DIRECTION('center_axis',(0.,-1.,0.));
#2071=DIRECTION('ref_axis',(0.707106781186549,0.,0.707106781186546));
#2072=DIRECTION('',(0.,1.,0.));
#2073=DIRECTION('center_axis',(1.,0.,0.));
#2074=DIRECTION('ref_axis',(0.,0.,-1.));
#2075=DIRECTION('center_axis',(1.,0.,0.));
#2076=DIRECTION('ref_axis',(0.,0.799305253885454,-0.600925212577331));
#2077=DIRECTION('center_axis',(-1.,0.,0.));
#2078=DIRECTION('ref_axis',(0.,0.,1.));
#2079=DIRECTION('center_axis',(1.,0.,0.));
#2080=DIRECTION('ref_axis',(0.,-0.330718913883069,-0.943729304408845));
#2081=DIRECTION('',(0.,0.,1.));
#2082=DIRECTION('center_axis',(1.,0.,0.));
#2083=DIRECTION('ref_axis',(0.,0.,1.));
#2084=DIRECTION('center_axis',(-1.,0.,0.));
#2085=DIRECTION('ref_axis',(0.,0.768527449794484,-0.639816816684578));
#2086=DIRECTION('',(0.,0.,-1.));
#2087=DIRECTION('center_axis',(0.,-1.,0.));
#2088=DIRECTION('ref_axis',(0.707106781186548,0.,-0.707106781186548));
#2089=DIRECTION('center_axis',(0.,1.,0.));
#2090=DIRECTION('ref_axis',(0.707106781186548,0.,-0.707106781186548));
#2091=DIRECTION('',(0.,1.,0.));
#2092=DIRECTION('center_axis',(0.,-1.,0.));
#2093=DIRECTION('ref_axis',(0.707106781186548,0.,-0.707106781186548));
#2094=DIRECTION('',(0.,-1.,0.));
#2095=DIRECTION('center_axis',(0.,1.,0.));
#2096=DIRECTION('ref_axis',(0.,0.,-1.));
#2097=DIRECTION('',(-1.,0.,0.));
#2098=DIRECTION('center_axis',(0.,-1.,0.));
#2099=DIRECTION('ref_axis',(-0.707106781186544,0.,-0.707106781186551));
#2100=DIRECTION('',(0.,0.,-1.));
#2101=DIRECTION('',(-1.,0.,0.));
#2102=DIRECTION('',(0.,0.,-1.));
#2103=DIRECTION('center_axis',(0.,-1.,0.));
#2104=DIRECTION('ref_axis',(-1.,0.,0.));
#2105=DIRECTION('center_axis',(0.,0.,-1.));
#2106=DIRECTION('ref_axis',(0.,-1.,0.));
#2107=DIRECTION('',(-1.,0.,0.));
#2108=DIRECTION('',(0.,-1.,0.));
#2109=DIRECTION('center_axis',(0.,-1.,0.));
#2110=DIRECTION('ref_axis',(-0.707106781186544,0.,-0.707106781186551));
#2111=DIRECTION('center_axis',(0.,1.,0.));
#2112=DIRECTION('ref_axis',(-0.707106781186544,0.,-0.707106781186551));
#2113=DIRECTION('',(0.,1.,0.));
#2114=DIRECTION('center_axis',(0.,-1.,0.));
#2115=DIRECTION('ref_axis',(0.707106781186545,0.,-0.70710678118655));
#2116=DIRECTION('center_axis',(0.,1.,1.46221755556132E-15));
#2117=DIRECTION('ref_axis',(0.707106781186545,0.,-0.70710678118655));
#2118=DIRECTION('',(0.,1.,0.));
#2119=DIRECTION('center_axis',(0.,-1.,-1.49518524287084E-15));
#2120=DIRECTION('ref_axis',(0.707106781186545,0.,-0.70710678118655));
#2121=DIRECTION('',(0.,-1.,0.));
#2122=DIRECTION('center_axis',(0.,1.,1.49518524287084E-15));
#2123=DIRECTION('ref_axis',(0.,1.49518524287084E-15,-1.));
#2124=DIRECTION('',(-1.,0.,0.));
#2125=DIRECTION('center_axis',(0.,-1.,-1.49518524287084E-15));
#2126=DIRECTION('ref_axis',(-0.707106781186546,0.,-0.707106781186549));
#2127=DIRECTION('',(0.,1.49518524287084E-15,-1.));
#2128=DIRECTION('',(-1.,0.,0.));
#2129=DIRECTION('',(0.,1.49518524287084E-15,-1.));
#2130=DIRECTION('center_axis',(0.,-1.,-1.49518524287084E-15));
#2131=DIRECTION('ref_axis',(-1.,0.,0.));
#2132=DIRECTION('center_axis',(0.,0.,-1.));
#2133=DIRECTION('ref_axis',(0.,-1.,0.));
#2134=DIRECTION('',(-1.,0.,0.));
#2135=DIRECTION('',(0.,-1.,0.));
#2136=DIRECTION('center_axis',(0.,-1.,0.));
#2137=DIRECTION('ref_axis',(-0.707106781186546,0.,-0.707106781186549));
#2138=DIRECTION('center_axis',(0.,1.,1.46221755556132E-15));
#2139=DIRECTION('ref_axis',(-0.707106781186546,0.,-0.707106781186549));
#2140=DIRECTION('',(0.,1.,0.));
#2141=DIRECTION('center_axis',(0.,1.,1.59594601407408E-15));
#2142=DIRECTION('ref_axis',(0.707106781186547,-3.14018491736755E-15,0.707106781186548));
#2143=DIRECTION('center_axis',(0.,-1.,-1.49518524287084E-15));
#2144=DIRECTION('ref_axis',(0.707106781186547,-3.14018491736755E-15,0.707106781186548));
#2145=DIRECTION('',(0.,-1.,-1.59594601407408E-15));
#2146=DIRECTION('center_axis',(0.,1.,1.46221755556132E-15));
#2147=DIRECTION('ref_axis',(0.707106781186547,-3.14018491736755E-15,0.707106781186548));
#2148=DIRECTION('',(0.,1.,1.59594601407408E-15));
#2149=DIRECTION('center_axis',(0.,-1.,-1.46221755556132E-15));
#2150=DIRECTION('ref_axis',(0.,-1.46221755556132E-15,1.));
#2151=DIRECTION('',(-1.,0.,0.));
#2152=DIRECTION('center_axis',(0.,1.,1.46221755556132E-15));
#2153=DIRECTION('ref_axis',(-0.707106781186548,-3.14018491736755E-15,0.707106781186547));
#2154=DIRECTION('',(0.,-1.46221755556132E-15,1.));
#2155=DIRECTION('',(-1.,0.,0.));
#2156=DIRECTION('center_axis',(0.,1.,1.46221755556132E-15));
#2157=DIRECTION('ref_axis',(-1.,0.,0.));
#2158=DIRECTION('center_axis',(0.,1.,1.46221755556132E-15));
#2159=DIRECTION('ref_axis',(-1.,0.,0.));
#2160=DIRECTION('',(-1.,0.,0.));
#2161=DIRECTION('',(0.,-1.46221755556132E-15,1.));
#2162=DIRECTION('center_axis',(0.,-1.59594601407408E-15,1.));
#2163=DIRECTION('ref_axis',(0.,1.,1.59594601407408E-15));
#2164=DIRECTION('',(-1.,0.,0.));
#2165=DIRECTION('',(0.,1.,1.59594601407408E-15));
#2166=DIRECTION('center_axis',(0.,1.,1.59594601407408E-15));
#2167=DIRECTION('ref_axis',(-0.707106781186548,-3.14018491736755E-15,0.707106781186547));
#2168=DIRECTION('center_axis',(0.,-1.,-1.49518524287084E-15));
#2169=DIRECTION('ref_axis',(-0.707106781186548,-3.14018491736755E-15,0.707106781186547));
#2170=DIRECTION('',(0.,-1.,-1.59594601407408E-15));
#2171=DIRECTION('center_axis',(0.,1.,0.));
#2172=DIRECTION('ref_axis',(-0.707106781186547,0.,-0.707106781186548));
#2173=DIRECTION('center_axis',(0.,-1.,0.));
#2174=DIRECTION('ref_axis',(-0.707106781186547,0.,-0.707106781186548));
#2175=DIRECTION('',(0.,-1.,0.));
#2176=DIRECTION('center_axis',(0.,1.,0.));
#2177=DIRECTION('ref_axis',(-0.707106781186547,0.,-0.707106781186548));
#2178=DIRECTION('',(0.,1.,0.));
#2179=DIRECTION('center_axis',(0.,1.,0.));
#2180=DIRECTION('ref_axis',(-1.,0.,0.));
#2181=DIRECTION('',(0.,0.,1.));
#2182=DIRECTION('center_axis',(0.,-1.,0.));
#2183=DIRECTION('ref_axis',(-0.707106781186548,0.,0.707106781186548));
#2184=DIRECTION('',(1.,0.,-1.83697019872103E-16));
#2185=DIRECTION('center_axis',(0.,-1.,0.));
#2186=DIRECTION('ref_axis',(0.707106781186548,0.,0.707106781186547));
#2187=DIRECTION('',(0.,0.,-1.));
#2188=DIRECTION('center_axis',(0.,-1.,0.));
#2189=DIRECTION('ref_axis',(0.707106781186548,0.,-0.707106781186547));
#2190=DIRECTION('',(-1.,0.,-3.41387773674839E-16));
#2191=DIRECTION('',(6.16400449122029E-15,0.,-1.));
#2192=DIRECTION('center_axis',(0.,1.,0.));
#2193=DIRECTION('ref_axis',(-0.707106781186541,0.,-0.707106781186554));
#2194=DIRECTION('',(1.,0.,0.));
#2195=DIRECTION('center_axis',(0.,1.,0.));
#2196=DIRECTION('ref_axis',(0.707106781186548,0.,-0.707106781186548));
#2197=DIRECTION('',(0.,0.,1.));
#2198=DIRECTION('center_axis',(0.,1.,0.));
#2199=DIRECTION('ref_axis',(0.707106781186541,0.,0.707106781186554));
#2200=DIRECTION('',(-1.,0.,0.));
#2201=DIRECTION('center_axis',(0.,1.,0.));
#2202=DIRECTION('ref_axis',(-0.707106781186548,0.,0.707106781186548));
#2203=DIRECTION('',(0.,0.,1.));
#2204=DIRECTION('',(1.,0.,0.));
#2205=DIRECTION('',(0.,0.,-1.));
#2206=DIRECTION('',(-1.,0.,0.));
#2207=DIRECTION('',(0.,0.,1.));
#2208=DIRECTION('',(-1.,0.,0.));
#2209=DIRECTION('',(0.,0.,-1.));
#2210=DIRECTION('',(-1.,0.,0.));
#2211=DIRECTION('center_axis',(0.,-1.,0.));
#2212=DIRECTION('ref_axis',(-1.,0.,0.));
#2213=DIRECTION('center_axis',(0.,-1.,0.));
#2214=DIRECTION('ref_axis',(-1.,0.,0.));
#2215=DIRECTION('center_axis',(0.,-1.,0.));
#2216=DIRECTION('ref_axis',(-1.,0.,0.));
#2217=DIRECTION('',(1.,0.,0.));
#2218=DIRECTION('',(0.,0.,-1.));
#2219=DIRECTION('',(1.,0.,0.));
#2220=DIRECTION('',(1.,0.,0.));
#2221=DIRECTION('center_axis',(0.,-1.,0.));
#2222=DIRECTION('ref_axis',(-1.,0.,0.));
#2223=DIRECTION('center_axis',(0.,-1.,0.));
#2224=DIRECTION('ref_axis',(-1.,0.,0.));
#2225=DIRECTION('center_axis',(-1.,0.,0.));
#2226=DIRECTION('ref_axis',(0.,0.,1.));
#2227=DIRECTION('',(0.,0.,1.));
#2228=DIRECTION('',(0.,-1.,0.));
#2229=DIRECTION('center_axis',(0.,1.,0.));
#2230=DIRECTION('ref_axis',(-0.707106781186548,0.,0.707106781186548));
#2231=DIRECTION('center_axis',(0.,1.,0.));
#2232=DIRECTION('ref_axis',(-0.707106781186548,0.,0.707106781186548));
#2233=DIRECTION('',(0.,1.,0.));
#2234=DIRECTION('center_axis',(0.,1.,0.));
#2235=DIRECTION('ref_axis',(0.707106781186548,0.,-0.707106781186547));
#2236=DIRECTION('',(0.,-1.,0.));
#2237=DIRECTION('center_axis',(0.,1.,0.));
#2238=DIRECTION('ref_axis',(0.707106781186548,0.,-0.707106781186547));
#2239=DIRECTION('',(0.,1.,0.));
#2240=DIRECTION('center_axis',(1.,0.,0.));
#2241=DIRECTION('ref_axis',(0.,0.,-1.));
#2242=DIRECTION('',(0.,1.,0.));
#2243=DIRECTION('center_axis',(0.,1.,0.));
#2244=DIRECTION('ref_axis',(0.707106781186548,0.,0.707106781186547));
#2245=DIRECTION('',(0.,-1.,0.));
#2246=DIRECTION('center_axis',(0.,1.,0.));
#2247=DIRECTION('ref_axis',(0.707106781186548,0.,0.707106781186547));
#2248=DIRECTION('center_axis',(1.83697019872103E-16,0.,1.));
#2249=DIRECTION('ref_axis',(1.,0.,-1.83697019872103E-16));
#2250=DIRECTION('',(-1.,0.,1.83697019872103E-16));
#2251=DIRECTION('center_axis',(0.,-1.,0.));
#2252=DIRECTION('ref_axis',(0.707106781186548,0.,-0.707106781186548));
#2253=DIRECTION('',(0.,-1.,0.));
#2254=DIRECTION('center_axis',(0.,-1.,0.));
#2255=DIRECTION('ref_axis',(0.707106781186548,0.,-0.707106781186548));
#2256=DIRECTION('',(0.,1.,0.));
#2257=DIRECTION('center_axis',(0.,0.,-1.));
#2258=DIRECTION('ref_axis',(1.,0.,0.));
#2259=DIRECTION('',(0.,1.,0.));
#2260=DIRECTION('',(-1.,0.,0.));
#2261=DIRECTION('center_axis',(0.,-1.,0.));
#2262=DIRECTION('ref_axis',(-0.707106781186541,0.,-0.707106781186554));
#2263=DIRECTION('',(0.,-1.,0.));
#2264=DIRECTION('center_axis',(0.,-1.,0.));
#2265=DIRECTION('ref_axis',(-0.707106781186541,0.,-0.707106781186554));
#2266=DIRECTION('center_axis',(-1.,0.,-6.16400449122029E-15));
#2267=DIRECTION('ref_axis',(6.16400449122029E-15,0.,-1.));
#2268=DIRECTION('',(0.,1.,0.));
#2269=DIRECTION('',(-6.16400449122029E-15,0.,1.));
#2270=DIRECTION('center_axis',(0.,-1.,0.));
#2271=DIRECTION('ref_axis',(-0.707106781186548,0.,0.707106781186548));
#2272=DIRECTION('',(0.,-1.,0.));
#2273=DIRECTION('center_axis',(0.,-1.,0.));
#2274=DIRECTION('ref_axis',(-0.707106781186548,0.,0.707106781186548));
#2275=DIRECTION('center_axis',(0.,0.,1.));
#2276=DIRECTION('ref_axis',(-1.,0.,0.));
#2277=DIRECTION('',(0.,1.,0.));
#2278=DIRECTION('',(1.,0.,0.));
#2279=DIRECTION('center_axis',(0.,-1.,0.));
#2280=DIRECTION('ref_axis',(0.707106781186541,0.,0.707106781186554));
#2281=DIRECTION('',(0.,-1.,0.));
#2282=DIRECTION('center_axis',(0.,-1.,0.));
#2283=DIRECTION('ref_axis',(0.707106781186541,0.,0.707106781186554));
#2284=DIRECTION('center_axis',(1.,0.,0.));
#2285=DIRECTION('ref_axis',(0.,0.,1.));
#2286=DIRECTION('',(0.,0.,-1.));
#2287=DIRECTION('center_axis',(0.,-1.,-2.96059473233375E-15));
#2288=DIRECTION('ref_axis',(-1.,0.,0.));
#2289=DIRECTION('',(0.,-1.,-2.96059473233375E-15));
#2290=DIRECTION('center_axis',(0.,1.,0.));
#2291=DIRECTION('ref_axis',(-1.,0.,0.));
#2292=DIRECTION('center_axis',(0.,1.,0.));
#2293=DIRECTION('ref_axis',(-1.,0.,0.));
#2294=DIRECTION('center_axis',(0.,-1.,-1.48029736616687E-15));
#2295=DIRECTION('ref_axis',(-1.,0.,0.));
#2296=DIRECTION('center_axis',(0.,-1.,0.));
#2297=DIRECTION('ref_axis',(-1.,0.,0.));
#2298=DIRECTION('',(0.,-1.,-1.48029736616687E-15));
#2299=DIRECTION('center_axis',(0.,-1.,-2.96059473233375E-15));
#2300=DIRECTION('ref_axis',(-1.,0.,0.));
#2301=DIRECTION('',(0.,-1.,-2.96059473233375E-15));
#2302=DIRECTION('center_axis',(0.,1.,1.46221755556132E-15));
#2303=DIRECTION('ref_axis',(-1.,0.,0.));
#2304=DIRECTION('center_axis',(0.,1.,1.46221755556132E-15));
#2305=DIRECTION('ref_axis',(-1.,0.,0.));
#2306=DIRECTION('center_axis',(0.,-1.,-1.48029736616687E-15));
#2307=DIRECTION('ref_axis',(-1.,0.,0.));
#2308=DIRECTION('center_axis',(0.,-1.,-1.49518524287084E-15));
#2309=DIRECTION('ref_axis',(-1.,0.,0.));
#2310=DIRECTION('',(0.,-1.,-1.48029736616687E-15));
#2311=DIRECTION('center_axis',(0.,-1.,0.));
#2312=DIRECTION('ref_axis',(0.,0.,1.));
#2313=DIRECTION('',(0.,0.,1.));
#2314=DIRECTION('',(1.,0.,0.));
#2315=DIRECTION('',(1.,0.,0.));
#2316=DIRECTION('',(0.,0.,1.));
#2317=DIRECTION('center_axis',(0.,-1.,-1.46221755556132E-15));
#2318=DIRECTION('ref_axis',(0.,-1.46221755556132E-15,1.));
#2319=DIRECTION('',(0.,-1.46221755556132E-15,1.));
#2320=DIRECTION('',(1.,0.,0.));
#2321=DIRECTION('',(1.,0.,0.));
#2322=DIRECTION('',(0.,-1.46221755556132E-15,1.));
#2323=DIRECTION('center_axis',(-1.,0.,0.));
#2324=DIRECTION('ref_axis',(0.,0.774382188642263,-0.632718125166032));
#2325=DIRECTION('center_axis',(1.,0.,0.));
#2326=DIRECTION('ref_axis',(0.,0.774382188642263,-0.632718125166032));
#2327=DIRECTION('',(1.,0.,0.));
#2328=DIRECTION('center_axis',(-1.,0.,0.));
#2329=DIRECTION('ref_axis',(0.,0.774382188642263,-0.632718125166032));
#2330=DIRECTION('',(-1.,0.,0.));
#2331=DIRECTION('center_axis',(-1.,0.,0.));
#2332=DIRECTION('ref_axis',(0.,-2.57977134352733E-15,-1.));
#2333=DIRECTION('center_axis',(1.,0.,0.));
#2334=DIRECTION('ref_axis',(0.,-2.57977134352733E-15,-1.));
#2335=DIRECTION('',(1.,0.,0.));
#2336=DIRECTION('center_axis',(1.,0.,0.));
#2337=DIRECTION('ref_axis',(0.,-2.57977134352733E-15,-1.));
#2338=DIRECTION('center_axis',(-1.,0.,0.));
#2339=DIRECTION('ref_axis',(0.,0.,1.));
#2340=DIRECTION('center_axis',(-1.,0.,0.));
#2341=DIRECTION('ref_axis',(0.,0.77438218864226,0.632718125166035));
#2342=DIRECTION('',(0.,1.49518524287084E-15,-1.));
#2343=DIRECTION('center_axis',(1.,0.,0.));
#2344=DIRECTION('ref_axis',(0.,0.799305244823059,-0.600925224631442));
#2345=DIRECTION('center_axis',(-1.,0.,0.));
#2346=DIRECTION('ref_axis',(0.,-1.77635683940025E-15,-1.));
#2347=DIRECTION('center_axis',(1.,0.,0.));
#2348=DIRECTION('ref_axis',(0.,-0.456435464587639,-0.889756521002609));
#2349=DIRECTION('center_axis',(1.,0.,0.));
#2350=DIRECTION('ref_axis',(0.,-0.456435464587638,0.889756521002609));
#2351=DIRECTION('center_axis',(-1.,0.,0.));
#2352=DIRECTION('ref_axis',(0.,-1.77635683940025E-15,-1.));
#2353=DIRECTION('center_axis',(1.,0.,0.));
#2354=DIRECTION('ref_axis',(0.,0.799305244823058,0.600925224631444));
#2355=DIRECTION('center_axis',(-1.,0.,0.));
#2356=DIRECTION('ref_axis',(0.,0.77438218864226,0.632718125166035));
#2357=DIRECTION('center_axis',(1.,0.,0.));
#2358=DIRECTION('ref_axis',(0.,0.77438218864226,0.632718125166035));
#2359=DIRECTION('center_axis',(-1.,0.,0.));
#2360=DIRECTION('ref_axis',(0.,0.799305244823059,-0.600925224631442));
#2361=DIRECTION('center_axis',(-1.,0.,0.));
#2362=DIRECTION('ref_axis',(0.,0.799305244823059,-0.600925224631442));
#2363=DIRECTION('',(1.,0.,0.));
#2364=DIRECTION('center_axis',(-1.,0.,0.));
#2365=DIRECTION('ref_axis',(0.,0.799305244823058,0.600925224631444));
#2366=DIRECTION('',(-1.,0.,0.));
#2367=DIRECTION('center_axis',(-1.,0.,0.));
#2368=DIRECTION('ref_axis',(0.,0.799305244823058,0.600925224631444));
#2369=DIRECTION('center_axis',(-1.,0.,0.));
#2370=DIRECTION('ref_axis',(0.,-1.77635683940025E-15,-1.));
#2371=DIRECTION('',(1.,0.,0.));
#2372=DIRECTION('center_axis',(-1.,0.,0.));
#2373=DIRECTION('ref_axis',(0.,-1.77635683940025E-15,-1.));
#2374=DIRECTION('center_axis',(1.,0.,0.));
#2375=DIRECTION('ref_axis',(0.,-0.456435464587638,0.889756521002609));
#2376=DIRECTION('center_axis',(-1.,0.,0.));
#2377=DIRECTION('ref_axis',(0.,-0.456435464587638,0.889756521002609));
#2378=DIRECTION('center_axis',(-1.,0.,0.));
#2379=DIRECTION('ref_axis',(0.,-0.456435464587639,-0.889756521002609));
#2380=DIRECTION('',(-1.,0.,0.));
#2381=DIRECTION('center_axis',(-1.,0.,0.));
#2382=DIRECTION('ref_axis',(0.,-0.456435464587639,-0.889756521002609));
#2383=DIRECTION('center_axis',(-1.,0.,0.));
#2384=DIRECTION('ref_axis',(0.,-1.77635683940025E-15,-1.));
#2385=DIRECTION('center_axis',(-1.,0.,0.));
#2386=DIRECTION('ref_axis',(0.,-1.77635683940025E-15,-1.));
#2387=DIRECTION('center_axis',(0.,1.,1.49518524287084E-15));
#2388=DIRECTION('ref_axis',(0.,1.49518524287084E-15,-1.));
#2389=DIRECTION('',(0.,1.49518524287084E-15,-1.));
#2390=DIRECTION('center_axis',(-1.,0.,0.));
#2391=DIRECTION('ref_axis',(0.,0.,1.));
#2392=DIRECTION('center_axis',(1.,0.,0.));
#2393=DIRECTION('ref_axis',(0.,-0.330718913883067,0.943729304408846));
#2394=DIRECTION('center_axis',(-1.,0.,0.));
#2395=DIRECTION('ref_axis',(0.,-0.330718913883067,0.943729304408846));
#2396=DIRECTION('',(1.,0.,0.));
#2397=DIRECTION('center_axis',(1.,0.,0.));
#2398=DIRECTION('ref_axis',(0.,-0.330718913883067,0.943729304408846));
#2399=DIRECTION('center_axis',(-1.,0.,0.));
#2400=DIRECTION('ref_axis',(0.,-0.9,-0.435889894354067));
#2401=DIRECTION('center_axis',(-1.,0.,0.));
#2402=DIRECTION('ref_axis',(0.,-0.9,-0.435889894354067));
#2403=DIRECTION('',(-1.,0.,0.));
#2404=DIRECTION('center_axis',(-1.,0.,0.));
#2405=DIRECTION('ref_axis',(0.,-0.9,-0.435889894354067));
#2406=DIRECTION('center_axis',(-1.,0.,0.));
#2407=DIRECTION('ref_axis',(0.,-0.330718913883069,-0.943729304408845));
#2408=DIRECTION('',(-1.,0.,0.));
#2409=DIRECTION('center_axis',(-1.,0.,0.));
#2410=DIRECTION('ref_axis',(0.,-0.330718913883069,-0.943729304408845));
#2411=DIRECTION('center_axis',(-1.,0.,0.));
#2412=DIRECTION('ref_axis',(0.,0.,1.));
#2413=DIRECTION('',(1.,0.,0.));
#2414=DIRECTION('center_axis',(-1.,0.,0.));
#2415=DIRECTION('ref_axis',(0.,0.,1.));
#2416=DIRECTION('center_axis',(-1.,0.,0.));
#2417=DIRECTION('ref_axis',(0.,0.768527449794484,-0.639816816684578));
#2418=DIRECTION('center_axis',(1.,0.,0.));
#2419=DIRECTION('ref_axis',(0.,0.768527449794484,-0.639816816684578));
#2420=DIRECTION('',(1.,0.,0.));
#2421=DIRECTION('',(-1.,0.,0.));
#2422=DIRECTION('center_axis',(-1.,0.,0.));
#2423=DIRECTION('ref_axis',(0.,0.,1.));
#2424=DIRECTION('center_axis',(1.,0.,0.));
#2425=DIRECTION('ref_axis',(0.,0.,1.));
#2426=DIRECTION('center_axis',(-1.,0.,0.));
#2427=DIRECTION('ref_axis',(0.,0.768527449794485,0.639816816684576));
#2428=DIRECTION('center_axis',(1.,0.,0.));
#2429=DIRECTION('ref_axis',(0.,0.768527449794485,0.639816816684576));
#2430=DIRECTION('',(1.,0.,0.));
#2431=DIRECTION('center_axis',(-1.,0.,0.));
#2432=DIRECTION('ref_axis',(0.,0.768527449794485,0.639816816684576));
#2433=DIRECTION('center_axis',(1.,0.,0.));
#2434=DIRECTION('ref_axis',(0.,0.,-1.));
#2435=DIRECTION('center_axis',(1.,0.,0.));
#2436=DIRECTION('ref_axis',(0.,0.,1.));
#2437=DIRECTION('center_axis',(1.,0.,0.));
#2438=DIRECTION('ref_axis',(0.,0.799305253885454,0.60092521257733));
#2439=DIRECTION('center_axis',(-1.,0.,0.));
#2440=DIRECTION('ref_axis',(0.,0.799305253885454,0.60092521257733));
#2441=DIRECTION('center_axis',(-1.,0.,0.));
#2442=DIRECTION('ref_axis',(0.,0.799305253885454,0.60092521257733));
#2443=DIRECTION('center_axis',(-1.,0.,0.));
#2444=DIRECTION('ref_axis',(0.,0.799305253885454,-0.600925212577331));
#2445=DIRECTION('center_axis',(-1.,0.,0.));
#2446=DIRECTION('ref_axis',(0.,0.799305253885454,-0.600925212577331));
#2447=DIRECTION('center_axis',(0.,1.,0.));
#2448=DIRECTION('ref_axis',(0.,0.,-1.));
#2449=DIRECTION('',(0.,0.,-1.));
#2450=DIRECTION('center_axis',(-1.,0.,0.));
#2451=DIRECTION('ref_axis',(0.,0.,1.));
#2452=DIRECTION('center_axis',(1.,0.,0.));
#2453=DIRECTION('ref_axis',(0.,0.,1.));
#2454=DIRECTION('center_axis',(1.,0.,0.));
#2455=DIRECTION('ref_axis',(0.,0.,-1.));
#2456=DIRECTION('center_axis',(1.,0.,0.));
#2457=DIRECTION('ref_axis',(0.,0.,-1.));
#2458=DIRECTION('center_axis',(0.,1.,0.));
#2459=DIRECTION('ref_axis',(-1.,0.,0.));
#2460=DIRECTION('',(0.,-1.,0.));
#2461=DIRECTION('center_axis',(0.,-1.,0.));
#2462=DIRECTION('ref_axis',(-1.,0.,0.));
#2463=DIRECTION('center_axis',(0.,1.,0.));
#2464=DIRECTION('ref_axis',(-1.,0.,0.));
#2465=DIRECTION('',(0.,-1.,0.));
#2466=DIRECTION('center_axis',(0.,-1.,0.));
#2467=DIRECTION('ref_axis',(-1.,0.,0.));
#2468=DIRECTION('center_axis',(0.,1.,0.));
#2469=DIRECTION('ref_axis',(-1.,0.,0.));
#2470=DIRECTION('',(0.,-1.,0.));
#2471=DIRECTION('center_axis',(0.,-1.,0.));
#2472=DIRECTION('ref_axis',(-1.,0.,0.));
#2473=DIRECTION('center_axis',(0.,1.,0.));
#2474=DIRECTION('ref_axis',(-1.,0.,0.));
#2475=DIRECTION('',(0.,-1.,0.));
#2476=DIRECTION('center_axis',(0.,-1.,0.));
#2477=DIRECTION('ref_axis',(-1.,0.,0.));
#2478=DIRECTION('center_axis',(3.41387773674839E-16,0.,-1.));
#2479=DIRECTION('ref_axis',(-1.,0.,-3.41387773674839E-16));
#2480=DIRECTION('',(1.,0.,3.41387773674839E-16));
#2481=DIRECTION('center_axis',(0.,1.,0.));
#2482=DIRECTION('ref_axis',(-1.,0.,0.));
#2483=CARTESIAN_POINT('',(0.,0.,0.));
#2484=CARTESIAN_POINT('Origin',(51.527721877065,20.,-60.5980438810626));
#2485=CARTESIAN_POINT('',(62.2857923347698,21.5,-60.5120395358208));
#2486=CARTESIAN_POINT('',(69.8857931010853,21.5,-60.4512820707796));
#2487=CARTESIAN_POINT('',(51.527721877065,21.5,-60.5980438810626));
#2488=CARTESIAN_POINT('',(69.8857923347697,20.,-58.9512341448183));
#2489=CARTESIAN_POINT('Ctrl Pts',(69.8857931010853,21.5,-60.4512820707796));
#2490=CARTESIAN_POINT('Ctrl Pts',(69.8856185026661,21.5,-60.3911837894062));
#2491=CARTESIAN_POINT('Ctrl Pts',(69.885443905917,21.4963839176868,-60.331085716937));
#2492=CARTESIAN_POINT('Ctrl Pts',(69.8852727737008,21.4891778172797,-60.271421014312));
#2493=CARTESIAN_POINT('Ctrl Pts',(69.8851016475552,21.4819719724953,-60.2117584281793));
#2494=CARTESIAN_POINT('Ctrl Pts',(69.8849339890121,21.4711764147093,-60.1525295958512));
#2495=CARTESIAN_POINT('Ctrl Pts',(69.884773210605,21.4568689512949,-60.0941613826852));
#2496=CARTESIAN_POINT('Ctrl Pts',(69.884612437447,21.4425619549968,-60.0357950751498));
#2497=CARTESIAN_POINT('Ctrl Pts',(69.8844585472184,21.4247433821032,-59.9782897361908));
#2498=CARTESIAN_POINT('Ctrl Pts',(69.8843148529317,21.4035416489541,-59.9220597823421));
#2499=CARTESIAN_POINT('Ctrl Pts',(69.8841711629305,21.382340548135,-59.8658315055206));
#2500=CARTESIAN_POINT('Ctrl Pts',(69.8840376713863,21.3577566364479,-59.8108789284111));
#2501=CARTESIAN_POINT('Ctrl Pts',(69.8839175440466,21.3299670766815,-59.7575980465257));
#2502=CARTESIAN_POINT('Ctrl Pts',(69.8837974199505,21.3021782672634,-59.7043186032821));
#2503=CARTESIAN_POINT('Ctrl Pts',(69.883690662296,21.2711841761926,-59.6527111351117));
#2504=CARTESIAN_POINT('Ctrl Pts',(69.8836002439545,21.2372081488745,-59.6031475111196));
#2505=CARTESIAN_POINT('Ctrl Pts',(69.8835090343213,21.2029347819839,-59.5531501334507));
#2506=CARTESIAN_POINT('Ctrl Pts',(69.8834344544269,21.1656272374108,-59.5052329286194));
#2507=CARTESIAN_POINT('Ctrl Pts',(69.8833793129698,21.1255590713957,-59.4597472297396));
#2508=CARTESIAN_POINT('Ctrl Pts',(69.8833246408564,21.0858319508065,-59.4146486883239));
#2509=CARTESIAN_POINT('Ctrl Pts',(69.8832890798272,21.0433913394879,-59.3719407050796));
#2510=CARTESIAN_POINT('Ctrl Pts',(69.8832750908822,20.9985431681203,-59.3319311203973));
#2511=CARTESIAN_POINT('Ctrl Pts',(69.8832611029733,20.9536983184613,-59.2919244990505));
#2512=CARTESIAN_POINT('Ctrl Pts',(69.8832686861727,20.9064465775732,-59.2546161542012));
#2513=CARTESIAN_POINT('Ctrl Pts',(69.8832999899967,20.8571285065399,-59.220274963514));
#2514=CARTESIAN_POINT('Ctrl Pts',(69.883331291856,20.8078135310306,-59.185935928304));
#2515=CARTESIAN_POINT('Ctrl Pts',(69.8833863132664,20.7564328278276,-59.1545639129965));
#2516=CARTESIAN_POINT('Ctrl Pts',(69.8834668614747,20.7033566706154,-59.1263849815756));
#2517=CARTESIAN_POINT('Ctrl Pts',(69.8835486352125,20.6494729671959,-59.0977773117082));
#2518=CARTESIAN_POINT('Ctrl Pts',(69.8836567210485,20.5938421498576,-59.0724609569946));
#2519=CARTESIAN_POINT('Ctrl Pts',(69.8837926219671,20.5368773853735,-59.0506239220632));
#2520=CARTESIAN_POINT('Ctrl Pts',(69.8839264948425,20.4807627034702,-59.0291127602074));
#2521=CARTESIAN_POINT('Ctrl Pts',(69.8840873590635,20.4233540366635,-59.0109778789002));
#2522=CARTESIAN_POINT('Ctrl Pts',(69.8842762594014,20.3650651525457,-58.9963499659798));
#2523=CARTESIAN_POINT('Ctrl Pts',(69.8844694522224,20.3054517389992,-58.9813896551857));
#2524=CARTESIAN_POINT('Ctrl Pts',(69.8846919722919,20.2449180382062,-58.9700978172392));
#2525=CARTESIAN_POINT('Ctrl Pts',(69.8849444999198,20.18392034923,-58.9625595504255));
#2526=CARTESIAN_POINT('Ctrl Pts',(69.8851970275478,20.1229226602539,-58.9550212836118));
#2527=CARTESIAN_POINT('Ctrl Pts',(69.8854795631922,20.06146144698,-58.9512366452402));
#2528=CARTESIAN_POINT('Ctrl Pts',(69.8857923347697,20.,-58.9512341448183));
#2529=CARTESIAN_POINT('',(63.7857923347698,20.,-59.));
#2530=CARTESIAN_POINT('',(51.5157306565079,20.,-59.0980918116185));
#2531=CARTESIAN_POINT('Origin',(62.2857923347698,20.,-60.5120395358208));
#2532=CARTESIAN_POINT('Origin',(54.335096635196,20.,-60.3269635565024));
#2533=CARTESIAN_POINT('',(75.4812974037308,21.5,-60.4960147965553));
#2534=CARTESIAN_POINT('',(54.335096635196,21.5,-60.3269635565024));
#2535=CARTESIAN_POINT('',(76.3903347513727,21.0246817471674,-59.4077894185468));
#2536=CARTESIAN_POINT('Ctrl Pts',(75.4812974037308,21.5,-60.4960147965553));
#2537=CARTESIAN_POINT('Ctrl Pts',(75.6543418625988,21.5,-60.3192550948388));
#2538=CARTESIAN_POINT('Ctrl Pts',(75.8339196280224,21.4665010184816,-60.1196884637191));
#2539=CARTESIAN_POINT('Ctrl Pts',(76.1487081346256,21.3074533237413,-59.7380025594566));
#2540=CARTESIAN_POINT('Ctrl Pts',(76.2852475098145,21.1839228101201,-59.5559068104169));
#2541=CARTESIAN_POINT('Ctrl Pts',(76.3903347513727,21.0246817471674,-59.4077894185468));
#2542=CARTESIAN_POINT('',(75.9857923347697,20.,-59.));
#2543=CARTESIAN_POINT('Origin',(77.4857923347698,20.,-60.5120395358208));
#2544=CARTESIAN_POINT('',(54.347087855753,20.,-58.8270114870584));
#2545=CARTESIAN_POINT('Origin',(57.5054231569884,20.,-2.29999999999998));
#2546=CARTESIAN_POINT('',(75.0592676334433,21.5,-2.3));
#2547=CARTESIAN_POINT('',(76.2224604318097,20.8086980295285,-3.56333190296006));
#2548=CARTESIAN_POINT('Ctrl Pts',(76.2224604318097,20.8086980295285,-3.56333190296006));
#2549=CARTESIAN_POINT('Ctrl Pts',(76.1883065270502,20.8790862920567,-3.51827418766362));
#2550=CARTESIAN_POINT('Ctrl Pts',(76.1501006670386,20.9432715506884,-3.46878743154929));
#2551=CARTESIAN_POINT('Ctrl Pts',(75.9869351797088,21.1739227028804,-3.26243002417588));
#2552=CARTESIAN_POINT('Ctrl Pts',(75.8257766033088,21.3046461622151,-3.07020845570146));
#2553=CARTESIAN_POINT('Ctrl Pts',(75.460173639738,21.4674340248046,-2.67677516961072));
#2554=CARTESIAN_POINT('Ctrl Pts',(75.2554921045586,21.5,-2.47599166851948));
#2555=CARTESIAN_POINT('Ctrl Pts',(75.0592676334433,21.5,-2.3));
#2556=CARTESIAN_POINT('',(74.7857923347698,21.5,-2.3));
#2557=CARTESIAN_POINT('',(57.5054231569884,21.5,-2.29999999999998));
#2558=CARTESIAN_POINT('',(74.7857923347698,20.,-3.8));
#2559=CARTESIAN_POINT('Origin',(74.7857923347698,20.,-2.3));
#2560=CARTESIAN_POINT('',(75.9857923347698,20.,-3.8));
#2561=CARTESIAN_POINT('',(57.5054231569884,20.,-3.79999999999999));
#2562=CARTESIAN_POINT('Origin',(77.4857923347698,20.,-2.3));
#2563=CARTESIAN_POINT('Origin',(77.4857923347698,20.,-45.3));
#2564=CARTESIAN_POINT('',(77.4857923347698,21.5,-57.3367545492921));
#2565=CARTESIAN_POINT('Ctrl Pts',(76.3903347513727,21.0246817471674,-59.4077894185468));
#2566=CARTESIAN_POINT('Ctrl Pts',(76.4763727048812,21.1166624317958,-59.2865214407548));
#2567=CARTESIAN_POINT('Ctrl Pts',(76.5663823266433,21.1892791464194,-59.1526610509114));
#2568=CARTESIAN_POINT('Ctrl Pts',(76.8565890101691,21.3846609207666,-58.6955738166273));
#2569=CARTESIAN_POINT('Ctrl Pts',(77.0548990725265,21.4477817687146,-58.3352879077619));
#2570=CARTESIAN_POINT('Ctrl Pts',(77.3220369082886,21.4939280110106,-57.7529468389756));
#2571=CARTESIAN_POINT('Ctrl Pts',(77.4075385229728,21.5,-57.5472027839859));
#2572=CARTESIAN_POINT('Ctrl Pts',(77.4857923347696,21.5,-57.3367545492925));
#2573=CARTESIAN_POINT('',(77.4857923347698,21.5,-5.86324545070792));
#2574=CARTESIAN_POINT('',(77.4857923347698,21.5,-45.3));
#2575=CARTESIAN_POINT('Ctrl Pts',(77.4857923347696,21.5,-5.86324545070753));
#2576=CARTESIAN_POINT('Ctrl Pts',(77.4075385229727,21.5,-5.65279721601413));
#2577=CARTESIAN_POINT('Ctrl Pts',(77.3220369082886,21.4939280110106,-5.44705316102438));
#2578=CARTESIAN_POINT('Ctrl Pts',(77.0548990725265,21.4477817687146,-4.86471209223809));
#2579=CARTESIAN_POINT('Ctrl Pts',(76.8565890101691,21.3846609207666,-4.5044261833727));
#2580=CARTESIAN_POINT('Ctrl Pts',(76.5611627923337,21.1857650927033,-4.03911797198066));
#2581=CARTESIAN_POINT('Ctrl Pts',(76.4648213999086,21.1072344062852,-3.89642300839228));
#2582=CARTESIAN_POINT('Ctrl Pts',(76.3204861972589,20.9478363539948,-3.69433838862301));
#2583=CARTESIAN_POINT('Ctrl Pts',(76.268978416511,20.881367495743,-3.6247009945938));
#2584=CARTESIAN_POINT('Ctrl Pts',(76.2224604318097,20.8086980295285,-3.56333190296005));
#2585=CARTESIAN_POINT('',(75.9857923347697,20.,-45.3));
#2586=CARTESIAN_POINT('Origin',(62.2857923347698,20.,-17.7));
#2587=CARTESIAN_POINT('',(62.2857923347698,21.5,-2.3));
#2588=CARTESIAN_POINT('',(62.2857923347698,21.5,-17.7));
#2589=CARTESIAN_POINT('',(63.7857923347698,20.,-3.8));
#2590=CARTESIAN_POINT('',(63.7857923347698,20.,-17.7));
#2591=CARTESIAN_POINT('Origin',(62.2857923347698,20.,-2.3));
#2592=CARTESIAN_POINT('Origin',(52.0054231569883,20.,-2.3));
#2593=CARTESIAN_POINT('',(64.9857923347698,20.,-3.8));
#2594=CARTESIAN_POINT('',(52.0054231569883,20.,-3.8));
#2595=CARTESIAN_POINT('',(64.9857923347698,21.5,-2.3));
#2596=CARTESIAN_POINT('Origin',(64.9857923347698,20.,-2.3));
#2597=CARTESIAN_POINT('',(52.0054231569883,21.5,-2.3));
#2598=CARTESIAN_POINT('Origin',(39.0250539792069,21.5,-31.6));
#2599=CARTESIAN_POINT('',(78.0501079584138,21.5,-54.2));
#2600=CARTESIAN_POINT('Origin',(69.0501079584138,21.5,-54.2));
#2601=CARTESIAN_POINT('',(78.0501079584138,21.5,-9.00000000000001));
#2602=CARTESIAN_POINT('',(78.0501079584138,21.5,-63.2));
#2603=CARTESIAN_POINT('Origin',(69.0501079584138,21.5,-9.00000000000001));
#2604=CARTESIAN_POINT('Origin',(69.8857923347697,21.5,-58.9512341448183));
#2605=CARTESIAN_POINT('',(75.9857923347697,1.5,-59.));
#2606=CARTESIAN_POINT('',(75.9857923347697,21.5,-59.));
#2607=CARTESIAN_POINT('',(69.8857923347697,1.5,-58.9512341448183));
#2608=CARTESIAN_POINT('',(75.9857923347697,1.5,-59.));
#2609=CARTESIAN_POINT('',(69.8857923347697,21.5,-58.9512341448183));
#2610=CARTESIAN_POINT('Origin',(63.7857923347698,21.5,-59.));
#2611=CARTESIAN_POINT('',(63.7857923347698,1.5,-59.));
#2612=CARTESIAN_POINT('',(63.7857923347698,1.5,-59.));
#2613=CARTESIAN_POINT('',(63.7857923347698,21.5,-59.));
#2614=CARTESIAN_POINT('Origin',(63.7857923347698,21.5,-3.8));
#2615=CARTESIAN_POINT('',(63.7857923347698,1.5,-3.8));
#2616=CARTESIAN_POINT('',(63.7857923347698,1.5,-30.8));
#2617=CARTESIAN_POINT('',(63.7857923347698,21.5,-3.8));
#2618=CARTESIAN_POINT('Origin',(64.9857923347698,21.5,-3.8));
#2619=CARTESIAN_POINT('',(64.9857923347698,1.5,-3.8));
#2620=CARTESIAN_POINT('',(63.7857923347698,1.5,-3.8));
#2621=CARTESIAN_POINT('',(64.9857923347698,21.5,-3.8));
#2622=CARTESIAN_POINT('Origin',(64.9857923347698,21.5,-57.8));
#2623=CARTESIAN_POINT('',(64.9857923347698,21.5,-57.8));
#2624=CARTESIAN_POINT('',(64.9857923347698,21.5,-44.7));
#2625=CARTESIAN_POINT('',(64.9857923347698,1.5,-57.8));
#2626=CARTESIAN_POINT('',(64.9857923347698,1.5,-30.8));
#2627=CARTESIAN_POINT('',(64.9857923347698,21.5,-57.8));
#2628=CARTESIAN_POINT('Origin',(74.7857923347698,21.5,-57.8));
#2629=CARTESIAN_POINT('',(74.7857923347698,21.5,-57.8));
#2630=CARTESIAN_POINT('',(56.9054231569883,21.5,-57.7999999999999));
#2631=CARTESIAN_POINT('',(74.7857923347698,1.5,-57.8));
#2632=CARTESIAN_POINT('',(74.7857923347698,1.5,-57.8));
#2633=CARTESIAN_POINT('',(74.7857923347698,21.5,-57.8));
#2634=CARTESIAN_POINT('Origin',(74.7857923347698,21.5,-3.8));
#2635=CARTESIAN_POINT('',(74.7857923347698,21.5,-17.7));
#2636=CARTESIAN_POINT('',(74.7857923347698,1.5,-3.8));
#2637=CARTESIAN_POINT('',(74.7857923347698,1.5,-30.8));
#2638=CARTESIAN_POINT('',(74.7857923347698,21.5,-3.8));
#2639=CARTESIAN_POINT('Origin',(75.9857923347698,21.5,-3.8));
#2640=CARTESIAN_POINT('',(75.9857923347698,1.5,-3.8));
#2641=CARTESIAN_POINT('',(75.9857923347698,1.5,-3.8));
#2642=CARTESIAN_POINT('',(75.9857923347698,21.5,-3.8));
#2643=CARTESIAN_POINT('Origin',(75.9857923347697,21.5,-59.));
#2644=CARTESIAN_POINT('',(75.9857923347697,1.5,-58.6));
#2645=CARTESIAN_POINT('Origin',(69.8857923347698,1.5,-31.4));
#2646=CARTESIAN_POINT('Origin',(55.0501079584138,32.625,-2.3840480985175));
#2647=CARTESIAN_POINT('',(55.0501079584138,37.,-0.3840480985175));
#2648=CARTESIAN_POINT('',(53.0501079584138,37.,-2.3840480985175));
#2649=CARTESIAN_POINT('Origin',(55.0501079584138,37.,-2.3840480985175));
#2650=CARTESIAN_POINT('',(53.0501079584138,35.,-2.3840480985175));
#2651=CARTESIAN_POINT('',(53.0501079584138,32.625,-2.3840480985175));
#2652=CARTESIAN_POINT('',(55.0501079584138,35.,-0.3840480985175));
#2653=CARTESIAN_POINT('Origin',(55.0501079584138,35.,-2.3840480985175));
#2654=CARTESIAN_POINT('',(55.0501079584138,32.625,-0.3840480985175));
#2655=CARTESIAN_POINT('Origin',(78.0501079584138,35.,-0.3840480985175));
#2656=CARTESIAN_POINT('',(61.0501079584138,35.,-0.3840480985175));
#2657=CARTESIAN_POINT('',(78.0501079584138,35.,-0.3840480985175));
#2658=CARTESIAN_POINT('',(61.0501079584138,37.,-0.3840480985175));
#2659=CARTESIAN_POINT('',(61.0501079584138,32.625,-0.3840480985175));
#2660=CARTESIAN_POINT('',(78.0501079584138,37.,-0.3840480985175));
#2661=CARTESIAN_POINT('Origin',(78.0501079584138,35.,-6.51797935119899));
#2662=CARTESIAN_POINT('',(53.0501079584138,35.,-4.09243163272692));
#2663=CARTESIAN_POINT('',(53.0501079584138,35.,-0.3840480985175));
#2664=CARTESIAN_POINT('',(56.9720936576147,35.,-4.09243163272692));
#2665=CARTESIAN_POINT('',(78.0501079584138,35.,-4.09243163272692));
#2666=CARTESIAN_POINT('',(59.5000008642673,35.,-3.00000004470343));
#2667=CARTESIAN_POINT('Origin',(58.0000008642673,35.,-3.00000004470343));
#2668=CARTESIAN_POINT('',(59.02790807092,35.,-4.09243163272692));
#2669=CARTESIAN_POINT('Origin',(58.0000008642673,35.,-3.00000004470343));
#2670=CARTESIAN_POINT('',(63.0501079584138,35.,-4.09243163272692));
#2671=CARTESIAN_POINT('',(78.0501079584138,35.,-4.09243163272692));
#2672=CARTESIAN_POINT('',(63.0501079584138,35.,-2.3840480985175));
#2673=CARTESIAN_POINT('',(63.0501079584138,35.,-8.41027114111791));
#2674=CARTESIAN_POINT('Origin',(61.0501079584138,35.,-2.3840480985175));
#2675=CARTESIAN_POINT('Origin',(61.0501079584138,32.625,-2.3840480985175));
#2676=CARTESIAN_POINT('',(63.0501079584138,37.,-2.3840480985175));
#2677=CARTESIAN_POINT('Origin',(61.0501079584138,37.,-2.3840480985175));
#2678=CARTESIAN_POINT('',(63.0501079584138,32.625,-2.3840480985175));
#2679=CARTESIAN_POINT('Origin',(63.0501079584138,30.25,-10.3025629310368));
#2680=CARTESIAN_POINT('',(63.0501079584138,32.8333333333333,-6.97436771035868));
#2681=CARTESIAN_POINT('Origin',(63.0501079584138,32.,-4.09243163272692));
#2682=CARTESIAN_POINT('',(63.0501079584138,25.28125,-12.0207741819059));
#2683=CARTESIAN_POINT('Origin',(63.0501079584138,37.,-21.3840480985175));
#2684=CARTESIAN_POINT('',(63.0501079584138,23.5,-11.3965559207984));
#2685=CARTESIAN_POINT('Origin',(63.0501079584138,24.5,-11.3965559207984));
#2686=CARTESIAN_POINT('',(63.0501079584138,23.5,-20.2210777635561));
#2687=CARTESIAN_POINT('',(63.0501079584138,23.5,-63.2));
#2688=CARTESIAN_POINT('',(63.0501079584138,34.5438066465257,-8.05852318539123));
#2689=CARTESIAN_POINT('Origin',(63.0501079584138,37.,-21.3840480985175));
#2690=CARTESIAN_POINT('',(63.0501079584138,37.,-5.10822246661789));
#2691=CARTESIAN_POINT('Origin',(63.0501079584138,34.,-5.10822246661789));
#2692=CARTESIAN_POINT('',(63.0501079584138,37.,-5.34330551477716));
#2693=CARTESIAN_POINT('Origin',(61.0501079584138,33.625,-40.3840480985175));
#2694=CARTESIAN_POINT('',(63.0501079584138,35.,-40.3840480985175));
#2695=CARTESIAN_POINT('',(61.0501079584138,35.,-42.3840480985175));
#2696=CARTESIAN_POINT('Origin',(61.0501079584138,35.,-40.3840480985175));
#2697=CARTESIAN_POINT('',(61.0501079584138,37.,-42.3840480985175));
#2698=CARTESIAN_POINT('',(61.0501079584138,33.625,-42.3840480985175));
#2699=CARTESIAN_POINT('',(63.0501079584138,37.,-40.3840480985175));
#2700=CARTESIAN_POINT('Origin',(61.0501079584138,37.,-40.3840480985175));
#2701=CARTESIAN_POINT('',(63.0501079584138,33.625,-40.3840480985175));
#2702=CARTESIAN_POINT('Origin',(78.0501079584138,37.,-34.9340480985175));
#2703=CARTESIAN_POINT('',(55.0501079584138,37.,-42.3840480985175));
#2704=CARTESIAN_POINT('',(78.0501079584138,37.,-42.3840480985175));
#2705=CARTESIAN_POINT('',(53.0501079584138,37.,-40.3840480985175));
#2706=CARTESIAN_POINT('Origin',(55.0501079584138,37.,-40.3840480985175));
#2707=CARTESIAN_POINT('',(53.0501079584138,37.,-37.6598737304171));
#2708=CARTESIAN_POINT('',(53.0501079584138,37.,-36.3840480985175));
#2709=CARTESIAN_POINT('',(63.0501079584138,37.,-37.6598737304171));
#2710=CARTESIAN_POINT('',(78.0501079584138,37.,-37.6598737304171));
#2711=CARTESIAN_POINT('',(63.0501079584138,37.,-33.6997906822577));
#2712=CARTESIAN_POINT('',(59.5000008642673,37.,-40.0000005960464));
#2713=CARTESIAN_POINT('Origin',(58.0000008642673,37.,-40.0000005960464));
#2714=CARTESIAN_POINT('Origin',(78.0501079584138,37.,-42.3840480985175));
#2715=CARTESIAN_POINT('',(55.0501079584138,35.,-42.3840480985175));
#2716=CARTESIAN_POINT('',(78.0501079584138,35.,-42.3840480985175));
#2717=CARTESIAN_POINT('',(55.0501079584138,33.625,-42.3840480985175));
#2718=CARTESIAN_POINT('Origin',(55.0501079584138,33.625,-40.3840480985175));
#2719=CARTESIAN_POINT('',(53.0501079584138,35.,-40.3840480985175));
#2720=CARTESIAN_POINT('Origin',(55.0501079584138,35.,-40.3840480985175));
#2721=CARTESIAN_POINT('',(53.0501079584138,33.625,-40.3840480985175));
#2722=CARTESIAN_POINT('Origin',(17.0501079584138,33.625,-40.3243048254684));
#2723=CARTESIAN_POINT('',(19.0501079584138,35.0000005215407,-40.3243048254684));
#2724=CARTESIAN_POINT('',(17.0501079584138,35.0000005215407,-42.3243048254684));
#2725=CARTESIAN_POINT('Origin',(17.0501079584138,35.0000005215407,-40.3243048254684));
#2726=CARTESIAN_POINT('',(17.0501079584138,37.,-42.3243048254684));
#2727=CARTESIAN_POINT('',(17.0501079584138,33.625,-42.3243048254684));
#2728=CARTESIAN_POINT('',(19.0501079584138,37.,-40.3243048254684));
#2729=CARTESIAN_POINT('Origin',(17.0501079584138,37.,-40.3243048254684));
#2730=CARTESIAN_POINT('',(19.0501079584138,33.625,-40.3243048254684));
#2731=CARTESIAN_POINT('Origin',(53.0501079584138,37.,-33.4340480985175));
#2732=CARTESIAN_POINT('',(15.0501079584138,37.,-42.3243048254684));
#2733=CARTESIAN_POINT('',(53.0501079584138,37.,-42.3243048254684));
#2734=CARTESIAN_POINT('',(13.0501079584138,37.,-40.3243048254684));
#2735=CARTESIAN_POINT('Origin',(15.0501079584138,37.,-40.3243048254684));
#2736=CARTESIAN_POINT('',(13.0501079584138,37.,-36.1320140599645));
#2737=CARTESIAN_POINT('',(13.0501079584138,37.,-36.3840480985175));
#2738=CARTESIAN_POINT('',(19.0501079584138,37.,-36.1320140599645));
#2739=CARTESIAN_POINT('',(53.0501079584138,37.,-36.1320140599645));
#2740=CARTESIAN_POINT('',(19.0501079584138,37.,-27.4090480985175));
#2741=CARTESIAN_POINT('',(17.5000002384186,37.,-40.0000005960464));
#2742=CARTESIAN_POINT('Origin',(16.0000002384186,37.,-40.0000005960464));
#2743=CARTESIAN_POINT('Origin',(53.0501079584138,37.,-42.3243048254684));
#2744=CARTESIAN_POINT('',(15.0501079584138,35.0000005215407,-42.3243048254684));
#2745=CARTESIAN_POINT('',(53.0501079584138,35.0000005215407,-42.3243048254684));
#2746=CARTESIAN_POINT('',(15.0501079584138,33.625,-42.3243048254684));
#2747=CARTESIAN_POINT('Origin',(15.0501079584138,33.625,-40.3243048254684));
#2748=CARTESIAN_POINT('',(13.0501079584138,35.0000005215407,-40.3243048254684));
#2749=CARTESIAN_POINT('Origin',(15.0501079584138,35.0000005215407,-40.3243048254684));
#2750=CARTESIAN_POINT('',(13.0501079584138,33.625,-40.3243048254684));
#2751=CARTESIAN_POINT('Origin',(17.0501079584138,32.6250002607703,-2.44379137156658));
#2752=CARTESIAN_POINT('',(19.0501079584138,36.9999999999999,-2.44379137156657));
#2753=CARTESIAN_POINT('',(17.0501079584138,36.9999999999999,-0.443791371566573));
#2754=CARTESIAN_POINT('Origin',(17.0501079584138,36.9999999999999,-2.44379137156657));
#2755=CARTESIAN_POINT('',(17.0501079584138,35.0000005215406,-0.443791371566576));
#2756=CARTESIAN_POINT('',(17.0501079584138,32.6250002607703,-0.44379137156658));
#2757=CARTESIAN_POINT('',(19.0501079584138,35.0000005215406,-2.44379137156657));
#2758=CARTESIAN_POINT('Origin',(17.0501079584138,35.0000005215406,-2.44379137156658));
#2759=CARTESIAN_POINT('',(19.0501079584138,32.6250002607703,-2.44379137156658));
#2760=CARTESIAN_POINT('Origin',(53.0501079584138,35.0000005215406,-6.51797928103376));
#2761=CARTESIAN_POINT('',(15.0501079584138,35.0000005215406,-0.443791371566576));
#2762=CARTESIAN_POINT('',(53.0501079584138,35.0000005215406,-0.443791371566576));
#2763=CARTESIAN_POINT('',(13.0501079584138,35.0000005215406,-2.44379137156658));
#2764=CARTESIAN_POINT('Origin',(15.0501079584138,35.0000005215406,-2.44379137156658));
#2765=CARTESIAN_POINT('',(13.0501079584138,35.0000005215406,-4.09243148191955));
#2766=CARTESIAN_POINT('',(13.0501079584138,35.0000005215406,-0.443791371566576));
#2767=CARTESIAN_POINT('',(14.972092871492,35.0000005215406,-4.09243148191955));
#2768=CARTESIAN_POINT('',(53.0501079584138,35.0000005215406,-4.09243148191955));
#2769=CARTESIAN_POINT('',(17.5000002384186,35.0000005215406,-3.00000004470343));
#2770=CARTESIAN_POINT('Origin',(16.0000002384186,35.0000005215406,-3.00000004470343));
#2771=CARTESIAN_POINT('',(17.0279076053452,35.0000005215406,-4.09243148191955));
#2772=CARTESIAN_POINT('Origin',(16.0000002384186,35.0000005215406,-3.00000004470343));
#2773=CARTESIAN_POINT('',(19.0501079584138,35.0000005215406,-4.09243148191955));
#2774=CARTESIAN_POINT('',(53.0501079584138,35.0000005215406,-4.09243148191955));
#2775=CARTESIAN_POINT('',(19.0501079584138,35.0000005215407,-13.9510136897756));
#2776=CARTESIAN_POINT('Origin',(53.0501079584138,35.0000005215406,-0.443791371566576));
#2777=CARTESIAN_POINT('',(15.0501079584138,36.9999999999999,-0.443791371566573));
#2778=CARTESIAN_POINT('',(53.0501079584138,36.9999999999999,-0.443791371566573));
#2779=CARTESIAN_POINT('',(15.0501079584138,32.6250002607703,-0.44379137156658));
#2780=CARTESIAN_POINT('Origin',(15.0501079584138,32.6250002607703,-2.44379137156658));
#2781=CARTESIAN_POINT('',(13.0501079584138,36.9999999999999,-2.44379137156657));
#2782=CARTESIAN_POINT('Origin',(15.0501079584138,36.9999999999999,-2.44379137156657));
#2783=CARTESIAN_POINT('',(13.0501079584138,32.6250002607703,-2.44379137156658));
#2784=CARTESIAN_POINT('Origin',(9.,21.5,-54.2));
#2785=CARTESIAN_POINT('',(0.,23.5,-54.2));
#2786=CARTESIAN_POINT('',(9.,23.5,-63.2));
#2787=CARTESIAN_POINT('Origin',(9.,23.5,-54.2));
#2788=CARTESIAN_POINT('',(9.,21.5,-63.2));
#2789=CARTESIAN_POINT('',(9.,21.5,-63.2));
#2790=CARTESIAN_POINT('',(0.,21.5,-54.2));
#2791=CARTESIAN_POINT('Origin',(9.,21.5,-54.2));
#2792=CARTESIAN_POINT('',(0.,21.5,-54.2));
#2793=CARTESIAN_POINT('Origin',(39.0250539792069,23.5,-31.6));
#2794=CARTESIAN_POINT('',(0.,23.5,-9.));
#2795=CARTESIAN_POINT('',(0.,23.5,-53.2));
#2796=CARTESIAN_POINT('',(9.,23.5,-1.65327317884893E-15));
#2797=CARTESIAN_POINT('Origin',(9.,23.5,-9.));
#2798=CARTESIAN_POINT('',(69.0501079584138,23.5,-1.26842990538076E-14));
#2799=CARTESIAN_POINT('',(78.0501079584138,23.5,-1.43375722326565E-14));
#2800=CARTESIAN_POINT('',(78.0501079584138,23.5,-9.00000000000001));
#2801=CARTESIAN_POINT('Origin',(69.0501079584138,23.5,-9.00000000000001));
#2802=CARTESIAN_POINT('',(78.0501079584138,23.5,-54.2));
#2803=CARTESIAN_POINT('',(78.0501079584138,23.5,-63.2));
#2804=CARTESIAN_POINT('',(69.0501079584138,23.5,-63.2));
#2805=CARTESIAN_POINT('Origin',(69.0501079584138,23.5,-54.2));
#2806=CARTESIAN_POINT('',(-1.83697019872103E-15,23.5,-63.2));
#2807=CARTESIAN_POINT('',(20.2879461464159,23.5,-50.2722740707714));
#2808=CARTESIAN_POINT('',(20.287946146416,23.5,-55.4768309539243));
#2809=CARTESIAN_POINT('',(20.2879461464159,23.5,-40.4361370353858));
#2810=CARTESIAN_POINT('',(21.287946146416,23.5,-56.4768309539242));
#2811=CARTESIAN_POINT('Origin',(21.287946146416,23.5,-55.4768309539243));
#2812=CARTESIAN_POINT('',(47.386509959062,23.5,-56.4768309539242));
#2813=CARTESIAN_POINT('',(29.6565000628114,23.5,-56.4768309539242));
#2814=CARTESIAN_POINT('',(48.386509959062,23.5,-55.4768309539243));
#2815=CARTESIAN_POINT('Origin',(47.386509959062,23.5,-55.4768309539243));
#2816=CARTESIAN_POINT('',(48.386509959062,23.5,-50.2722740707714));
#2817=CARTESIAN_POINT('',(48.386509959062,23.5,-44.0384154769621));
#2818=CARTESIAN_POINT('',(47.386509959062,23.5,-49.2722740707714));
#2819=CARTESIAN_POINT('Origin',(47.386509959062,23.5,-50.2722740707714));
#2820=CARTESIAN_POINT('',(21.2879461464159,23.5,-49.2722740707714));
#2821=CARTESIAN_POINT('',(43.7057819691345,23.5,-49.2722740707714));
#2822=CARTESIAN_POINT('Origin',(21.2879461464159,23.5,-50.2722740707714));
#2823=CARTESIAN_POINT('',(19.0501079584138,23.5,-36.0042396157309));
#2824=CARTESIAN_POINT('',(19.0501079584138,23.5,-6.76385658130405));
#2825=CARTESIAN_POINT('',(19.0501079584138,23.5,-26.4920240492587));
#2826=CARTESIAN_POINT('',(13.0501079584138,23.5,-6.76385658130405));
#2827=CARTESIAN_POINT('',(53.0501079584138,23.5,-6.76385658130405));
#2828=CARTESIAN_POINT('',(13.0501079584138,23.5,-36.0042396157309));
#2829=CARTESIAN_POINT('',(13.0501079584138,23.5,-26.4920240492587));
#2830=CARTESIAN_POINT('',(53.0501079584138,23.5,-36.0042396157309));
#2831=CARTESIAN_POINT('',(63.0501079584138,23.5,-31.3715402762366));
#2832=CARTESIAN_POINT('',(63.0501079584138,23.5,-22.5470184334783));
#2833=CARTESIAN_POINT('',(63.0501079584138,23.5,-63.2));
#2834=CARTESIAN_POINT('',(53.0501079584138,23.5,-22.5470184334783));
#2835=CARTESIAN_POINT('',(78.0501079584138,23.5,-22.5470184334788));
#2836=CARTESIAN_POINT('',(53.0501079584138,23.5,-31.3715402762366));
#2837=CARTESIAN_POINT('',(53.0501079584138,23.5,-32.0327666329989));
#2838=CARTESIAN_POINT('',(78.0501079584138,23.5,-31.3715402762366));
#2839=CARTESIAN_POINT('',(58.43,23.5,-48.74));
#2840=CARTESIAN_POINT('Origin',(56.93,23.5,-48.74));
#2841=CARTESIAN_POINT('',(10.59,23.5,-10.45));
#2842=CARTESIAN_POINT('Origin',(9.08999999999999,23.5,-10.45));
#2843=CARTESIAN_POINT('',(10.59,23.5,-48.74));
#2844=CARTESIAN_POINT('Origin',(9.08999999999999,23.5,-48.74));
#2845=CARTESIAN_POINT('',(53.0501079584138,23.5,-11.3965559207984));
#2846=CARTESIAN_POINT('',(55.7663712409873,23.5,-11.3965559207984));
#2847=CARTESIAN_POINT('',(78.0501079584138,23.5,-11.3965559207984));
#2848=CARTESIAN_POINT('',(53.0501079584138,23.5,-20.2210777635561));
#2849=CARTESIAN_POINT('',(53.0501079584138,23.5,-20.9512814655184));
#2850=CARTESIAN_POINT('',(78.0501079584138,23.5,-20.2210777635562));
#2851=CARTESIAN_POINT('',(58.0936287590127,23.5,-11.3965559207984));
#2852=CARTESIAN_POINT('',(78.0501079584138,23.5,-11.3965559207984));
#2853=CARTESIAN_POINT('',(58.43,23.5,-10.45));
#2854=CARTESIAN_POINT('Origin',(56.93,23.5,-10.45));
#2855=CARTESIAN_POINT('Origin',(56.93,23.5,-10.45));
#2856=CARTESIAN_POINT('Origin',(0.,21.5,-63.2));
#2857=CARTESIAN_POINT('',(0.,21.5,-9.));
#2858=CARTESIAN_POINT('',(0.,21.5,-53.2));
#2859=CARTESIAN_POINT('',(0.,21.5,-9.));
#2860=CARTESIAN_POINT('Origin',(9.,21.5,-9.));
#2861=CARTESIAN_POINT('',(9.,21.5,-1.65327317884893E-15));
#2862=CARTESIAN_POINT('Origin',(9.,21.5,-9.));
#2863=CARTESIAN_POINT('',(9.,21.5,-1.11022302462516E-15));
#2864=CARTESIAN_POINT('Origin',(69.0501079584138,21.5,-54.2));
#2865=CARTESIAN_POINT('',(78.0501079584138,21.5,-54.2));
#2866=CARTESIAN_POINT('',(69.0501079584138,21.5,-63.2));
#2867=CARTESIAN_POINT('Origin',(69.0501079584138,21.5,-54.2));
#2868=CARTESIAN_POINT('',(69.0501079584138,21.5,-63.2));
#2869=CARTESIAN_POINT('Origin',(78.0501079584138,21.5,-1.77635683940025E-14));
#2870=CARTESIAN_POINT('',(78.0501079584138,21.5,-9.00000000000001));
#2871=CARTESIAN_POINT('Origin',(69.0501079584138,21.5,-9.00000000000001));
#2872=CARTESIAN_POINT('',(69.0501079584138,21.5,-1.26842990538076E-14));
#2873=CARTESIAN_POINT('',(69.0501079584138,21.5,-1.22124532708767E-14));
#2874=CARTESIAN_POINT('Origin',(69.0501079584138,21.5,-9.00000000000001));
#2875=CARTESIAN_POINT('Origin',(0.,21.5,0.));
#2876=CARTESIAN_POINT('',(78.0501079584138,21.5,-1.43375722326565E-14));
#2877=CARTESIAN_POINT('Origin',(47.386509959062,23.5,-55.4768309539243));
#2878=CARTESIAN_POINT('',(47.386509959062,21.5,-56.4768309539242));
#2879=CARTESIAN_POINT('',(47.386509959062,23.5,-56.4768309539242));
#2880=CARTESIAN_POINT('',(48.386509959062,21.5,-55.4768309539243));
#2881=CARTESIAN_POINT('Origin',(47.386509959062,21.5,-55.4768309539243));
#2882=CARTESIAN_POINT('',(48.386509959062,23.5,-55.4768309539243));
#2883=CARTESIAN_POINT('Origin',(20.287946146416,23.5,-56.4768309539242));
#2884=CARTESIAN_POINT('',(21.287946146416,21.5,-56.4768309539242));
#2885=CARTESIAN_POINT('',(21.287946146416,23.5,-56.4768309539242));
#2886=CARTESIAN_POINT('',(29.6565000628114,21.5,-56.4768309539242));
#2887=CARTESIAN_POINT('Origin',(21.287946146416,23.5,-55.4768309539243));
#2888=CARTESIAN_POINT('',(20.287946146416,21.5,-55.4768309539243));
#2889=CARTESIAN_POINT('',(20.287946146416,23.5,-55.4768309539243));
#2890=CARTESIAN_POINT('Origin',(21.287946146416,21.5,-55.4768309539243));
#2891=CARTESIAN_POINT('Origin',(20.2879461464159,23.5,-49.2722740707714));
#2892=CARTESIAN_POINT('',(20.2879461464159,21.5,-50.2722740707714));
#2893=CARTESIAN_POINT('',(20.2879461464159,23.5,-50.2722740707714));
#2894=CARTESIAN_POINT('',(20.2879461464159,21.5,-40.4361370353858));
#2895=CARTESIAN_POINT('Origin',(21.2879461464159,23.5,-50.2722740707714));
#2896=CARTESIAN_POINT('',(21.2879461464159,21.5,-49.2722740707714));
#2897=CARTESIAN_POINT('',(21.2879461464159,23.5,-49.2722740707714));
#2898=CARTESIAN_POINT('Origin',(21.2879461464159,21.5,-50.2722740707714));
#2899=CARTESIAN_POINT('Origin',(48.386509959062,23.5,-49.2722740707714));
#2900=CARTESIAN_POINT('',(47.386509959062,21.5,-49.2722740707714));
#2901=CARTESIAN_POINT('',(47.386509959062,23.5,-49.2722740707714));
#2902=CARTESIAN_POINT('',(43.7057819691345,21.5,-49.2722740707714));
#2903=CARTESIAN_POINT('Origin',(47.386509959062,23.5,-50.2722740707714));
#2904=CARTESIAN_POINT('',(48.386509959062,21.5,-50.2722740707714));
#2905=CARTESIAN_POINT('',(48.386509959062,23.5,-50.2722740707714));
#2906=CARTESIAN_POINT('Origin',(47.386509959062,21.5,-50.2722740707714));
#2907=CARTESIAN_POINT('Origin',(48.386509959062,23.5,-56.4768309539242));
#2908=CARTESIAN_POINT('',(48.386509959062,21.5,-44.0384154769621));
#2909=CARTESIAN_POINT('Origin',(58.0000008642673,37.,-40.0000005960464));
#2910=CARTESIAN_POINT('',(59.5000008642673,35.,-40.0000005960464));
#2911=CARTESIAN_POINT('',(59.5000008642673,37.,-40.0000005960464));
#2912=CARTESIAN_POINT('',(58.7043687191838,35.,-38.6756645643081));
#2913=CARTESIAN_POINT('Origin',(58.0000008642673,35.,-40.0000005960464));
#2914=CARTESIAN_POINT('',(57.2956330093509,35.,-38.6756645643081));
#2915=CARTESIAN_POINT('Ctrl Pts',(57.2956330093509,35.,-38.6756645643081));
#2916=CARTESIAN_POINT('Ctrl Pts',(57.3373218856682,35.,-38.6534917141539));
#2917=CARTESIAN_POINT('Ctrl Pts',(57.3801837650384,34.9997549815115,-38.6332274242729));
#2918=CARTESIAN_POINT('Ctrl Pts',(57.6091844218112,34.9978296725581,-38.5379706875938));
#2919=CARTESIAN_POINT('Ctrl Pts',(57.8108291761238,34.9948526124426,-38.5000005960464));
#2920=CARTESIAN_POINT('Ctrl Pts',(58.0000008642673,34.9948526124426,-38.5000005960464));
#2921=CARTESIAN_POINT('Ctrl Pts',(58.1891725524109,34.9948526124426,-38.5000005960464));
#2922=CARTESIAN_POINT('Ctrl Pts',(58.3908173067235,34.9978296725581,-38.5379706875938));
#2923=CARTESIAN_POINT('Ctrl Pts',(58.6198179634963,34.9997549815115,-38.6332274242729));
#2924=CARTESIAN_POINT('Ctrl Pts',(58.6626798428665,35.,-38.6534917141539));
#2925=CARTESIAN_POINT('Ctrl Pts',(58.7043687191838,35.,-38.6756645643081));
#2926=CARTESIAN_POINT('Origin',(58.0000008642673,35.,-40.0000005960464));
#2927=CARTESIAN_POINT('Origin',(58.0000008642673,36.9999999999999,-3.00000004470343));
#2928=CARTESIAN_POINT('',(59.5000008642673,36.9999999999999,-3.00000004470343));
#2929=CARTESIAN_POINT('Origin',(58.0000008642673,37.,-3.00000004470343));
#2930=CARTESIAN_POINT('',(59.5000008642673,36.9999999999999,-3.00000004470343));
#2931=CARTESIAN_POINT('Ctrl Pts',(59.02790807092,35.,-4.09243163272692));
#2932=CARTESIAN_POINT('Ctrl Pts',(58.9010988799711,35.,-4.21175084930325));
#2933=CARTESIAN_POINT('Ctrl Pts',(58.7459587618778,34.9926323487863,-4.31409854034725));
#2934=CARTESIAN_POINT('Ctrl Pts',(58.391874403418,34.9781894833514,-4.46181355657031));
#2935=CARTESIAN_POINT('Ctrl Pts',(58.1897671452594,34.972185725953,-4.50000004470343));
#2936=CARTESIAN_POINT('Ctrl Pts',(57.8102345832753,34.972185725953,-4.50000004470343));
#2937=CARTESIAN_POINT('Ctrl Pts',(57.6081273251167,34.9781894833514,-4.46181355657031));
#2938=CARTESIAN_POINT('Ctrl Pts',(57.2540429666569,34.9926323487863,-4.31409854034725));
#2939=CARTESIAN_POINT('Ctrl Pts',(57.0989028485636,35.,-4.21175084930325));
#2940=CARTESIAN_POINT('Ctrl Pts',(56.9720936576147,35.,-4.09243163272692));
#2941=CARTESIAN_POINT('Origin',(16.0000002384186,37.,-40.0000005960464));
#2942=CARTESIAN_POINT('',(17.5000002384186,35.0000005215407,-40.0000005960464));
#2943=CARTESIAN_POINT('',(17.5000002384186,37.,-40.0000005960464));
#2944=CARTESIAN_POINT('',(16.7043683768795,35.0000005215407,-38.6756647151155));
#2945=CARTESIAN_POINT('Origin',(16.0000002384186,35.0000005215407,-40.0000005960464));
#2946=CARTESIAN_POINT('',(15.2956320999577,35.0000005215407,-38.6756647151155));
#2947=CARTESIAN_POINT('Ctrl Pts',(15.2956320999577,35.0000005215407,-38.6756647151155));
#2948=CARTESIAN_POINT('Ctrl Pts',(15.3373210651519,35.0000005215407,-38.6534918062401));
#2949=CARTESIAN_POINT('Ctrl Pts',(15.3801830393801,34.9997555017561,-38.6332274658307));
#2950=CARTESIAN_POINT('Ctrl Pts',(15.6091837951942,34.9978301871887,-38.5379706877427));
#2951=CARTESIAN_POINT('Ctrl Pts',(15.8108285498629,34.9948531251377,-38.5000005960464));
#2952=CARTESIAN_POINT('Ctrl Pts',(16.0000002384186,34.9948531251377,-38.5000005960464));
#2953=CARTESIAN_POINT('Ctrl Pts',(16.1891719269742,34.9948531251377,-38.5000005960464));
#2954=CARTESIAN_POINT('Ctrl Pts',(16.390816681643,34.9978301871887,-38.5379706877427));
#2955=CARTESIAN_POINT('Ctrl Pts',(16.6198174374571,34.9997555017561,-38.6332274658307));
#2956=CARTESIAN_POINT('Ctrl Pts',(16.6626794116853,35.0000005215407,-38.6534918062401));
#2957=CARTESIAN_POINT('Ctrl Pts',(16.7043683768795,35.0000005215407,-38.6756647151155));
#2958=CARTESIAN_POINT('Origin',(16.0000002384186,35.0000005215407,-40.0000005960464));
#2959=CARTESIAN_POINT('Origin',(16.0000002384186,36.9999999999999,-3.00000004470343));
#2960=CARTESIAN_POINT('',(17.5000002384186,36.9999999999999,-3.00000004470343));
#2961=CARTESIAN_POINT('Origin',(16.0000002384186,36.9999999999999,-3.00000004470343));
#2962=CARTESIAN_POINT('',(17.5000002384186,36.9999999999999,-3.00000004470343));
#2963=CARTESIAN_POINT('Ctrl Pts',(17.0279076053452,35.0000005215406,-4.09243148191955));
#2964=CARTESIAN_POINT('Ctrl Pts',(16.9010983841211,35.0000005215406,-4.21175076205905));
#2965=CARTESIAN_POINT('Ctrl Pts',(16.7459582074018,34.9926328620791,-4.31409851046182));
#2966=CARTESIAN_POINT('Ctrl Pts',(16.391873778182,34.9781899862192,-4.46181355643646));
#2967=CARTESIAN_POINT('Ctrl Pts',(16.1897665197756,34.9721862268138,-4.50000004470343));
#2968=CARTESIAN_POINT('Ctrl Pts',(15.8102339570616,34.9721862268138,-4.50000004470343));
#2969=CARTESIAN_POINT('Ctrl Pts',(15.6081266986552,34.9781899862192,-4.46181355643645));
#2970=CARTESIAN_POINT('Ctrl Pts',(15.2540422694353,34.9926328620791,-4.31409851046182));
#2971=CARTESIAN_POINT('Ctrl Pts',(15.098902092716,35.0000005215406,-4.21175076205905));
#2972=CARTESIAN_POINT('Ctrl Pts',(14.972092871492,35.0000005215406,-4.09243148191955));
#2973=CARTESIAN_POINT('Origin',(78.0501079584138,35.,-42.3840480985175));
#2974=CARTESIAN_POINT('',(63.0501079584138,35.,-38.6756645643081));
#2975=CARTESIAN_POINT('',(63.0501079584138,35.,-37.4247906822577));
#2976=CARTESIAN_POINT('',(78.0501079584138,35.,-38.6756645643081));
#2977=CARTESIAN_POINT('',(53.0501079584138,35.,-38.6756645643081));
#2978=CARTESIAN_POINT('',(78.0501079584138,35.,-38.6756645643081));
#2979=CARTESIAN_POINT('',(53.0501079584138,35.,-42.3840480985175));
#2980=CARTESIAN_POINT('Origin',(53.0501079584138,35.0000005215407,-42.3243048254684));
#2981=CARTESIAN_POINT('',(19.0501079584138,35.0000005215407,-38.6756647151155));
#2982=CARTESIAN_POINT('',(19.0501079584138,35.0000005215407,-31.854176461993));
#2983=CARTESIAN_POINT('',(53.0501079584138,35.0000005215407,-38.6756647151155));
#2984=CARTESIAN_POINT('',(13.0501079584138,35.0000005215407,-38.6756647151155));
#2985=CARTESIAN_POINT('',(53.0501079584138,35.0000005215407,-38.6756647151155));
#2986=CARTESIAN_POINT('',(13.0501079584138,35.0000005215407,-42.3243048254684));
#2987=CARTESIAN_POINT('Origin',(53.0501079584138,33.9999999999999,-6.63608213707049));
#2988=CARTESIAN_POINT('',(13.0501079584138,34.5980066445182,-9.57587601642869));
#2989=CARTESIAN_POINT('',(13.0501079584138,36.9999999999999,-6.63608213707048));
#2990=CARTESIAN_POINT('Origin',(13.0501079584138,33.9999999999999,-6.63608213707049));
#2991=CARTESIAN_POINT('',(19.0501079584138,36.9999999999999,-6.63608213707048));
#2992=CARTESIAN_POINT('',(53.0501079584138,36.9999999999999,-6.63608213707048));
#2993=CARTESIAN_POINT('',(19.0501079584138,34.5980066445182,-9.57587601642869));
#2994=CARTESIAN_POINT('Origin',(19.0501079584138,33.9999999999999,-6.63608213707049));
#2995=CARTESIAN_POINT('',(53.0501079584138,34.5980066445182,-9.5758760164287));
#2996=CARTESIAN_POINT('Origin',(53.0501079584138,37.,-21.3840480985175));
#2997=CARTESIAN_POINT('',(19.0501079584138,34.5980066445183,-33.1922201806063));
#2998=CARTESIAN_POINT('Origin',(19.0501079584138,37.,-21.3840480985175));
#2999=CARTESIAN_POINT('',(13.0501079584138,34.5980066445183,-33.1922201806063));
#3000=CARTESIAN_POINT('',(53.0501079584138,34.5980066445183,-33.1922201806063));
#3001=CARTESIAN_POINT('Origin',(13.0501079584138,37.,-21.3840480985175));
#3002=CARTESIAN_POINT('Origin',(19.0501079584138,30.25,-21.3840480985175));
#3003=CARTESIAN_POINT('Origin',(19.0501079584138,34.,-36.1320140599645));
#3004=CARTESIAN_POINT('',(19.0501079584138,36.9999999999999,-10.913919735042));
#3005=CARTESIAN_POINT('',(19.0501079584138,32.8333337679505,-6.97436758468588));
#3006=CARTESIAN_POINT('Origin',(19.0501079584138,32.0000005215406,-4.09243148191955));
#3007=CARTESIAN_POINT('',(19.0501079584138,28.25,-9.20055516750629));
#3008=CARTESIAN_POINT('Origin',(19.0501079584138,37.,-21.3840480985175));
#3009=CARTESIAN_POINT('Origin',(19.0501079584138,26.5,-6.76385658130405));
#3010=CARTESIAN_POINT('',(19.0501079584138,28.25,-33.5675410295287));
#3011=CARTESIAN_POINT('Origin',(19.0501079584138,26.5,-36.0042396157309));
#3012=CARTESIAN_POINT('',(19.0501079584138,32.8333337679506,-35.7937286123491));
#3013=CARTESIAN_POINT('Origin',(19.0501079584138,37.,-21.3840480985175));
#3014=CARTESIAN_POINT('Origin',(19.0501079584138,32.0000005215407,-38.6756647151155));
#3015=CARTESIAN_POINT('Origin',(53.0501079584138,34.,-36.1320140599645));
#3016=CARTESIAN_POINT('Origin',(13.0501079584138,34.,-36.1320140599645));
#3017=CARTESIAN_POINT('Origin',(53.0501079584138,32.0000005215406,-4.09243148191955));
#3018=CARTESIAN_POINT('',(13.0501079584138,32.8333337679505,-6.97436758468588));
#3019=CARTESIAN_POINT('Origin',(13.0501079584138,32.0000005215406,-4.09243148191955));
#3020=CARTESIAN_POINT('',(53.0501079584138,32.8333337679505,-6.97436758468587));
#3021=CARTESIAN_POINT('Origin',(53.0501079584138,32.0000005215407,-38.6756647151155));
#3022=CARTESIAN_POINT('',(13.0501079584138,32.8333337679506,-35.7937286123491));
#3023=CARTESIAN_POINT('',(53.0501079584138,32.8333337679506,-35.7937286123491));
#3024=CARTESIAN_POINT('Origin',(13.0501079584138,32.0000005215407,-38.6756647151155));
#3025=CARTESIAN_POINT('Origin',(53.0501079584138,37.,-21.3840480985175));
#3026=CARTESIAN_POINT('',(13.0501079584138,28.25,-33.5675410295287));
#3027=CARTESIAN_POINT('',(53.0501079584138,28.25,-33.5675410295287));
#3028=CARTESIAN_POINT('Origin',(13.0501079584138,37.,-21.3840480985175));
#3029=CARTESIAN_POINT('Origin',(53.0501079584138,26.5,-36.0042396157309));
#3030=CARTESIAN_POINT('Origin',(13.0501079584138,26.5,-36.0042396157309));
#3031=CARTESIAN_POINT('Origin',(53.0501079584138,26.5,-6.76385658130405));
#3032=CARTESIAN_POINT('',(13.0501079584138,28.25,-9.20055516750629));
#3033=CARTESIAN_POINT('',(53.0501079584138,28.25,-9.20055516750629));
#3034=CARTESIAN_POINT('Origin',(13.0501079584138,26.5,-6.76385658130405));
#3035=CARTESIAN_POINT('Origin',(53.0501079584138,37.,-21.3840480985175));
#3036=CARTESIAN_POINT('Origin',(13.0501079584138,37.,-21.3840480985175));
#3037=CARTESIAN_POINT('Origin',(53.0501079584138,36.9999999999999,-0.443791371566573));
#3038=CARTESIAN_POINT('',(13.0501079584138,36.9999999999999,-6.38404809851749));
#3039=CARTESIAN_POINT('Origin',(13.0501079584138,30.25,-21.3840480985175));
#3040=CARTESIAN_POINT('Origin',(78.0501079584138,24.5,-31.3715402762366));
#3041=CARTESIAN_POINT('',(53.0501079584138,25.28125,-30.7473220151291));
#3042=CARTESIAN_POINT('Origin',(53.0501079584138,24.5,-31.3715402762366));
#3043=CARTESIAN_POINT('',(63.0501079584138,25.28125,-30.7473220151291));
#3044=CARTESIAN_POINT('',(78.0501079584138,25.28125,-30.7473220151291));
#3045=CARTESIAN_POINT('Origin',(63.0501079584138,24.5,-31.3715402762366));
#3046=CARTESIAN_POINT('Origin',(78.0501079584138,37.,-21.3840480985175));
#3047=CARTESIAN_POINT('',(53.0501079584138,32.8333333333333,-35.7937284866763));
#3048=CARTESIAN_POINT('Origin',(53.0501079584138,37.,-21.3840480985175));
#3049=CARTESIAN_POINT('',(63.0501079584138,32.8333333333333,-35.7937284866763));
#3050=CARTESIAN_POINT('',(78.0501079584138,32.8333333333333,-35.7937284866763));
#3051=CARTESIAN_POINT('Origin',(63.0501079584138,37.,-21.3840480985175));
#3052=CARTESIAN_POINT('Origin',(78.0501079584138,24.5,-11.3965559207984));
#3053=CARTESIAN_POINT('Ctrl Pts',(55.766371240988,23.5,-11.3965559207992));
#3054=CARTESIAN_POINT('Ctrl Pts',(55.7711156112308,23.5,-11.4023883133042));
#3055=CARTESIAN_POINT('Ctrl Pts',(55.7758744366142,23.5000510353321,-11.4081488555785));
#3056=CARTESIAN_POINT('Ctrl Pts',(55.9186518733967,23.5029932053069,-11.5784089463927));
#3057=CARTESIAN_POINT('Ctrl Pts',(56.0963708114168,23.546990761867,-11.7161999506761));
#3058=CARTESIAN_POINT('Ctrl Pts',(56.4942105321412,23.6311310467224,-11.9019936176148));
#3059=CARTESIAN_POINT('Ctrl Pts',(56.7151980646465,23.6671136624985,-11.95));
#3060=CARTESIAN_POINT('Ctrl Pts',(56.93,23.6671136624985,-11.95));
#3061=CARTESIAN_POINT('Ctrl Pts',(57.1448019353535,23.6671136624985,-11.95));
#3062=CARTESIAN_POINT('Ctrl Pts',(57.3657894678588,23.6311310467224,-11.9019936176148));
#3063=CARTESIAN_POINT('Ctrl Pts',(57.7636291885831,23.546990761867,-11.7161999506761));
#3064=CARTESIAN_POINT('Ctrl Pts',(57.9413481266033,23.5029932053069,-11.5784089463927));
#3065=CARTESIAN_POINT('Ctrl Pts',(58.084125563386,23.5000510353321,-11.4081488555782));
#3066=CARTESIAN_POINT('Ctrl Pts',(58.0888843887697,23.5,-11.4023883133036));
#3067=CARTESIAN_POINT('Ctrl Pts',(58.0936287590127,23.5,-11.3965559207984));
#3068=CARTESIAN_POINT('',(53.0501079584138,25.28125,-12.0207741819059));
#3069=CARTESIAN_POINT('',(78.0501079584138,25.28125,-12.0207741819059));
#3070=CARTESIAN_POINT('Origin',(53.0501079584138,24.5,-11.3965559207984));
#3071=CARTESIAN_POINT('Origin',(78.0501079584138,37.,-21.3840480985175));
#3072=CARTESIAN_POINT('',(53.0501079584138,32.8333333333333,-6.97436771035868));
#3073=CARTESIAN_POINT('',(78.0501079584138,32.8333333333333,-6.97436771035868));
#3074=CARTESIAN_POINT('Origin',(53.0501079584138,37.,-21.3840480985175));
#3075=CARTESIAN_POINT('Origin',(78.0501079584138,34.,-5.10822246661789));
#3076=CARTESIAN_POINT('',(53.0501079584138,34.5438066465257,-8.05852318539123));
#3077=CARTESIAN_POINT('',(53.0501079584138,37.,-5.10822246661789));
#3078=CARTESIAN_POINT('Origin',(53.0501079584138,34.,-5.10822246661789));
#3079=CARTESIAN_POINT('',(78.0501079584138,37.,-5.10822246661789));
#3080=CARTESIAN_POINT('',(78.0501079584138,34.5438066465257,-8.05852318539123));
#3081=CARTESIAN_POINT('Origin',(78.0501079584138,37.,-21.3840480985175));
#3082=CARTESIAN_POINT('Origin',(53.0501079584138,37.,-21.3840480985175));
#3083=CARTESIAN_POINT('Origin',(78.0501079584138,34.,-37.6598737304171));
#3084=CARTESIAN_POINT('',(53.0501079584138,34.5438066465257,-34.7095730116438));
#3085=CARTESIAN_POINT('Origin',(53.0501079584138,34.,-37.6598737304171));
#3086=CARTESIAN_POINT('',(63.0501079584138,34.5438066465257,-34.7095730116438));
#3087=CARTESIAN_POINT('',(78.0501079584138,34.5438066465257,-34.7095730116438));
#3088=CARTESIAN_POINT('Origin',(63.0501079584138,34.,-37.6598737304171));
#3089=CARTESIAN_POINT('Origin',(63.0501079584138,30.25,-32.4655332659979));
#3090=CARTESIAN_POINT('Origin',(63.0501079584138,37.,-21.3840480985175));
#3091=CARTESIAN_POINT('Origin',(63.0501079584138,32.,-38.6756645643081));
#3092=CARTESIAN_POINT('Origin',(78.0501079584138,32.,-38.6756645643081));
#3093=CARTESIAN_POINT('Origin',(53.0501079584138,32.,-38.6756645643081));
#3094=CARTESIAN_POINT('Origin',(78.0501079584138,32.,-4.09243163272692));
#3095=CARTESIAN_POINT('Origin',(53.0501079584138,32.,-4.09243163272692));
#3096=CARTESIAN_POINT('Origin',(78.0501079584138,37.,-0.3840480985175));
#3097=CARTESIAN_POINT('',(53.0501079584138,37.,-21.3840480985175));
#3098=CARTESIAN_POINT('Origin',(78.0501079584138,37.,-21.3840480985175));
#3099=CARTESIAN_POINT('Origin',(53.0501079584138,37.,-21.3840480985175));
#3100=CARTESIAN_POINT('Origin',(53.0501079584138,30.25,-10.3025629310368));
#3101=CARTESIAN_POINT('Origin',(53.0501079584138,30.25,-32.4655332659979));
#3102=CARTESIAN_POINT('Origin',(56.93,21.5,-48.74));
#3103=CARTESIAN_POINT('',(58.43,21.5,-48.74));
#3104=CARTESIAN_POINT('',(58.43,21.5,-48.74));
#3105=CARTESIAN_POINT('Origin',(56.93,21.5,-48.74));
#3106=CARTESIAN_POINT('Origin',(9.08999999999999,21.5,-10.45));
#3107=CARTESIAN_POINT('',(10.59,21.5,-10.45));
#3108=CARTESIAN_POINT('',(10.59,21.5,-10.45));
#3109=CARTESIAN_POINT('Origin',(9.08999999999999,21.5,-10.45));
#3110=CARTESIAN_POINT('Origin',(56.93,21.5,-10.45));
#3111=CARTESIAN_POINT('',(58.43,21.5,-10.45));
#3112=CARTESIAN_POINT('',(58.43,21.5,-10.45));
#3113=CARTESIAN_POINT('Origin',(56.93,21.5,-10.45));
#3114=CARTESIAN_POINT('Origin',(9.08999999999999,21.5,-48.74));
#3115=CARTESIAN_POINT('',(10.59,21.5,-48.74));
#3116=CARTESIAN_POINT('',(10.59,21.5,-48.74));
#3117=CARTESIAN_POINT('Origin',(9.08999999999999,21.5,-48.74));
#3118=CARTESIAN_POINT('Origin',(78.0501079584138,21.5,-63.2));
#3119=CARTESIAN_POINT('',(-1.83697019872103E-15,21.5,-63.2));
#3120=CARTESIAN_POINT('Origin',(39.0250539792069,21.5,-31.6));
#3121=UNCERTAINTY_MEASURE_WITH_UNIT(LENGTH_MEASURE(0.01),#3125,
'DISTANCE_ACCURACY_VALUE',
'Maximum model space distance between geometric entities at asserted c
onnectivities');
#3122=UNCERTAINTY_MEASURE_WITH_UNIT(LENGTH_MEASURE(0.01),#3125,
'DISTANCE_ACCURACY_VALUE',
'Maximum model space distance between geometric entities at asserted c
onnectivities');
#3123=(
GEOMETRIC_REPRESENTATION_CONTEXT(3)
GLOBAL_UNCERTAINTY_ASSIGNED_CONTEXT((#3121))
GLOBAL_UNIT_ASSIGNED_CONTEXT((#3125,#3127,#3128))
REPRESENTATION_CONTEXT('','3D')
);
#3124=(
GEOMETRIC_REPRESENTATION_CONTEXT(3)
GLOBAL_UNCERTAINTY_ASSIGNED_CONTEXT((#3122))
GLOBAL_UNIT_ASSIGNED_CONTEXT((#3125,#3127,#3128))
REPRESENTATION_CONTEXT('','3D')
);
#3125=(
LENGTH_UNIT()
NAMED_UNIT(*)
SI_UNIT(.MILLI.,.METRE.)
);
#3126=(
LENGTH_UNIT()
NAMED_UNIT(*)
SI_UNIT($,.METRE.)
);
#3127=(
NAMED_UNIT(*)
PLANE_ANGLE_UNIT()
SI_UNIT($,.RADIAN.)
);
#3128=(
NAMED_UNIT(*)
SI_UNIT($,.STERADIAN.)
SOLID_ANGLE_UNIT()
);
#3129=SHAPE_DEFINITION_REPRESENTATION(#3130,#3131);
#3130=PRODUCT_DEFINITION_SHAPE('',$,#3133);
#3131=SHAPE_REPRESENTATION('',(#1769),#3123);
#3132=PRODUCT_DEFINITION_CONTEXT('part definition',#3137,'design');
#3133=PRODUCT_DEFINITION('2 \X2\044D044204300436\X0\ \X2\0434043B044F\X0\ 
\X2\043C043E0442043E04400430\X0\','2 \X2\044D044204300436\X0\ \X2\0434043B044F\X0\ 
\X2\043C043E0442043E04400430\X0\ v24',#3134,#3132);
#3134=PRODUCT_DEFINITION_FORMATION('',$,#3139);
#3135=PRODUCT_RELATED_PRODUCT_CATEGORY(
'2 \X2\044D044204300436\X0\ \X2\0434043B044F\X0\ \X2\043C043E0442043E04400430\X0\ 
v24','2 \X2\044D044204300436\X0\ \X2\0434043B044F\X0\ \X2\043C043E0442043E04400430\X0\ 
v24',(#3139));
#3136=APPLICATION_PROTOCOL_DEFINITION('international standard',
'automotive_design',2009,#3137);
#3137=APPLICATION_CONTEXT(
'Core Data for Automotive Mechanical Design Process');
#3138=PRODUCT_CONTEXT('part definition',#3137,'mechanical');
#3139=PRODUCT('2 \X2\044D044204300436\X0\ \X2\0434043B044F\X0\ \X2\043C043E0442043E04400430\X0\',
'2 \X2\044D044204300436\X0\ \X2\0434043B044F\X0\ \X2\043C043E0442043E04400430\X0\ 
v24',$,(#3138));
#3140=PRESENTATION_STYLE_ASSIGNMENT((#3141));
#3141=SURFACE_STYLE_USAGE(.BOTH.,#3142);
#3142=SURFACE_SIDE_STYLE('',(#3143));
#3143=SURFACE_STYLE_FILL_AREA(#3144);
#3144=FILL_AREA_STYLE('Steel - Satin',(#3145));
#3145=FILL_AREA_STYLE_COLOUR('Steel - Satin',#3146);
#3146=COLOUR_RGB('Steel - Satin',0.627450980392157,0.627450980392157,0.627450980392157);
ENDSEC;
END-ISO-10303-21;
