ISO-10303-21;
HEADER;
/* Generated by software containing ST-Developer
 * from STEP Tools, Inc. (www.steptools.com) 
 */

FILE_DESCRIPTION(
/* description */ (''),
/* implementation_level */ '2;1');

FILE_NAME(
/* name */ '',
/* time_stamp */ '2025-02-22T19:21:10+10:00',
/* author */ (''),
/* organization */ (''),
/* preprocessor_version */ 'ST-DEVELOPER v20',
/* originating_system */ 'Autodesk Translation Framework v13.14.0.145',

/* authorisation */ '');

FILE_SCHEMA (('AUTOMOTIVE_DESIGN { 1 0 10303 214 3 1 1 }'));
ENDSEC;

DATA;
#10=MECHANICAL_DESIGN_GEOMETRIC_PRESENTATION_REPRESENTATION('',(#13),#14052);
#11=SHAPE_REPRESENTATION_RELATIONSHIP('SRR','None',#14059,#12);
#12=ADVANCED_BREP_SHAPE_REPRESENTATION('',(#14),#14051);
#13=STYLED_ITEM('',(#14068),#14);
#14=MANIFOLD_SOLID_BREP('\X2\043D04380437\X0\',#7443);
#15=CONICAL_SURFACE('',#7746,1.75000001490167,0.78539816339745);
#16=CONICAL_SURFACE('',#7760,1.75,0.78539816339745);
#17=CONICAL_SURFACE('',#7763,1.75000001490167,0.78539816339745);
#18=CONICAL_SURFACE('',#7766,2.25,0.785398163397448);
#19=CONICAL_SURFACE('',#7770,2.25,0.785398163397448);
#20=CONICAL_SURFACE('',#7774,2.25,0.785398163397449);
#21=CONICAL_SURFACE('',#7778,2.25,0.785398163397449);
#22=B_SPLINE_SURFACE_WITH_KNOTS('',3,1,((#10095,#10096),(#10097,#10098),
(#10099,#10100),(#10101,#10102),(#10103,#10104)),.UNSPECIFIED.,.F.,.F.,
 .F.,(4,1,4),(2,2),(-0.0507962560855337,-0.0302405297487721,0.),(0.,0.08),
 .UNSPECIFIED.);
#23=B_SPLINE_SURFACE_WITH_KNOTS('',3,1,((#10118,#10119),(#10120,#10121),
(#10122,#10123),(#10124,#10125),(#10126,#10127)),.UNSPECIFIED.,.F.,.F.,
 .F.,(4,1,4),(2,2),(-0.0368625471362066,-0.0194172175162264,0.),(0.,0.08),
 .UNSPECIFIED.);
#24=B_SPLINE_SURFACE_WITH_KNOTS('',3,1,((#10141,#10142),(#10143,#10144),
(#10145,#10146),(#10147,#10148),(#10149,#10150)),.UNSPECIFIED.,.F.,.F.,
 .F.,(4,1,4),(2,2),(-0.0368705092467637,-0.0174651759077689,0.),(0.,0.08),
 .UNSPECIFIED.);
#25=B_SPLINE_SURFACE_WITH_KNOTS('',3,1,((#10164,#10165),(#10166,#10167),
(#10168,#10169),(#10170,#10171),(#10172,#10173)),.UNSPECIFIED.,.F.,.F.,
 .F.,(4,1,4),(2,2),(-0.0367140474957663,-0.0188760163908075,0.),(0.,0.08),
 .UNSPECIFIED.);
#26=B_SPLINE_SURFACE_WITH_KNOTS('',3,1,((#10187,#10188),(#10189,#10190),
(#10191,#10192),(#10193,#10194),(#10195,#10196)),.UNSPECIFIED.,.F.,.F.,
 .F.,(4,1,4),(2,2),(-0.0348411926994791,-0.0172389750313733,0.),(0.,0.08),
 .UNSPECIFIED.);
#27=B_SPLINE_SURFACE_WITH_KNOTS('',3,1,((#10210,#10211),(#10212,#10213),
(#10214,#10215),(#10216,#10217),(#10218,#10219)),.UNSPECIFIED.,.F.,.F.,
 .F.,(4,1,4),(2,2),(-0.0612351278307333,-0.0244418370383789,0.),(0.,0.08),
 .UNSPECIFIED.);
#28=B_SPLINE_SURFACE_WITH_KNOTS('',3,1,((#10251,#10252),(#10253,#10254),
(#10255,#10256),(#10257,#10258),(#10259,#10260)),.UNSPECIFIED.,.F.,.F.,
 .F.,(4,1,4),(2,2),(-0.0360937116790215,-0.0218333220723506,0.),(0.,0.08),
 .UNSPECIFIED.);
#29=B_SPLINE_SURFACE_WITH_KNOTS('',3,1,((#10274,#10275),(#10276,#10277),
(#10278,#10279),(#10280,#10281),(#10282,#10283)),.UNSPECIFIED.,.F.,.F.,
 .F.,(4,1,4),(2,2),(-0.0325948494552284,-0.0173389647162714,0.),(0.,0.08),
 .UNSPECIFIED.);
#30=B_SPLINE_SURFACE_WITH_KNOTS('',3,1,((#10297,#10298),(#10299,#10300),
(#10301,#10302),(#10303,#10304),(#10305,#10306)),.UNSPECIFIED.,.F.,.F.,
 .F.,(4,1,4),(2,2),(-0.0302958229561487,-0.0145985582463146,0.),(0.,0.08),
 .UNSPECIFIED.);
#31=B_SPLINE_SURFACE_WITH_KNOTS('',3,1,((#10320,#10321),(#10322,#10323),
(#10324,#10325),(#10326,#10327),(#10328,#10329)),.UNSPECIFIED.,.F.,.F.,
 .F.,(4,1,4),(2,2),(-0.0348883488042962,-0.0168057434516511,0.),(0.,0.08),
 .UNSPECIFIED.);
#32=B_SPLINE_SURFACE_WITH_KNOTS('',3,1,((#10343,#10344),(#10345,#10346),
(#10347,#10348),(#10349,#10350),(#10351,#10352)),.UNSPECIFIED.,.F.,.F.,
 .F.,(4,1,4),(2,2),(-0.0410259114386691,-0.0211026014980741,0.),(0.,0.08),
 .UNSPECIFIED.);
#33=B_SPLINE_SURFACE_WITH_KNOTS('',3,1,((#10366,#10367),(#10368,#10369),
(#10370,#10371),(#10372,#10373),(#10374,#10375)),.UNSPECIFIED.,.F.,.F.,
 .F.,(4,1,4),(2,2),(-0.0398952822056644,-0.0196088241549066,0.),(0.,0.08),
 .UNSPECIFIED.);
#34=B_SPLINE_SURFACE_WITH_KNOTS('',3,1,((#10389,#10390),(#10391,#10392),
(#10393,#10394),(#10395,#10396),(#10397,#10398)),.UNSPECIFIED.,.F.,.F.,
 .F.,(4,1,4),(2,2),(-0.0590697553811722,-0.0252971430210759,0.),(0.,0.08),
 .UNSPECIFIED.);
#35=B_SPLINE_SURFACE_WITH_KNOTS('',3,1,((#10431,#10432),(#10433,#10434),
(#10435,#10436),(#10437,#10438),(#10439,#10440)),.UNSPECIFIED.,.F.,.F.,
 .F.,(4,1,4),(2,2),(-0.0749066010372876,-0.0414142524924576,0.),(0.,0.08),
 .UNSPECIFIED.);
#36=B_SPLINE_SURFACE_WITH_KNOTS('',3,1,((#10448,#10449),(#10450,#10451),
(#10452,#10453),(#10454,#10455),(#10456,#10457)),.UNSPECIFIED.,.F.,.F.,
 .F.,(4,1,4),(2,2),(-0.0579505803052718,-0.0291101783496174,0.),(0.,0.08),
 .UNSPECIFIED.);
#37=B_SPLINE_SURFACE_WITH_KNOTS('',3,1,((#10465,#10466),(#10467,#10468),
(#10469,#10470),(#10471,#10472),(#10473,#10474)),.UNSPECIFIED.,.F.,.F.,
 .F.,(4,1,4),(2,2),(-0.0556352364937025,-0.0283734459538774,0.),(0.,0.08),
 .UNSPECIFIED.);
#38=B_SPLINE_SURFACE_WITH_KNOTS('',3,1,((#10482,#10483),(#10484,#10485),
(#10486,#10487),(#10488,#10489),(#10490,#10491)),.UNSPECIFIED.,.F.,.F.,
 .F.,(4,1,4),(2,2),(-0.0507587057671449,-0.0251395293469932,0.),(0.,0.08),
 .UNSPECIFIED.);
#39=B_SPLINE_SURFACE_WITH_KNOTS('',3,1,((#10499,#10500),(#10501,#10502),
(#10503,#10504),(#10505,#10506),(#10507,#10508)),.UNSPECIFIED.,.F.,.F.,
 .F.,(4,1,4),(2,2),(-0.0562647471156648,-0.0269018205713325,0.),(0.,0.08),
 .UNSPECIFIED.);
#40=B_SPLINE_SURFACE_WITH_KNOTS('',3,1,((#10516,#10517),(#10518,#10519),
(#10520,#10521),(#10522,#10523),(#10524,#10525)),.UNSPECIFIED.,.F.,.F.,
 .F.,(4,1,4),(2,2),(-0.0674433026313272,-0.0351736786611132,0.),(0.,0.08),
 .UNSPECIFIED.);
#41=B_SPLINE_SURFACE_WITH_KNOTS('',3,1,((#10533,#10534),(#10535,#10536),
(#10537,#10538),(#10539,#10540),(#10541,#10542)),.UNSPECIFIED.,.F.,.F.,
 .F.,(4,1,4),(2,2),(-0.0645319415976712,-0.0315634227946399,0.),(0.,0.08),
 .UNSPECIFIED.);
#42=B_SPLINE_SURFACE_WITH_KNOTS('',3,1,((#10550,#10551),(#10552,#10553),
(#10554,#10555),(#10556,#10557),(#10558,#10559)),.UNSPECIFIED.,.F.,.F.,
 .F.,(4,1,4),(2,2),(-0.0539425716460362,-0.0272764740015207,0.),(0.,0.08),
 .UNSPECIFIED.);
#43=B_SPLINE_SURFACE_WITH_KNOTS('',3,1,((#10567,#10568),(#10569,#10570),
(#10571,#10572),(#10573,#10574),(#10575,#10576)),.UNSPECIFIED.,.F.,.F.,
 .F.,(4,1,4),(2,2),(-0.0477399256863435,-0.0251660313831034,0.),(0.,0.08),
 .UNSPECIFIED.);
#44=B_SPLINE_SURFACE_WITH_KNOTS('',3,1,((#10584,#10585),(#10586,#10587),
(#10588,#10589),(#10590,#10591),(#10592,#10593)),.UNSPECIFIED.,.F.,.F.,
 .F.,(4,1,4),(2,2),(-0.0482878677592422,-0.0227900710588874,0.),(0.,0.08),
 .UNSPECIFIED.);
#45=B_SPLINE_SURFACE_WITH_KNOTS('',3,1,((#10601,#10602),(#10603,#10604),
(#10605,#10606),(#10607,#10608),(#10609,#10610)),.UNSPECIFIED.,.F.,.F.,
 .F.,(4,1,4),(2,2),(-0.0649948232921293,-0.0297233065172907,0.),(0.,0.08),
 .UNSPECIFIED.);
#46=B_SPLINE_SURFACE_WITH_KNOTS('',3,1,((#10648,#10649),(#10650,#10651),
(#10652,#10653),(#10654,#10655),(#10656,#10657)),.UNSPECIFIED.,.F.,.F.,
 .F.,(4,1,4),(2,2),(-0.0667055131650074,-0.0418906322402341,0.),(0.,0.0800000000000001),
 .UNSPECIFIED.);
#47=B_SPLINE_SURFACE_WITH_KNOTS('',3,1,((#10665,#10666),(#10667,#10668),
(#10669,#10670),(#10671,#10672),(#10673,#10674)),.UNSPECIFIED.,.F.,.F.,
 .F.,(4,1,4),(2,2),(-0.0339015869324276,-0.0162771315453682,0.),(0.,0.0800000000000001),
 .UNSPECIFIED.);
#48=B_SPLINE_SURFACE_WITH_KNOTS('',3,1,((#10682,#10683),(#10684,#10685),
(#10686,#10687),(#10688,#10689),(#10690,#10691)),.UNSPECIFIED.,.F.,.F.,
 .F.,(4,1,4),(2,2),(-0.0448731124206953,-0.0201337356157623,0.),(0.,0.0800000000000001),
 .UNSPECIFIED.);
#49=B_SPLINE_SURFACE_WITH_KNOTS('',3,1,((#10699,#10700),(#10701,#10702),
(#10703,#10704),(#10705,#10706),(#10707,#10708)),.UNSPECIFIED.,.F.,.F.,
 .F.,(4,1,4),(2,2),(-0.0396349552257891,-0.0184937175712743,0.),(0.,0.0800000000000001),
 .UNSPECIFIED.);
#50=B_SPLINE_SURFACE_WITH_KNOTS('',3,1,((#10724,#10725),(#10726,#10727),
(#10728,#10729),(#10730,#10731),(#10732,#10733)),.UNSPECIFIED.,.F.,.F.,
 .F.,(4,1,4),(2,2),(-0.0221631821950291,-0.0131203392865589,0.),(0.,0.0800000000000001),
 .UNSPECIFIED.);
#51=B_SPLINE_SURFACE_WITH_KNOTS('',3,1,((#10741,#10742),(#10743,#10744),
(#10745,#10746),(#10747,#10748),(#10749,#10750)),.UNSPECIFIED.,.F.,.F.,
 .F.,(4,1,4),(2,2),(-0.0135488762513582,-0.00680086736823942,0.),(0.,0.0800000000000001),
 .UNSPECIFIED.);
#52=B_SPLINE_SURFACE_WITH_KNOTS('',3,1,((#10758,#10759),(#10760,#10761),
(#10762,#10763),(#10764,#10765),(#10766,#10767)),.UNSPECIFIED.,.F.,.F.,
 .F.,(4,1,4),(2,2),(-0.0445716620506976,-0.0146212574931063,0.),(0.,0.0800000000000001),
 .UNSPECIFIED.);
#53=B_SPLINE_SURFACE_WITH_KNOTS('',3,1,((#10804,#10805),(#10806,#10807),
(#10808,#10809),(#10810,#10811),(#10812,#10813)),.UNSPECIFIED.,.F.,.F.,
 .F.,(4,1,4),(2,2),(-0.0667055166594458,-0.0418906357346725,0.),(0.,0.08),
 .UNSPECIFIED.);
#54=B_SPLINE_SURFACE_WITH_KNOTS('',3,1,((#10821,#10822),(#10823,#10824),
(#10825,#10826),(#10827,#10828),(#10829,#10830)),.UNSPECIFIED.,.F.,.F.,
 .F.,(4,1,4),(2,2),(-0.0339016447329003,-0.0162771090649129,0.),(0.,0.08),
 .UNSPECIFIED.);
#55=B_SPLINE_SURFACE_WITH_KNOTS('',3,1,((#10838,#10839),(#10840,#10841),
(#10842,#10843),(#10844,#10845),(#10846,#10847)),.UNSPECIFIED.,.F.,.F.,
 .F.,(4,1,4),(2,2),(-0.0448731657327632,-0.0201337889278303,0.),(0.,0.08),
 .UNSPECIFIED.);
#56=B_SPLINE_SURFACE_WITH_KNOTS('',3,1,((#10855,#10856),(#10857,#10858),
(#10859,#10860),(#10861,#10862),(#10863,#10864)),.UNSPECIFIED.,.F.,.F.,
 .F.,(4,1,4),(2,2),(-0.0396347172170931,-0.0184935984138893,0.),(0.,0.08),
 .UNSPECIFIED.);
#57=B_SPLINE_SURFACE_WITH_KNOTS('',3,1,((#10880,#10881),(#10882,#10883),
(#10884,#10885),(#10886,#10887),(#10888,#10889)),.UNSPECIFIED.,.F.,.F.,
 .F.,(4,1,4),(2,2),(-0.0221632377986555,-0.0131202797885383,0.),(0.,0.08),
 .UNSPECIFIED.);
#58=B_SPLINE_SURFACE_WITH_KNOTS('',3,1,((#10897,#10898),(#10899,#10900),
(#10901,#10902),(#10903,#10904),(#10905,#10906)),.UNSPECIFIED.,.F.,.F.,
 .F.,(4,1,4),(2,2),(-0.0135488962840441,-0.00680077171459254,0.),(0.,0.08),
 .UNSPECIFIED.);
#59=B_SPLINE_SURFACE_WITH_KNOTS('',3,1,((#10914,#10915),(#10916,#10917),
(#10918,#10919),(#10920,#10921),(#10922,#10923)),.UNSPECIFIED.,.F.,.F.,
 .F.,(4,1,4),(2,2),(-0.0445716764847315,-0.0146212708411158,0.),(0.,0.08),
 .UNSPECIFIED.);
#60=B_SPLINE_SURFACE_WITH_KNOTS('',3,1,((#10961,#10962),(#10963,#10964),
(#10965,#10966),(#10967,#10968),(#10969,#10970)),.UNSPECIFIED.,.F.,.F.,
 .F.,(4,1,4),(2,2),(-0.0346628991523958,-0.0200786399357252,0.),(0.,0.0800000000000001),
 .UNSPECIFIED.);
#61=B_SPLINE_SURFACE_WITH_KNOTS('',3,1,((#10978,#10979),(#10980,#10981),
(#10982,#10983),(#10984,#10985),(#10986,#10987)),.UNSPECIFIED.,.F.,.F.,
 .F.,(4,1,4),(2,2),(-0.0594129194249885,-0.021094535764272,0.),(0.,0.0800000000000001),
 .UNSPECIFIED.);
#62=B_SPLINE_SURFACE_WITH_KNOTS('',3,1,((#10995,#10996),(#10997,#10998),
(#10999,#11000),(#11001,#11002),(#11003,#11004)),.UNSPECIFIED.,.F.,.F.,
 .F.,(4,1,4),(2,2),(-0.0511021856294215,-0.031376982049402,0.),(0.,0.0800000000000001),
 .UNSPECIFIED.);
#63=B_SPLINE_SURFACE_WITH_KNOTS('',3,1,((#11012,#11013),(#11014,#11015),
(#11016,#11017),(#11018,#11019),(#11020,#11021)),.UNSPECIFIED.,.F.,.F.,
 .F.,(4,1,4),(2,2),(-0.0257035669536739,-0.01331811594328,0.),(0.,0.0800000000000001),
 .UNSPECIFIED.);
#64=B_SPLINE_SURFACE_WITH_KNOTS('',3,1,((#11029,#11030),(#11031,#11032),
(#11033,#11034),(#11035,#11036),(#11037,#11038)),.UNSPECIFIED.,.F.,.F.,
 .F.,(4,1,4),(2,2),(-0.037940082129114,-0.0155460340647045,0.),(0.,0.0800000000000001),
 .UNSPECIFIED.);
#65=B_SPLINE_SURFACE_WITH_KNOTS('',3,1,((#11058,#11059),(#11060,#11061),
(#11062,#11063),(#11064,#11065),(#11066,#11067)),.UNSPECIFIED.,.F.,.F.,
 .F.,(4,1,4),(2,2),(-0.0258734395482048,-0.0159578834312395,0.),(0.,0.0800000000000001),
 .UNSPECIFIED.);
#66=B_SPLINE_SURFACE_WITH_KNOTS('',3,1,((#11075,#11076),(#11077,#11078),
(#11079,#11080),(#11081,#11082),(#11083,#11084)),.UNSPECIFIED.,.F.,.F.,
 .F.,(4,1,4),(2,2),(-0.0398681908785482,-0.0139561873960468,0.),(0.,0.0800000000000001),
 .UNSPECIFIED.);
#67=B_SPLINE_SURFACE_WITH_KNOTS('',3,1,((#11092,#11093),(#11094,#11095),
(#11096,#11097),(#11098,#11099),(#11100,#11101)),.UNSPECIFIED.,.F.,.F.,
 .F.,(4,1,4),(2,2),(-0.044418837964673,-0.0262910073433578,0.),(0.,0.0800000000000001),
 .UNSPECIFIED.);
#68=B_SPLINE_SURFACE_WITH_KNOTS('',3,1,((#11109,#11110),(#11111,#11112),
(#11113,#11114),(#11115,#11116),(#11117,#11118)),.UNSPECIFIED.,.F.,.F.,
 .F.,(4,1,4),(2,2),(-0.0350869707421877,-0.0157537087161723,0.),(0.,0.0800000000000001),
 .UNSPECIFIED.);
#69=B_SPLINE_SURFACE_WITH_KNOTS('',3,1,((#11126,#11127),(#11128,#11129),
(#11130,#11131),(#11132,#11133),(#11134,#11135)),.UNSPECIFIED.,.F.,.F.,
 .F.,(4,1,4),(2,2),(-0.0871450328465911,-0.0366628707179788,0.),(0.,0.0800000000000001),
 .UNSPECIFIED.);
#70=B_SPLINE_SURFACE_WITH_KNOTS('',3,1,((#11155,#11156),(#11157,#11158),
(#11159,#11160),(#11161,#11162),(#11163,#11164)),.UNSPECIFIED.,.F.,.F.,
 .F.,(4,1,4),(2,2),(-0.0455530695475775,-0.0270068419451974,0.),(0.,0.0800000000000001),
 .UNSPECIFIED.);
#71=B_SPLINE_SURFACE_WITH_KNOTS('',3,1,((#11172,#11173),(#11174,#11175),
(#11176,#11177),(#11178,#11179),(#11180,#11181)),.UNSPECIFIED.,.F.,.F.,
 .F.,(4,1,4),(2,2),(-0.0302911276160496,-0.0146584196885588,0.),(0.,0.0800000000000001),
 .UNSPECIFIED.);
#72=B_SPLINE_SURFACE_WITH_KNOTS('',3,1,((#11209,#11210),(#11211,#11212),
(#11213,#11214),(#11215,#11216),(#11217,#11218)),.UNSPECIFIED.,.F.,.F.,
 .F.,(4,1,4),(2,2),(-0.0585425641749956,-0.0326015063577126,0.),(0.,0.0800000000000001),
 .UNSPECIFIED.);
#73=B_SPLINE_SURFACE_WITH_KNOTS('',3,1,((#11232,#11233),(#11234,#11235),
(#11236,#11237),(#11238,#11239),(#11240,#11241)),.UNSPECIFIED.,.F.,.F.,
 .F.,(4,1,4),(2,2),(-0.0689715269437257,-0.0343354819267553,0.),(0.,0.0800000000000001),
 .UNSPECIFIED.);
#74=B_SPLINE_SURFACE_WITH_KNOTS('',3,1,((#11255,#11256),(#11257,#11258),
(#11259,#11260),(#11261,#11262),(#11263,#11264)),.UNSPECIFIED.,.F.,.F.,
 .F.,(4,1,4),(2,2),(-0.062497202786731,-0.0316496719720626,0.),(0.,0.0800000000000001),
 .UNSPECIFIED.);
#75=B_SPLINE_SURFACE_WITH_KNOTS('',3,1,((#11278,#11279),(#11280,#11281),
(#11282,#11283),(#11284,#11285),(#11286,#11287)),.UNSPECIFIED.,.F.,.F.,
 .F.,(4,1,4),(2,2),(-0.0668988328909654,-0.0319546495387938,0.),(0.,0.0800000000000001),
 .UNSPECIFIED.);
#76=B_SPLINE_SURFACE_WITH_KNOTS('',3,1,((#11304,#11305),(#11306,#11307),
(#11308,#11309),(#11310,#11311),(#11312,#11313)),.UNSPECIFIED.,.F.,.F.,
 .F.,(4,1,4),(2,2),(-0.0833031887253784,-0.043046652902269,0.),(0.,0.0800000000000001),
 .UNSPECIFIED.);
#77=B_SPLINE_SURFACE_WITH_KNOTS('',3,1,((#11321,#11322),(#11323,#11324),
(#11325,#11326),(#11327,#11328),(#11329,#11330)),.UNSPECIFIED.,.F.,.F.,
 .F.,(4,1,4),(2,2),(-0.0876883021082209,-0.0413047815963447,0.),(0.,0.0800000000000001),
 .UNSPECIFIED.);
#78=B_SPLINE_SURFACE_WITH_KNOTS('',3,1,((#11338,#11339),(#11340,#11341),
(#11342,#11343),(#11344,#11345),(#11346,#11347)),.UNSPECIFIED.,.F.,.F.,
 .F.,(4,1,4),(2,2),(-0.110581615480195,-0.057826309167802,0.),(0.,0.0800000000000001),
 .UNSPECIFIED.);
#79=B_SPLINE_SURFACE_WITH_KNOTS('',3,1,((#11355,#11356),(#11357,#11358),
(#11359,#11360),(#11361,#11362),(#11363,#11364)),.UNSPECIFIED.,.F.,.F.,
 .F.,(4,1,4),(2,2),(-0.118178780375599,-0.0547022840268915,0.),(0.,0.0800000000000001),
 .UNSPECIFIED.);
#80=B_SPLINE_SURFACE_WITH_KNOTS('',3,1,((#11372,#11373),(#11374,#11375),
(#11376,#11377),(#11378,#11379),(#11380,#11381)),.UNSPECIFIED.,.F.,.F.,
 .F.,(4,1,4),(2,2),(-0.121798358647021,-0.0656173325747654,0.),(0.,0.0800000000000001),
 .UNSPECIFIED.);
#81=B_SPLINE_SURFACE_WITH_KNOTS('',3,1,((#11389,#11390),(#11391,#11392),
(#11393,#11394),(#11395,#11396),(#11397,#11398)),.UNSPECIFIED.,.F.,.F.,
 .F.,(4,1,4),(2,2),(-0.108159508240181,-0.0527974245906871,0.),(0.,0.0800000000000001),
 .UNSPECIFIED.);
#82=B_SPLINE_SURFACE_WITH_KNOTS('',3,1,((#11406,#11407),(#11408,#11409),
(#11410,#11411),(#11412,#11413),(#11414,#11415)),.UNSPECIFIED.,.F.,.F.,
 .F.,(4,1,4),(2,2),(-0.105266673424864,-0.0537152007973912,0.),(0.,0.0800000000000001),
 .UNSPECIFIED.);
#83=B_SPLINE_SURFACE_WITH_KNOTS('',3,1,((#11423,#11424),(#11425,#11426),
(#11427,#11428),(#11429,#11430),(#11431,#11432)),.UNSPECIFIED.,.F.,.F.,
 .F.,(4,1,4),(2,2),(-0.119419756891875,-0.055046912250524,0.),(0.,0.0800000000000001),
 .UNSPECIFIED.);
#84=B_SPLINE_SURFACE_WITH_KNOTS('',3,1,((#11440,#11441),(#11442,#11443),
(#11444,#11445),(#11446,#11447),(#11448,#11449)),.UNSPECIFIED.,.F.,.F.,
 .F.,(4,1,4),(2,2),(-0.0131000363715094,-0.00545746964608266,0.),(0.,0.0800000000000001),
 .UNSPECIFIED.);
#85=B_SPLINE_SURFACE_WITH_KNOTS('',3,1,((#11461,#11462),(#11463,#11464),
(#11465,#11466),(#11467,#11468),(#11469,#11470)),.UNSPECIFIED.,.F.,.F.,
 .F.,(4,1,4),(2,2),(-0.0792076828287813,-0.0429299418037572,0.),(0.,0.0800000000000001),
 .UNSPECIFIED.);
#86=B_SPLINE_SURFACE_WITH_KNOTS('',3,1,((#11478,#11479),(#11480,#11481),
(#11482,#11483),(#11484,#11485),(#11486,#11487)),.UNSPECIFIED.,.F.,.F.,
 .F.,(4,1,4),(2,2),(-0.067153608255403,-0.0332666971714107,0.),(0.,0.0800000000000001),
 .UNSPECIFIED.);
#87=B_SPLINE_SURFACE_WITH_KNOTS('',3,1,((#11495,#11496),(#11497,#11498),
(#11499,#11500),(#11501,#11502),(#11503,#11504)),.UNSPECIFIED.,.F.,.F.,
 .F.,(4,1,4),(2,2),(-0.0488957479290602,-0.0252841722921035,0.),(0.,0.0800000000000001),
 .UNSPECIFIED.);
#88=B_SPLINE_SURFACE_WITH_KNOTS('',3,1,((#11512,#11513),(#11514,#11515),
(#11516,#11517),(#11518,#11519),(#11520,#11521)),.UNSPECIFIED.,.F.,.F.,
 .F.,(4,1,4),(2,2),(-0.0550735704240943,-0.0251464886839383,0.),(0.,0.0800000000000001),
 .UNSPECIFIED.);
#89=B_SPLINE_SURFACE_WITH_KNOTS('',3,1,((#11538,#11539),(#11540,#11541),
(#11542,#11543),(#11544,#11545),(#11546,#11547)),.UNSPECIFIED.,.F.,.F.,
 .F.,(4,1,4),(2,2),(-0.0680322403862435,-0.0400753180727808,0.),(0.,0.0800000000000001),
 .UNSPECIFIED.);
#90=B_SPLINE_SURFACE_WITH_KNOTS('',3,1,((#11561,#11562),(#11563,#11564),
(#11565,#11566),(#11567,#11568),(#11569,#11570)),.UNSPECIFIED.,.F.,.F.,
 .F.,(4,1,4),(2,2),(-0.0425922972868378,-0.0209343433876521,0.),(0.,0.0800000000000001),
 .UNSPECIFIED.);
#91=B_SPLINE_SURFACE_WITH_KNOTS('',3,1,((#11584,#11585),(#11586,#11587),
(#11588,#11589),(#11590,#11591),(#11592,#11593)),.UNSPECIFIED.,.F.,.F.,
 .F.,(4,1,4),(2,2),(-0.037426385276455,-0.0181805987872704,0.),(0.,0.0800000000000001),
 .UNSPECIFIED.);
#92=B_SPLINE_SURFACE_WITH_KNOTS('',3,1,((#11607,#11608),(#11609,#11610),
(#11611,#11612),(#11613,#11614),(#11615,#11616)),.UNSPECIFIED.,.F.,.F.,
 .F.,(4,1,4),(2,2),(-0.0678269629996864,-0.0261223973542929,0.),(0.,0.0800000000000001),
 .UNSPECIFIED.);
#93=B_SPLINE_SURFACE_WITH_KNOTS('',3,1,((#11653,#11654),(#11655,#11656),
(#11657,#11658),(#11659,#11660),(#11661,#11662)),.UNSPECIFIED.,.F.,.F.,
 .F.,(4,1,4),(2,2),(-0.0977994279317111,-0.0541763768097541,0.),(0.,0.0800000000000001),
 .UNSPECIFIED.);
#94=B_SPLINE_SURFACE_WITH_KNOTS('',3,1,((#11670,#11671),(#11672,#11673),
(#11674,#11675),(#11676,#11677),(#11678,#11679)),.UNSPECIFIED.,.F.,.F.,
 .F.,(4,1,4),(2,2),(-0.07527000617991,-0.0373626788182391,0.),(0.,0.0800000000000001),
 .UNSPECIFIED.);
#95=B_SPLINE_SURFACE_WITH_KNOTS('',3,1,((#11687,#11688),(#11689,#11690),
(#11691,#11692),(#11693,#11694),(#11695,#11696)),.UNSPECIFIED.,.F.,.F.,
 .F.,(4,1,4),(2,2),(-0.0694272452872717,-0.0343539511557455,0.),(0.,0.0800000000000001),
 .UNSPECIFIED.);
#96=B_SPLINE_SURFACE_WITH_KNOTS('',3,1,((#11704,#11705),(#11706,#11707),
(#11708,#11709),(#11710,#11711),(#11712,#11713)),.UNSPECIFIED.,.F.,.F.,
 .F.,(4,1,4),(2,2),(-0.09302745769625,-0.0405495362589695,0.),(0.,0.0800000000000001),
 .UNSPECIFIED.);
#97=B_SPLINE_SURFACE_WITH_KNOTS('',3,1,((#11846,#11847),(#11848,#11849),
(#11850,#11851),(#11852,#11853),(#11854,#11855)),.UNSPECIFIED.,.F.,.F.,
 .F.,(4,1,4),(2,2),(-0.0347874768850205,-0.0201126969093612,0.),(0.,0.08),
 .UNSPECIFIED.);
#98=B_SPLINE_SURFACE_WITH_KNOTS('',3,1,((#11863,#11864),(#11865,#11866),
(#11867,#11868),(#11869,#11870),(#11871,#11872)),.UNSPECIFIED.,.F.,.F.,
 .F.,(4,1,4),(2,2),(-0.0594839306465146,-0.0211512393493854,0.),(0.,0.08),
 .UNSPECIFIED.);
#99=B_SPLINE_SURFACE_WITH_KNOTS('',3,1,((#11880,#11881),(#11882,#11883),
(#11884,#11885),(#11886,#11887),(#11888,#11889)),.UNSPECIFIED.,.F.,.F.,
 .F.,(4,1,4),(2,2),(-0.0613304075689251,-0.0374951009104482,0.),(0.,0.08),
 .UNSPECIFIED.);
#100=B_SPLINE_SURFACE_WITH_KNOTS('',3,1,((#11897,#11898),(#11899,#11900),
(#11901,#11902),(#11903,#11904),(#11905,#11906)),.UNSPECIFIED.,.F.,.F.,
 .F.,(4,1,4),(2,2),(-0.0446438810313131,-0.0192506495476157,0.),(0.,0.08),
 .UNSPECIFIED.);
#101=B_SPLINE_SURFACE_WITH_KNOTS('',3,1,((#11926,#11927),(#11928,#11929),
(#11930,#11931),(#11932,#11933),(#11934,#11935)),.UNSPECIFIED.,.F.,.F.,
 .F.,(4,1,4),(2,2),(-0.0261388063260899,-0.0161618092654457,0.),(0.,0.08),
 .UNSPECIFIED.);
#102=B_SPLINE_SURFACE_WITH_KNOTS('',3,1,((#11943,#11944),(#11945,#11946),
(#11947,#11948),(#11949,#11950),(#11951,#11952)),.UNSPECIFIED.,.F.,.F.,
 .F.,(4,1,4),(2,2),(-0.0398683217415082,-0.0139563417952626,0.),(0.,0.08),
 .UNSPECIFIED.);
#103=B_SPLINE_SURFACE_WITH_KNOTS('',3,1,((#11960,#11961),(#11962,#11963),
(#11964,#11965),(#11966,#11967),(#11968,#11969)),.UNSPECIFIED.,.F.,.F.,
 .F.,(4,1,4),(2,2),(-0.0442995044011526,-0.0262082736664525,0.),(0.,0.08),
 .UNSPECIFIED.);
#104=B_SPLINE_SURFACE_WITH_KNOTS('',3,1,((#11977,#11978),(#11979,#11980),
(#11981,#11982),(#11983,#11984),(#11985,#11986)),.UNSPECIFIED.,.F.,.F.,
 .F.,(4,1,4),(2,2),(-0.0353167981446607,-0.0158049156701992,0.),(0.,0.08),
 .UNSPECIFIED.);
#105=B_SPLINE_SURFACE_WITH_KNOTS('',3,1,((#11994,#11995),(#11996,#11997),
(#11998,#11999),(#12000,#12001),(#12002,#12003)),.UNSPECIFIED.,.F.,.F.,
 .F.,(4,1,4),(2,2),(-0.0871786765177926,-0.0367798233803027,0.),(0.,0.08),
 .UNSPECIFIED.);
#106=B_SPLINE_SURFACE_WITH_KNOTS('',3,1,((#12023,#12024),(#12025,#12026),
(#12027,#12028),(#12029,#12030),(#12031,#12032)),.UNSPECIFIED.,.F.,.F.,
 .F.,(4,1,4),(2,2),(-0.045670510753432,-0.0271485318966319,0.),(0.,0.08),
 .UNSPECIFIED.);
#107=B_SPLINE_SURFACE_WITH_KNOTS('',3,1,((#12040,#12041),(#12042,#12043),
(#12044,#12045),(#12046,#12047),(#12048,#12049)),.UNSPECIFIED.,.F.,.F.,
 .F.,(4,1,4),(2,2),(-0.0302418246506996,-0.014613770473881,0.),(0.,0.08),
 .UNSPECIFIED.);
#108=B_SPLINE_SURFACE_WITH_KNOTS('',3,1,((#12069,#12070),(#12071,#12072),
(#12073,#12074),(#12075,#12076),(#12077,#12078)),.UNSPECIFIED.,.F.,.F.,
 .F.,(4,1,4),(2,2),(-0.0299286937705847,-0.0154206422021375,0.),(0.,0.08),
 .UNSPECIFIED.);
#109=B_SPLINE_SURFACE_WITH_KNOTS('',3,1,((#12086,#12087),(#12088,#12089),
(#12090,#12091),(#12092,#12093),(#12094,#12095)),.UNSPECIFIED.,.F.,.F.,
 .F.,(4,1,4),(2,2),(-0.0457883273726813,-0.018497866282177,0.),(0.,0.08),
 .UNSPECIFIED.);
#110=B_SPLINE_SURFACE_WITH_KNOTS('',3,1,((#12115,#12116),(#12117,#12118),
(#12119,#12120),(#12121,#12122),(#12123,#12124)),.UNSPECIFIED.,.F.,.F.,
 .F.,(4,1,4),(2,2),(-0.0873620429836557,-0.0505237770101812,0.),(0.,0.08),
 .UNSPECIFIED.);
#111=B_SPLINE_SURFACE_WITH_KNOTS('',3,1,((#12132,#12133),(#12134,#12135),
(#12136,#12137),(#12138,#12139),(#12140,#12141)),.UNSPECIFIED.,.F.,.F.,
 .F.,(4,1,4),(2,2),(-0.0379114959769702,-0.02133813981919,0.),(0.,0.08),
 .UNSPECIFIED.);
#112=B_SPLINE_SURFACE_WITH_KNOTS('',3,1,((#12149,#12150),(#12151,#12152),
(#12153,#12154),(#12155,#12156),(#12157,#12158)),.UNSPECIFIED.,.F.,.F.,
 .F.,(4,1,4),(2,2),(-0.062456995262905,-0.0228620224356638,0.),(0.,0.08),
 .UNSPECIFIED.);
#113=B_SPLINE_SURFACE_WITH_KNOTS('',3,1,((#12166,#12167),(#12168,#12169),
(#12170,#12171),(#12172,#12173),(#12174,#12175)),.UNSPECIFIED.,.F.,.F.,
 .F.,(4,1,4),(2,2),(-0.0228503441172087,-0.0136365598255625,0.),(0.,0.08),
 .UNSPECIFIED.);
#114=B_SPLINE_SURFACE_WITH_KNOTS('',3,1,((#12183,#12184),(#12185,#12186),
(#12187,#12188),(#12189,#12190),(#12191,#12192)),.UNSPECIFIED.,.F.,.F.,
 .F.,(4,1,4),(2,2),(-0.0214350696185922,-0.00919283969040424,0.),(0.,0.08),
 .UNSPECIFIED.);
#115=B_SPLINE_SURFACE_WITH_KNOTS('',3,1,((#12200,#12201),(#12202,#12203),
(#12204,#12205),(#12206,#12207),(#12208,#12209)),.UNSPECIFIED.,.F.,.F.,
 .F.,(4,1,4),(2,2),(-0.0144638391766788,-0.00538922809967216,0.),(0.,0.08),
 .UNSPECIFIED.);
#116=B_SPLINE_SURFACE_WITH_KNOTS('',3,1,((#12225,#12226),(#12227,#12228),
(#12229,#12230),(#12231,#12232),(#12233,#12234)),.UNSPECIFIED.,.F.,.F.,
 .F.,(4,1,4),(2,2),(-0.0401935862915845,-0.0241964542038019,0.),(0.,0.08),
 .UNSPECIFIED.);
#117=B_SPLINE_SURFACE_WITH_KNOTS('',3,1,((#12242,#12243),(#12244,#12245),
(#12246,#12247),(#12248,#12249),(#12250,#12251)),.UNSPECIFIED.,.F.,.F.,
 .F.,(4,1,4),(2,2),(-0.0255710414291127,-0.0122032406291842,0.),(0.,0.08),
 .UNSPECIFIED.);
#118=B_SPLINE_SURFACE_WITH_KNOTS('',3,1,((#12259,#12260),(#12261,#12262),
(#12263,#12264),(#12265,#12266),(#12267,#12268)),.UNSPECIFIED.,.F.,.F.,
 .F.,(4,1,4),(2,2),(-0.0518975428393965,-0.0200179278729862,0.),(0.,0.08),
 .UNSPECIFIED.);
#119=B_SPLINE_SURFACE_WITH_KNOTS('',3,1,((#12276,#12277),(#12278,#12279),
(#12280,#12281),(#12282,#12283),(#12284,#12285)),.UNSPECIFIED.,.F.,.F.,
 .F.,(4,1,4),(2,2),(-0.0590371312821499,-0.0379229344604484,0.),(0.,0.08),
 .UNSPECIFIED.);
#120=B_SPLINE_SURFACE_WITH_KNOTS('',3,1,((#12293,#12294),(#12295,#12296),
(#12297,#12298),(#12299,#12300),(#12301,#12302)),.UNSPECIFIED.,.F.,.F.,
 .F.,(4,1,4),(2,2),(-0.0350299028979523,-0.0147399958850965,0.),(0.,0.08),
 .UNSPECIFIED.);
#121=B_SPLINE_SURFACE_WITH_KNOTS('',3,1,((#12326,#12327),(#12328,#12329),
(#12330,#12331),(#12332,#12333),(#12334,#12335)),.UNSPECIFIED.,.F.,.F.,
 .F.,(4,1,4),(2,2),(-0.0764564120100117,-0.0441199960887009,0.),(0.,0.08),
 .UNSPECIFIED.);
#122=B_SPLINE_SURFACE_WITH_KNOTS('',3,1,((#12349,#12350),(#12351,#12352),
(#12353,#12354),(#12355,#12356),(#12357,#12358)),.UNSPECIFIED.,.F.,.F.,
 .F.,(4,1,4),(2,2),(-0.0593355483102375,-0.0281031935010044,0.),(0.,0.08),
 .UNSPECIFIED.);
#123=B_SPLINE_SURFACE_WITH_KNOTS('',3,1,((#12372,#12373),(#12374,#12375),
(#12376,#12377),(#12378,#12379),(#12380,#12381)),.UNSPECIFIED.,.F.,.F.,
 .F.,(4,1,4),(2,2),(-0.0453689030573458,-0.0235096289459205,0.),(0.,0.08),
 .UNSPECIFIED.);
#124=B_SPLINE_SURFACE_WITH_KNOTS('',3,1,((#12395,#12396),(#12397,#12398),
(#12399,#12400),(#12401,#12402),(#12403,#12404)),.UNSPECIFIED.,.F.,.F.,
 .F.,(4,1,4),(2,2),(-0.0415599529418603,-0.0208854508094612,0.),(0.,0.08),
 .UNSPECIFIED.);
#125=B_SPLINE_SURFACE_WITH_KNOTS('',3,1,((#12418,#12419),(#12420,#12421),
(#12422,#12423),(#12424,#12425),(#12426,#12427)),.UNSPECIFIED.,.F.,.F.,
 .F.,(4,1,4),(2,2),(-0.0495840701669167,-0.0192164116840917,0.),(0.,0.08),
 .UNSPECIFIED.);
#126=B_SPLINE_SURFACE_WITH_KNOTS('',3,1,((#12460,#12461),(#12462,#12463),
(#12464,#12465),(#12466,#12467),(#12468,#12469)),.UNSPECIFIED.,.F.,.F.,
 .F.,(4,1,4),(2,2),(-0.0610179252502421,-0.0351425847953668,0.),(0.,0.08),
 .UNSPECIFIED.);
#127=B_SPLINE_SURFACE_WITH_KNOTS('',3,1,((#12477,#12478),(#12479,#12480),
(#12481,#12482),(#12483,#12484),(#12485,#12486)),.UNSPECIFIED.,.F.,.F.,
 .F.,(4,1,4),(2,2),(-0.0531270455851162,-0.0280029243112597,0.),(0.,0.08),
 .UNSPECIFIED.);
#128=B_SPLINE_SURFACE_WITH_KNOTS('',3,1,((#12494,#12495),(#12496,#12497),
(#12498,#12499),(#12500,#12501),(#12502,#12503)),.UNSPECIFIED.,.F.,.F.,
 .F.,(4,1,4),(2,2),(-0.0506066629768272,-0.0244273008648851,0.),(0.,0.08),
 .UNSPECIFIED.);
#129=B_SPLINE_SURFACE_WITH_KNOTS('',3,1,((#12511,#12512),(#12513,#12514),
(#12515,#12516),(#12517,#12518),(#12519,#12520)),.UNSPECIFIED.,.F.,.F.,
 .F.,(4,1,4),(2,2),(-0.0562767866613818,-0.0276027084702946,0.),(0.,0.08),
 .UNSPECIFIED.);
#130=B_SPLINE_SURFACE_WITH_KNOTS('',3,1,((#12528,#12529),(#12530,#12531),
(#12532,#12533),(#12534,#12535),(#12536,#12537)),.UNSPECIFIED.,.F.,.F.,
 .F.,(4,1,4),(2,2),(-0.0939915416942374,-0.0477953073089095,0.),(0.,0.08),
 .UNSPECIFIED.);
#131=B_SPLINE_SURFACE_WITH_KNOTS('',3,1,((#12545,#12546),(#12547,#12548),
(#12549,#12550),(#12551,#12552),(#12553,#12554)),.UNSPECIFIED.,.F.,.F.,
 .F.,(4,1,4),(2,2),(-0.125013602762247,-0.0527120523430998,0.),(0.,0.08),
 .UNSPECIFIED.);
#132=B_SPLINE_SURFACE_WITH_KNOTS('',3,1,((#12583,#12584),(#12585,#12586),
(#12587,#12588),(#12589,#12590),(#12591,#12592)),.UNSPECIFIED.,.F.,.F.,
 .F.,(4,1,4),(2,2),(-0.0680322403862435,-0.0400753180727808,0.),(0.,0.0800000000000001),
 .UNSPECIFIED.);
#133=B_SPLINE_SURFACE_WITH_KNOTS('',3,1,((#12606,#12607),(#12608,#12609),
(#12610,#12611),(#12612,#12613),(#12614,#12615)),.UNSPECIFIED.,.F.,.F.,
 .F.,(4,1,4),(2,2),(-0.0425922972868378,-0.0209343433876521,0.),(0.,0.0800000000000001),
 .UNSPECIFIED.);
#134=B_SPLINE_SURFACE_WITH_KNOTS('',3,1,((#12629,#12630),(#12631,#12632),
(#12633,#12634),(#12635,#12636),(#12637,#12638)),.UNSPECIFIED.,.F.,.F.,
 .F.,(4,1,4),(2,2),(-0.037426385276455,-0.0181805987872704,0.),(0.,0.0800000000000001),
 .UNSPECIFIED.);
#135=B_SPLINE_SURFACE_WITH_KNOTS('',3,1,((#12652,#12653),(#12654,#12655),
(#12656,#12657),(#12658,#12659),(#12660,#12661)),.UNSPECIFIED.,.F.,.F.,
 .F.,(4,1,4),(2,2),(-0.0678269729746233,-0.0261224099614749,0.),(0.,0.0800000000000001),
 .UNSPECIFIED.);
#136=B_SPLINE_SURFACE_WITH_KNOTS('',3,1,((#12698,#12699),(#12700,#12701),
(#12702,#12703),(#12704,#12705),(#12706,#12707)),.UNSPECIFIED.,.F.,.F.,
 .F.,(4,1,4),(2,2),(-0.0977994367790035,-0.0541763735639563,0.),(0.,0.0800000000000001),
 .UNSPECIFIED.);
#137=B_SPLINE_SURFACE_WITH_KNOTS('',3,1,((#12715,#12716),(#12717,#12718),
(#12719,#12720),(#12721,#12722),(#12723,#12724)),.UNSPECIFIED.,.F.,.F.,
 .F.,(4,1,4),(2,2),(-0.0752699600552809,-0.0373625777515365,0.),(0.,0.0800000000000001),
 .UNSPECIFIED.);
#138=B_SPLINE_SURFACE_WITH_KNOTS('',3,1,((#12732,#12733),(#12734,#12735),
(#12736,#12737),(#12738,#12739),(#12740,#12741)),.UNSPECIFIED.,.F.,.F.,
 .F.,(4,1,4),(2,2),(-0.0694272503492075,-0.0343539803586668,0.),(0.,0.0800000000000001),
 .UNSPECIFIED.);
#139=B_SPLINE_SURFACE_WITH_KNOTS('',3,1,((#12749,#12750),(#12751,#12752),
(#12753,#12754),(#12755,#12756),(#12757,#12758)),.UNSPECIFIED.,.F.,.F.,
 .F.,(4,1,4),(2,2),(-0.0930274441692907,-0.0405496410385391,0.),(0.,0.0800000000000001),
 .UNSPECIFIED.);
#140=B_SPLINE_SURFACE_WITH_KNOTS('',3,1,((#12783,#12784),(#12785,#12786),
(#12787,#12788),(#12789,#12790),(#12791,#12792)),.UNSPECIFIED.,.F.,.F.,
 .F.,(4,1,4),(2,2),(-0.0507961526701081,-0.0302404850781673,0.),(0.,0.08),
 .UNSPECIFIED.);
#141=B_SPLINE_SURFACE_WITH_KNOTS('',3,1,((#12806,#12807),(#12808,#12809),
(#12810,#12811),(#12812,#12813),(#12814,#12815)),.UNSPECIFIED.,.F.,.F.,
 .F.,(4,1,4),(2,2),(-0.0368625525719928,-0.0194172446847992,0.),(0.,0.08),
 .UNSPECIFIED.);
#142=B_SPLINE_SURFACE_WITH_KNOTS('',3,1,((#12829,#12830),(#12831,#12832),
(#12833,#12834),(#12835,#12836),(#12837,#12838)),.UNSPECIFIED.,.F.,.F.,
 .F.,(4,1,4),(2,2),(-0.0368705354361742,-0.0174652020971794,0.),(0.,0.08),
 .UNSPECIFIED.);
#143=B_SPLINE_SURFACE_WITH_KNOTS('',3,1,((#12852,#12853),(#12854,#12855),
(#12856,#12857),(#12858,#12859),(#12860,#12861)),.UNSPECIFIED.,.F.,.F.,
 .F.,(4,1,4),(2,2),(-0.0367140437263985,-0.0188760126214397,0.),(0.,0.08),
 .UNSPECIFIED.);
#144=B_SPLINE_SURFACE_WITH_KNOTS('',3,1,((#12875,#12876),(#12877,#12878),
(#12879,#12880),(#12881,#12882),(#12883,#12884)),.UNSPECIFIED.,.F.,.F.,
 .F.,(4,1,4),(2,2),(-0.034841219762708,-0.0172390552205371,0.),(0.,0.08),
 .UNSPECIFIED.);
#145=B_SPLINE_SURFACE_WITH_KNOTS('',3,1,((#12898,#12899),(#12900,#12901),
(#12902,#12903),(#12904,#12905),(#12906,#12907)),.UNSPECIFIED.,.F.,.F.,
 .F.,(4,1,4),(2,2),(-0.0612351433522153,-0.0244417929982799,0.),(0.,0.08),
 .UNSPECIFIED.);
#146=B_SPLINE_SURFACE_WITH_KNOTS('',3,1,((#12939,#12940),(#12941,#12942),
(#12943,#12944),(#12945,#12946),(#12947,#12948)),.UNSPECIFIED.,.F.,.F.,
 .F.,(4,1,4),(2,2),(-0.0360936966378109,-0.021833277379559,0.),(0.,0.08),
 .UNSPECIFIED.);
#147=B_SPLINE_SURFACE_WITH_KNOTS('',3,1,((#12962,#12963),(#12964,#12965),
(#12966,#12967),(#12968,#12969),(#12970,#12971)),.UNSPECIFIED.,.F.,.F.,
 .F.,(4,1,4),(2,2),(-0.0325949032896549,-0.0173389647162714,0.),(0.,0.08),
 .UNSPECIFIED.);
#148=B_SPLINE_SURFACE_WITH_KNOTS('',3,1,((#12985,#12986),(#12987,#12988),
(#12989,#12990),(#12991,#12992),(#12993,#12994)),.UNSPECIFIED.,.F.,.F.,
 .F.,(4,1,4),(2,2),(-0.0302958173468947,-0.0145986039214963,0.),(0.,0.08),
 .UNSPECIFIED.);
#149=B_SPLINE_SURFACE_WITH_KNOTS('',3,1,((#13008,#13009),(#13010,#13011),
(#13012,#13013),(#13014,#13015),(#13016,#13017)),.UNSPECIFIED.,.F.,.F.,
 .F.,(4,1,4),(2,2),(-0.0348883277564691,-0.016805722403824,0.),(0.,0.08),
 .UNSPECIFIED.);
#150=B_SPLINE_SURFACE_WITH_KNOTS('',3,1,((#13031,#13032),(#13033,#13034),
(#13035,#13036),(#13037,#13038),(#13039,#13040)),.UNSPECIFIED.,.F.,.F.,
 .F.,(4,1,4),(2,2),(-0.0410258897716493,-0.0211026055441116,0.),(0.,0.08),
 .UNSPECIFIED.);
#151=B_SPLINE_SURFACE_WITH_KNOTS('',3,1,((#13054,#13055),(#13056,#13057),
(#13058,#13059),(#13060,#13061),(#13062,#13063)),.UNSPECIFIED.,.F.,.F.,
 .F.,(4,1,4),(2,2),(-0.0398952406328447,-0.0196087825820869,0.),(0.,0.08),
 .UNSPECIFIED.);
#152=B_SPLINE_SURFACE_WITH_KNOTS('',3,1,((#13077,#13078),(#13079,#13080),
(#13081,#13082),(#13083,#13084),(#13085,#13086)),.UNSPECIFIED.,.F.,.F.,
 .F.,(4,1,4),(2,2),(-0.0590698135261492,-0.0252972160489584,0.),(0.,0.08),
 .UNSPECIFIED.);
#153=B_SPLINE_SURFACE_WITH_KNOTS('',3,1,((#13119,#13120),(#13121,#13122),
(#13123,#13124),(#13125,#13126),(#13127,#13128)),.UNSPECIFIED.,.F.,.F.,
 .F.,(4,1,4),(2,2),(-0.0749066891611884,-0.0414143119367829,0.),(0.,0.08),
 .UNSPECIFIED.);
#154=B_SPLINE_SURFACE_WITH_KNOTS('',3,1,((#13136,#13137),(#13138,#13139),
(#13140,#13141),(#13142,#13143),(#13144,#13145)),.UNSPECIFIED.,.F.,.F.,
 .F.,(4,1,4),(2,2),(-0.0579505743388241,-0.0291101530694605,0.),(0.,0.08),
 .UNSPECIFIED.);
#155=B_SPLINE_SURFACE_WITH_KNOTS('',3,1,((#13153,#13154),(#13155,#13156),
(#13157,#13158),(#13159,#13160),(#13161,#13162)),.UNSPECIFIED.,.F.,.F.,
 .F.,(4,1,4),(2,2),(-0.0556352364937025,-0.0283734459538774,0.),(0.,0.08),
 .UNSPECIFIED.);
#156=B_SPLINE_SURFACE_WITH_KNOTS('',3,1,((#13170,#13171),(#13172,#13173),
(#13174,#13175),(#13176,#13177),(#13178,#13179)),.UNSPECIFIED.,.F.,.F.,
 .F.,(4,1,4),(2,2),(-0.0507587140153453,-0.0251395375951936,0.),(0.,0.08),
 .UNSPECIFIED.);
#157=B_SPLINE_SURFACE_WITH_KNOTS('',3,1,((#13187,#13188),(#13189,#13190),
(#13191,#13192),(#13193,#13194),(#13195,#13196)),.UNSPECIFIED.,.F.,.F.,
 .F.,(4,1,4),(2,2),(-0.0562647471156648,-0.0269018205713325,0.),(0.,0.08),
 .UNSPECIFIED.);
#158=B_SPLINE_SURFACE_WITH_KNOTS('',3,1,((#13204,#13205),(#13206,#13207),
(#13208,#13209),(#13210,#13211),(#13212,#13213)),.UNSPECIFIED.,.F.,.F.,
 .F.,(4,1,4),(2,2),(-0.0674433464145725,-0.0351736786611132,0.),(0.,0.08),
 .UNSPECIFIED.);
#159=B_SPLINE_SURFACE_WITH_KNOTS('',3,1,((#13221,#13222),(#13223,#13224),
(#13225,#13226),(#13227,#13228),(#13229,#13230)),.UNSPECIFIED.,.F.,.F.,
 .F.,(4,1,4),(2,2),(-0.0645319415976712,-0.0315634227946399,0.),(0.,0.08),
 .UNSPECIFIED.);
#160=B_SPLINE_SURFACE_WITH_KNOTS('',3,1,((#13238,#13239),(#13240,#13241),
(#13242,#13243),(#13244,#13245),(#13246,#13247)),.UNSPECIFIED.,.F.,.F.,
 .F.,(4,1,4),(2,2),(-0.0539425915435374,-0.0272764740015207,0.),(0.,0.08),
 .UNSPECIFIED.);
#161=B_SPLINE_SURFACE_WITH_KNOTS('',3,1,((#13255,#13256),(#13257,#13258),
(#13259,#13260),(#13261,#13262),(#13263,#13264)),.UNSPECIFIED.,.F.,.F.,
 .F.,(4,1,4),(2,2),(-0.04773994062051,-0.0251661099413747,0.),(0.,0.08),
 .UNSPECIFIED.);
#162=B_SPLINE_SURFACE_WITH_KNOTS('',3,1,((#13272,#13273),(#13274,#13275),
(#13276,#13277),(#13278,#13279),(#13280,#13281)),.UNSPECIFIED.,.F.,.F.,
 .F.,(4,1,4),(2,2),(-0.0482878113912036,-0.0227900710588874,0.),(0.,0.08),
 .UNSPECIFIED.);
#163=B_SPLINE_SURFACE_WITH_KNOTS('',3,1,((#13289,#13290),(#13291,#13292),
(#13293,#13294),(#13295,#13296),(#13297,#13298)),.UNSPECIFIED.,.F.,.F.,
 .F.,(4,1,4),(2,2),(-0.0649948091948177,-0.0297232477667022,0.),(0.,0.08),
 .UNSPECIFIED.);
#164=B_SPLINE_SURFACE_WITH_KNOTS('',3,1,((#13338,#13339),(#13340,#13341),
(#13342,#13343),(#13344,#13345),(#13346,#13347)),.UNSPECIFIED.,.F.,.F.,
 .F.,(4,1,4),(2,2),(-0.0346628359056523,-0.0200787880079348,0.),(0.,0.08),
 .UNSPECIFIED.);
#165=B_SPLINE_SURFACE_WITH_KNOTS('',3,1,((#13355,#13356),(#13357,#13358),
(#13359,#13360),(#13361,#13362),(#13363,#13364)),.UNSPECIFIED.,.F.,.F.,
 .F.,(4,1,4),(2,2),(-0.0594130258853898,-0.0210946672126141,0.),(0.,0.08),
 .UNSPECIFIED.);
#166=B_SPLINE_SURFACE_WITH_KNOTS('',3,1,((#13372,#13373),(#13374,#13375),
(#13376,#13377),(#13378,#13379),(#13380,#13381)),.UNSPECIFIED.,.F.,.F.,
 .F.,(4,1,4),(2,2),(-0.0511022105085554,-0.0313770069285359,0.),(0.,0.08),
 .UNSPECIFIED.);
#167=B_SPLINE_SURFACE_WITH_KNOTS('',3,1,((#13389,#13390),(#13391,#13392),
(#13393,#13394),(#13395,#13396),(#13397,#13398)),.UNSPECIFIED.,.F.,.F.,
 .F.,(4,1,4),(2,2),(-0.0257035669536739,-0.01331811594328,0.),(0.,0.08),
 .UNSPECIFIED.);
#168=B_SPLINE_SURFACE_WITH_KNOTS('',3,1,((#13406,#13407),(#13408,#13409),
(#13410,#13411),(#13412,#13413),(#13414,#13415)),.UNSPECIFIED.,.F.,.F.,
 .F.,(4,1,4),(2,2),(-0.0379401426461956,-0.0155459754809401,0.),(0.,0.08),
 .UNSPECIFIED.);
#169=B_SPLINE_SURFACE_WITH_KNOTS('',3,1,((#13435,#13436),(#13437,#13438),
(#13439,#13440),(#13441,#13442),(#13443,#13444)),.UNSPECIFIED.,.F.,.F.,
 .F.,(4,1,4),(2,2),(-0.0258735045603865,-0.0159580021592688,0.),(0.,0.08),
 .UNSPECIFIED.);
#170=B_SPLINE_SURFACE_WITH_KNOTS('',3,1,((#13452,#13453),(#13454,#13455),
(#13456,#13457),(#13458,#13459),(#13460,#13461)),.UNSPECIFIED.,.F.,.F.,
 .F.,(4,1,4),(2,2),(-0.0398683217415082,-0.0139563417952626,0.),(0.,0.08),
 .UNSPECIFIED.);
#171=B_SPLINE_SURFACE_WITH_KNOTS('',3,1,((#13469,#13470),(#13471,#13472),
(#13473,#13474),(#13475,#13476),(#13477,#13478)),.UNSPECIFIED.,.F.,.F.,
 .F.,(4,1,4),(2,2),(-0.0444187894055279,-0.0262909587842127,0.),(0.,0.08),
 .UNSPECIFIED.);
#172=B_SPLINE_SURFACE_WITH_KNOTS('',3,1,((#13486,#13487),(#13488,#13489),
(#13490,#13491),(#13492,#13493),(#13494,#13495)),.UNSPECIFIED.,.F.,.F.,
 .F.,(4,1,4),(2,2),(-0.0350870153908007,-0.0157537533647853,0.),(0.,0.08),
 .UNSPECIFIED.);
#173=B_SPLINE_SURFACE_WITH_KNOTS('',3,1,((#13503,#13504),(#13505,#13506),
(#13507,#13508),(#13509,#13510),(#13511,#13512)),.UNSPECIFIED.,.F.,.F.,
 .F.,(4,1,4),(2,2),(-0.0871450474551543,-0.0366629217304229,0.),(0.,0.08),
 .UNSPECIFIED.);
#174=B_SPLINE_SURFACE_WITH_KNOTS('',3,1,((#13532,#13533),(#13534,#13535),
(#13536,#13537),(#13538,#13539),(#13540,#13541)),.UNSPECIFIED.,.F.,.F.,
 .F.,(4,1,4),(2,2),(-0.0455531360892769,-0.0270069084868967,0.),(0.,0.08),
 .UNSPECIFIED.);
#175=B_SPLINE_SURFACE_WITH_KNOTS('',3,1,((#13549,#13550),(#13551,#13552),
(#13553,#13554),(#13555,#13556),(#13557,#13558)),.UNSPECIFIED.,.F.,.F.,
 .F.,(4,1,4),(2,2),(-0.0302911516286451,-0.0146584732206131,0.),(0.,0.08),
 .UNSPECIFIED.);
#176=FACE_BOUND('',#2526,.T.);
#177=FACE_BOUND('',#2527,.T.);
#178=FACE_BOUND('',#2528,.T.);
#179=FACE_BOUND('',#2529,.T.);
#180=FACE_BOUND('',#2530,.T.);
#181=FACE_BOUND('',#2531,.T.);
#182=FACE_BOUND('',#2532,.T.);
#183=FACE_BOUND('',#2533,.T.);
#184=FACE_BOUND('',#2534,.T.);
#185=FACE_BOUND('',#2535,.T.);
#186=FACE_BOUND('',#2536,.T.);
#187=FACE_BOUND('',#2537,.T.);
#188=FACE_BOUND('',#2538,.T.);
#189=FACE_BOUND('',#2539,.T.);
#190=FACE_BOUND('',#2540,.T.);
#191=FACE_BOUND('',#2541,.T.);
#192=FACE_BOUND('',#2576,.T.);
#193=FACE_BOUND('',#2577,.T.);
#194=FACE_BOUND('',#2663,.T.);
#195=FACE_BOUND('',#2682,.T.);
#196=FACE_BOUND('',#2776,.T.);
#197=FACE_BOUND('',#2795,.T.);
#198=FACE_BOUND('',#2831,.T.);
#199=FACE_BOUND('',#2832,.T.);
#200=FACE_BOUND('',#2870,.T.);
#201=FACE_BOUND('',#2873,.T.);
#202=FACE_BOUND('',#2874,.T.);
#203=FACE_BOUND('',#2875,.T.);
#204=FACE_BOUND('',#2899,.T.);
#205=FACE_BOUND('',#2900,.T.);
#206=FACE_BOUND('',#2901,.T.);
#207=FACE_BOUND('',#2902,.T.);
#208=FACE_BOUND('',#2903,.T.);
#209=FACE_BOUND('',#2904,.T.);
#210=FACE_BOUND('',#2906,.T.);
#211=FACE_BOUND('',#2907,.T.);
#212=FACE_BOUND('',#2908,.T.);
#213=FACE_BOUND('',#2909,.T.);
#214=FACE_BOUND('',#2928,.T.);
#215=FACE_BOUND('',#2929,.T.);
#216=FACE_BOUND('',#2930,.T.);
#217=FACE_BOUND('',#2931,.T.);
#218=FACE_BOUND('',#2932,.T.);
#219=FACE_BOUND('',#2933,.T.);
#220=FACE_BOUND('',#2934,.T.);
#221=FACE_BOUND('',#2949,.T.);
#222=FACE_BOUND('',#2951,.T.);
#223=FACE_BOUND('',#2953,.T.);
#224=FACE_BOUND('',#2955,.T.);
#225=FACE_BOUND('',#2962,.T.);
#226=FACE_BOUND('',#2963,.T.);
#227=FACE_BOUND('',#2964,.T.);
#228=FACE_BOUND('',#2965,.T.);
#229=FACE_BOUND('',#2966,.T.);
#230=FACE_BOUND('',#2967,.T.);
#231=FACE_BOUND('',#2968,.T.);
#232=B_SPLINE_CURVE_WITH_KNOTS('',3,(#9196,#9197,#9198,#9199,#9200),
 .UNSPECIFIED.,.F.,.F.,(4,1,4),(0.,0.0414142524924576,0.0749066010372876),
 .UNSPECIFIED.);
#233=B_SPLINE_CURVE_WITH_KNOTS('',3,(#9202,#9203,#9204,#9205,#9206),
 .UNSPECIFIED.,.F.,.F.,(4,1,4),(0.,0.0291101783496174,0.0579505803052718),
 .UNSPECIFIED.);
#234=B_SPLINE_CURVE_WITH_KNOTS('',3,(#9208,#9209,#9210,#9211,#9212),
 .UNSPECIFIED.,.F.,.F.,(4,1,4),(0.,0.0283734459538774,0.0556352364937025),
 .UNSPECIFIED.);
#235=B_SPLINE_CURVE_WITH_KNOTS('',3,(#9214,#9215,#9216,#9217,#9218),
 .UNSPECIFIED.,.F.,.F.,(4,1,4),(0.,0.0251395293469932,0.0507587057671449),
 .UNSPECIFIED.);
#236=B_SPLINE_CURVE_WITH_KNOTS('',3,(#9220,#9221,#9222,#9223,#9224),
 .UNSPECIFIED.,.F.,.F.,(4,1,4),(0.,0.0269018205713325,0.0562647471156648),
 .UNSPECIFIED.);
#237=B_SPLINE_CURVE_WITH_KNOTS('',3,(#9226,#9227,#9228,#9229,#9230),
 .UNSPECIFIED.,.F.,.F.,(4,1,4),(0.,0.0351736786611132,0.0674433026313272),
 .UNSPECIFIED.);
#238=B_SPLINE_CURVE_WITH_KNOTS('',3,(#9232,#9233,#9234,#9235,#9236),
 .UNSPECIFIED.,.F.,.F.,(4,1,4),(0.,0.0315634227946399,0.0645319415976712),
 .UNSPECIFIED.);
#239=B_SPLINE_CURVE_WITH_KNOTS('',3,(#9238,#9239,#9240,#9241,#9242),
 .UNSPECIFIED.,.F.,.F.,(4,1,4),(0.,0.0272764740015207,0.0539425716460362),
 .UNSPECIFIED.);
#240=B_SPLINE_CURVE_WITH_KNOTS('',3,(#9244,#9245,#9246,#9247,#9248),
 .UNSPECIFIED.,.F.,.F.,(4,1,4),(0.,0.0251660313831034,0.0477399256863435),
 .UNSPECIFIED.);
#241=B_SPLINE_CURVE_WITH_KNOTS('',3,(#9250,#9251,#9252,#9253,#9254),
 .UNSPECIFIED.,.F.,.F.,(4,1,4),(0.,0.0227900710588874,0.0482878677592422),
 .UNSPECIFIED.);
#242=B_SPLINE_CURVE_WITH_KNOTS('',3,(#9256,#9257,#9258,#9259,#9260),
 .UNSPECIFIED.,.F.,.F.,(4,1,4),(0.,0.0297233065172907,0.0649948232921293),
 .UNSPECIFIED.);
#243=B_SPLINE_CURVE_WITH_KNOTS('',3,(#9276,#9277,#9278,#9279,#9280),
 .UNSPECIFIED.,.F.,.F.,(4,1,4),(0.,0.0418906322402341,0.0667055131650074),
 .UNSPECIFIED.);
#244=B_SPLINE_CURVE_WITH_KNOTS('',3,(#9282,#9283,#9284,#9285,#9286),
 .UNSPECIFIED.,.F.,.F.,(4,1,4),(0.,0.0162771315453682,0.0339015869324276),
 .UNSPECIFIED.);
#245=B_SPLINE_CURVE_WITH_KNOTS('',3,(#9288,#9289,#9290,#9291,#9292),
 .UNSPECIFIED.,.F.,.F.,(4,1,4),(0.,0.0201337356157623,0.0448731124206953),
 .UNSPECIFIED.);
#246=B_SPLINE_CURVE_WITH_KNOTS('',3,(#9294,#9295,#9296,#9297,#9298),
 .UNSPECIFIED.,.F.,.F.,(4,1,4),(0.,0.0184937175712743,0.0396349552257891),
 .UNSPECIFIED.);
#247=B_SPLINE_CURVE_WITH_KNOTS('',3,(#9304,#9305,#9306,#9307,#9308),
 .UNSPECIFIED.,.F.,.F.,(4,1,4),(0.,0.0131203392865589,0.0221631821950291),
 .UNSPECIFIED.);
#248=B_SPLINE_CURVE_WITH_KNOTS('',3,(#9310,#9311,#9312,#9313,#9314),
 .UNSPECIFIED.,.F.,.F.,(4,1,4),(0.,0.00680086736823942,0.0135488762513582),
 .UNSPECIFIED.);
#249=B_SPLINE_CURVE_WITH_KNOTS('',3,(#9316,#9317,#9318,#9319,#9320),
 .UNSPECIFIED.,.F.,.F.,(4,1,4),(0.,0.0146212574931063,0.0445716620506976),
 .UNSPECIFIED.);
#250=B_SPLINE_CURVE_WITH_KNOTS('',3,(#9336,#9337,#9338,#9339,#9340),
 .UNSPECIFIED.,.F.,.F.,(4,1,4),(0.,0.0418906357346725,0.0667055166594458),
 .UNSPECIFIED.);
#251=B_SPLINE_CURVE_WITH_KNOTS('',3,(#9342,#9343,#9344,#9345,#9346),
 .UNSPECIFIED.,.F.,.F.,(4,1,4),(0.,0.0162771090649129,0.0339016447329003),
 .UNSPECIFIED.);
#252=B_SPLINE_CURVE_WITH_KNOTS('',3,(#9348,#9349,#9350,#9351,#9352),
 .UNSPECIFIED.,.F.,.F.,(4,1,4),(0.,0.0201337889278303,0.0448731657327632),
 .UNSPECIFIED.);
#253=B_SPLINE_CURVE_WITH_KNOTS('',3,(#9354,#9355,#9356,#9357,#9358),
 .UNSPECIFIED.,.F.,.F.,(4,1,4),(0.,0.0184935984138893,0.0396347172170931),
 .UNSPECIFIED.);
#254=B_SPLINE_CURVE_WITH_KNOTS('',3,(#9364,#9365,#9366,#9367,#9368),
 .UNSPECIFIED.,.F.,.F.,(4,1,4),(0.,0.0131202797885383,0.0221632377986555),
 .UNSPECIFIED.);
#255=B_SPLINE_CURVE_WITH_KNOTS('',3,(#9370,#9371,#9372,#9373,#9374),
 .UNSPECIFIED.,.F.,.F.,(4,1,4),(0.,0.00680077171459254,0.0135488962840441),
 .UNSPECIFIED.);
#256=B_SPLINE_CURVE_WITH_KNOTS('',3,(#9376,#9377,#9378,#9379,#9380),
 .UNSPECIFIED.,.F.,.F.,(4,1,4),(0.,0.0146212708411158,0.0445716764847315),
 .UNSPECIFIED.);
#257=B_SPLINE_CURVE_WITH_KNOTS('',3,(#9396,#9397,#9398,#9399,#9400),
 .UNSPECIFIED.,.F.,.F.,(4,1,4),(0.,0.0200786399357252,0.0346628991523958),
 .UNSPECIFIED.);
#258=B_SPLINE_CURVE_WITH_KNOTS('',3,(#9402,#9403,#9404,#9405,#9406),
 .UNSPECIFIED.,.F.,.F.,(4,1,4),(0.,0.021094535764272,0.0594129194249885),
 .UNSPECIFIED.);
#259=B_SPLINE_CURVE_WITH_KNOTS('',3,(#9408,#9409,#9410,#9411,#9412),
 .UNSPECIFIED.,.F.,.F.,(4,1,4),(0.,0.031376982049402,0.0511021856294215),
 .UNSPECIFIED.);
#260=B_SPLINE_CURVE_WITH_KNOTS('',3,(#9414,#9415,#9416,#9417,#9418),
 .UNSPECIFIED.,.F.,.F.,(4,1,4),(0.,0.01331811594328,0.0257035669536739),
 .UNSPECIFIED.);
#261=B_SPLINE_CURVE_WITH_KNOTS('',3,(#9420,#9421,#9422,#9423,#9424),
 .UNSPECIFIED.,.F.,.F.,(4,1,4),(0.,0.0155460340647045,0.037940082129114),
 .UNSPECIFIED.);
#262=B_SPLINE_CURVE_WITH_KNOTS('',3,(#9432,#9433,#9434,#9435,#9436),
 .UNSPECIFIED.,.F.,.F.,(4,1,4),(0.,0.0159578834312395,0.0258734395482048),
 .UNSPECIFIED.);
#263=B_SPLINE_CURVE_WITH_KNOTS('',3,(#9438,#9439,#9440,#9441,#9442),
 .UNSPECIFIED.,.F.,.F.,(4,1,4),(0.,0.0139561873960468,0.0398681908785482),
 .UNSPECIFIED.);
#264=B_SPLINE_CURVE_WITH_KNOTS('',3,(#9444,#9445,#9446,#9447,#9448),
 .UNSPECIFIED.,.F.,.F.,(4,1,4),(0.,0.0262910073433578,0.044418837964673),
 .UNSPECIFIED.);
#265=B_SPLINE_CURVE_WITH_KNOTS('',3,(#9450,#9451,#9452,#9453,#9454),
 .UNSPECIFIED.,.F.,.F.,(4,1,4),(0.,0.0157537087161723,0.0350869707421877),
 .UNSPECIFIED.);
#266=B_SPLINE_CURVE_WITH_KNOTS('',3,(#9456,#9457,#9458,#9459,#9460),
 .UNSPECIFIED.,.F.,.F.,(4,1,4),(0.,0.0366628707179788,0.0871450328465911),
 .UNSPECIFIED.);
#267=B_SPLINE_CURVE_WITH_KNOTS('',3,(#9468,#9469,#9470,#9471,#9472),
 .UNSPECIFIED.,.F.,.F.,(4,1,4),(0.,0.0270068419451974,0.0455530695475775),
 .UNSPECIFIED.);
#268=B_SPLINE_CURVE_WITH_KNOTS('',3,(#9474,#9475,#9476,#9477,#9478),
 .UNSPECIFIED.,.F.,.F.,(4,1,4),(0.,0.0146584196885588,0.0302911276160496),
 .UNSPECIFIED.);
#269=B_SPLINE_CURVE_WITH_KNOTS('',3,(#9492,#9493,#9494,#9495,#9496),
 .UNSPECIFIED.,.F.,.F.,(4,1,4),(0.,0.0541763768097541,0.0977994279317111),
 .UNSPECIFIED.);
#270=B_SPLINE_CURVE_WITH_KNOTS('',3,(#9498,#9499,#9500,#9501,#9502),
 .UNSPECIFIED.,.F.,.F.,(4,1,4),(0.,0.0373626788182391,0.07527000617991),
 .UNSPECIFIED.);
#271=B_SPLINE_CURVE_WITH_KNOTS('',3,(#9504,#9505,#9506,#9507,#9508),
 .UNSPECIFIED.,.F.,.F.,(4,1,4),(0.,0.0343539511557455,0.0694272452872717),
 .UNSPECIFIED.);
#272=B_SPLINE_CURVE_WITH_KNOTS('',3,(#9510,#9511,#9512,#9513,#9514),
 .UNSPECIFIED.,.F.,.F.,(4,1,4),(0.,0.0405495362589695,0.09302745769625),
 .UNSPECIFIED.);
#273=B_SPLINE_CURVE_WITH_KNOTS('',3,(#9576,#9577,#9578,#9579,#9580),
 .UNSPECIFIED.,.F.,.F.,(4,1,4),(0.,0.0201126969093612,0.0347874768850205),
 .UNSPECIFIED.);
#274=B_SPLINE_CURVE_WITH_KNOTS('',3,(#9582,#9583,#9584,#9585,#9586),
 .UNSPECIFIED.,.F.,.F.,(4,1,4),(0.,0.0211512393493854,0.0594839306465146),
 .UNSPECIFIED.);
#275=B_SPLINE_CURVE_WITH_KNOTS('',3,(#9588,#9589,#9590,#9591,#9592),
 .UNSPECIFIED.,.F.,.F.,(4,1,4),(0.,0.0374951009104482,0.0613304075689251),
 .UNSPECIFIED.);
#276=B_SPLINE_CURVE_WITH_KNOTS('',3,(#9594,#9595,#9596,#9597,#9598),
 .UNSPECIFIED.,.F.,.F.,(4,1,4),(0.,0.0192506495476157,0.0446438810313131),
 .UNSPECIFIED.);
#277=B_SPLINE_CURVE_WITH_KNOTS('',3,(#9606,#9607,#9608,#9609,#9610),
 .UNSPECIFIED.,.F.,.F.,(4,1,4),(0.,0.0161618092654457,0.0261388063260899),
 .UNSPECIFIED.);
#278=B_SPLINE_CURVE_WITH_KNOTS('',3,(#9612,#9613,#9614,#9615,#9616),
 .UNSPECIFIED.,.F.,.F.,(4,1,4),(0.,0.0139563417952626,0.0398683217415082),
 .UNSPECIFIED.);
#279=B_SPLINE_CURVE_WITH_KNOTS('',3,(#9618,#9619,#9620,#9621,#9622),
 .UNSPECIFIED.,.F.,.F.,(4,1,4),(0.,0.0262082736664525,0.0442995044011526),
 .UNSPECIFIED.);
#280=B_SPLINE_CURVE_WITH_KNOTS('',3,(#9624,#9625,#9626,#9627,#9628),
 .UNSPECIFIED.,.F.,.F.,(4,1,4),(0.,0.0158049156701992,0.0353167981446607),
 .UNSPECIFIED.);
#281=B_SPLINE_CURVE_WITH_KNOTS('',3,(#9630,#9631,#9632,#9633,#9634),
 .UNSPECIFIED.,.F.,.F.,(4,1,4),(0.,0.0367798233803027,0.0871786765177926),
 .UNSPECIFIED.);
#282=B_SPLINE_CURVE_WITH_KNOTS('',3,(#9642,#9643,#9644,#9645,#9646),
 .UNSPECIFIED.,.F.,.F.,(4,1,4),(0.,0.0271485318966319,0.045670510753432),
 .UNSPECIFIED.);
#283=B_SPLINE_CURVE_WITH_KNOTS('',3,(#9648,#9649,#9650,#9651,#9652),
 .UNSPECIFIED.,.F.,.F.,(4,1,4),(0.,0.014613770473881,0.0302418246506996),
 .UNSPECIFIED.);
#284=B_SPLINE_CURVE_WITH_KNOTS('',3,(#9660,#9661,#9662,#9663,#9664),
 .UNSPECIFIED.,.F.,.F.,(4,1,4),(0.,0.0154206422021375,0.0299286937705847),
 .UNSPECIFIED.);
#285=B_SPLINE_CURVE_WITH_KNOTS('',3,(#9666,#9667,#9668,#9669,#9670),
 .UNSPECIFIED.,.F.,.F.,(4,1,4),(0.,0.018497866282177,0.0457883273726813),
 .UNSPECIFIED.);
#286=B_SPLINE_CURVE_WITH_KNOTS('',3,(#9678,#9679,#9680,#9681,#9682),
 .UNSPECIFIED.,.F.,.F.,(4,1,4),(0.,0.0505237770101812,0.0873620429836557),
 .UNSPECIFIED.);
#287=B_SPLINE_CURVE_WITH_KNOTS('',3,(#9684,#9685,#9686,#9687,#9688),
 .UNSPECIFIED.,.F.,.F.,(4,1,4),(0.,0.02133813981919,0.0379114959769702),
 .UNSPECIFIED.);
#288=B_SPLINE_CURVE_WITH_KNOTS('',3,(#9690,#9691,#9692,#9693,#9694),
 .UNSPECIFIED.,.F.,.F.,(4,1,4),(0.,0.0228620224356638,0.062456995262905),
 .UNSPECIFIED.);
#289=B_SPLINE_CURVE_WITH_KNOTS('',3,(#9696,#9697,#9698,#9699,#9700),
 .UNSPECIFIED.,.F.,.F.,(4,1,4),(0.,0.0136365598255625,0.0228503441172087),
 .UNSPECIFIED.);
#290=B_SPLINE_CURVE_WITH_KNOTS('',3,(#9702,#9703,#9704,#9705,#9706),
 .UNSPECIFIED.,.F.,.F.,(4,1,4),(0.,0.00919283969040424,0.0214350696185922),
 .UNSPECIFIED.);
#291=B_SPLINE_CURVE_WITH_KNOTS('',3,(#9708,#9709,#9710,#9711,#9712),
 .UNSPECIFIED.,.F.,.F.,(4,1,4),(0.,0.00538922809967216,0.0144638391766788),
 .UNSPECIFIED.);
#292=B_SPLINE_CURVE_WITH_KNOTS('',3,(#9718,#9719,#9720,#9721,#9722),
 .UNSPECIFIED.,.F.,.F.,(4,1,4),(0.,0.0241964542038019,0.0401935862915845),
 .UNSPECIFIED.);
#293=B_SPLINE_CURVE_WITH_KNOTS('',3,(#9724,#9725,#9726,#9727,#9728),
 .UNSPECIFIED.,.F.,.F.,(4,1,4),(0.,0.0122032406291842,0.0255710414291127),
 .UNSPECIFIED.);
#294=B_SPLINE_CURVE_WITH_KNOTS('',3,(#9730,#9731,#9732,#9733,#9734),
 .UNSPECIFIED.,.F.,.F.,(4,1,4),(0.,0.0200179278729862,0.0518975428393965),
 .UNSPECIFIED.);
#295=B_SPLINE_CURVE_WITH_KNOTS('',3,(#9736,#9737,#9738,#9739,#9740),
 .UNSPECIFIED.,.F.,.F.,(4,1,4),(0.,0.0379229344604484,0.0590371312821499),
 .UNSPECIFIED.);
#296=B_SPLINE_CURVE_WITH_KNOTS('',3,(#9742,#9743,#9744,#9745,#9746),
 .UNSPECIFIED.,.F.,.F.,(4,1,4),(0.,0.0147399958850965,0.0350299028979523),
 .UNSPECIFIED.);
#297=B_SPLINE_CURVE_WITH_KNOTS('',3,(#9758,#9759,#9760,#9761,#9762),
 .UNSPECIFIED.,.F.,.F.,(4,1,4),(0.,0.0541763735639563,0.0977994367790035),
 .UNSPECIFIED.);
#298=B_SPLINE_CURVE_WITH_KNOTS('',3,(#9764,#9765,#9766,#9767,#9768),
 .UNSPECIFIED.,.F.,.F.,(4,1,4),(0.,0.0373625777515365,0.0752699600552809),
 .UNSPECIFIED.);
#299=B_SPLINE_CURVE_WITH_KNOTS('',3,(#9770,#9771,#9772,#9773,#9774),
 .UNSPECIFIED.,.F.,.F.,(4,1,4),(0.,0.0343539803586668,0.0694272503492075),
 .UNSPECIFIED.);
#300=B_SPLINE_CURVE_WITH_KNOTS('',3,(#9776,#9777,#9778,#9779,#9780),
 .UNSPECIFIED.,.F.,.F.,(4,1,4),(0.,0.0405496410385391,0.0930274441692907),
 .UNSPECIFIED.);
#301=B_SPLINE_CURVE_WITH_KNOTS('',3,(#9790,#9791,#9792,#9793,#9794),
 .UNSPECIFIED.,.F.,.F.,(4,1,4),(0.,0.0414143119367829,0.0749066891611884),
 .UNSPECIFIED.);
#302=B_SPLINE_CURVE_WITH_KNOTS('',3,(#9796,#9797,#9798,#9799,#9800),
 .UNSPECIFIED.,.F.,.F.,(4,1,4),(0.,0.0291101530694605,0.0579505743388241),
 .UNSPECIFIED.);
#303=B_SPLINE_CURVE_WITH_KNOTS('',3,(#9802,#9803,#9804,#9805,#9806),
 .UNSPECIFIED.,.F.,.F.,(4,1,4),(0.,0.0283734459538774,0.0556352364937025),
 .UNSPECIFIED.);
#304=B_SPLINE_CURVE_WITH_KNOTS('',3,(#9808,#9809,#9810,#9811,#9812),
 .UNSPECIFIED.,.F.,.F.,(4,1,4),(0.,0.0251395375951936,0.0507587140153453),
 .UNSPECIFIED.);
#305=B_SPLINE_CURVE_WITH_KNOTS('',3,(#9814,#9815,#9816,#9817,#9818),
 .UNSPECIFIED.,.F.,.F.,(4,1,4),(0.,0.0269018205713325,0.0562647471156648),
 .UNSPECIFIED.);
#306=B_SPLINE_CURVE_WITH_KNOTS('',3,(#9820,#9821,#9822,#9823,#9824),
 .UNSPECIFIED.,.F.,.F.,(4,1,4),(0.,0.0351736786611132,0.0674433464145725),
 .UNSPECIFIED.);
#307=B_SPLINE_CURVE_WITH_KNOTS('',3,(#9826,#9827,#9828,#9829,#9830),
 .UNSPECIFIED.,.F.,.F.,(4,1,4),(0.,0.0315634227946399,0.0645319415976712),
 .UNSPECIFIED.);
#308=B_SPLINE_CURVE_WITH_KNOTS('',3,(#9832,#9833,#9834,#9835,#9836),
 .UNSPECIFIED.,.F.,.F.,(4,1,4),(0.,0.0272764740015207,0.0539425915435374),
 .UNSPECIFIED.);
#309=B_SPLINE_CURVE_WITH_KNOTS('',3,(#9838,#9839,#9840,#9841,#9842),
 .UNSPECIFIED.,.F.,.F.,(4,1,4),(0.,0.0251661099413747,0.04773994062051),
 .UNSPECIFIED.);
#310=B_SPLINE_CURVE_WITH_KNOTS('',3,(#9844,#9845,#9846,#9847,#9848),
 .UNSPECIFIED.,.F.,.F.,(4,1,4),(0.,0.0227900710588874,0.0482878113912036),
 .UNSPECIFIED.);
#311=B_SPLINE_CURVE_WITH_KNOTS('',3,(#9850,#9851,#9852,#9853,#9854),
 .UNSPECIFIED.,.F.,.F.,(4,1,4),(0.,0.0297232477667022,0.0649948091948177),
 .UNSPECIFIED.);
#312=B_SPLINE_CURVE_WITH_KNOTS('',3,(#9870,#9871,#9872,#9873,#9874),
 .UNSPECIFIED.,.F.,.F.,(4,1,4),(0.,0.0200787880079348,0.0346628359056523),
 .UNSPECIFIED.);
#313=B_SPLINE_CURVE_WITH_KNOTS('',3,(#9876,#9877,#9878,#9879,#9880),
 .UNSPECIFIED.,.F.,.F.,(4,1,4),(0.,0.0210946672126141,0.0594130258853898),
 .UNSPECIFIED.);
#314=B_SPLINE_CURVE_WITH_KNOTS('',3,(#9882,#9883,#9884,#9885,#9886),
 .UNSPECIFIED.,.F.,.F.,(4,1,4),(0.,0.0313770069285359,0.0511022105085554),
 .UNSPECIFIED.);
#315=B_SPLINE_CURVE_WITH_KNOTS('',3,(#9888,#9889,#9890,#9891,#9892),
 .UNSPECIFIED.,.F.,.F.,(4,1,4),(0.,0.01331811594328,0.0257035669536739),
 .UNSPECIFIED.);
#316=B_SPLINE_CURVE_WITH_KNOTS('',3,(#9894,#9895,#9896,#9897,#9898),
 .UNSPECIFIED.,.F.,.F.,(4,1,4),(0.,0.0155459754809401,0.0379401426461956),
 .UNSPECIFIED.);
#317=B_SPLINE_CURVE_WITH_KNOTS('',3,(#9906,#9907,#9908,#9909,#9910),
 .UNSPECIFIED.,.F.,.F.,(4,1,4),(0.,0.0159580021592688,0.0258735045603865),
 .UNSPECIFIED.);
#318=B_SPLINE_CURVE_WITH_KNOTS('',3,(#9912,#9913,#9914,#9915,#9916),
 .UNSPECIFIED.,.F.,.F.,(4,1,4),(0.,0.0139563417952626,0.0398683217415082),
 .UNSPECIFIED.);
#319=B_SPLINE_CURVE_WITH_KNOTS('',3,(#9918,#9919,#9920,#9921,#9922),
 .UNSPECIFIED.,.F.,.F.,(4,1,4),(0.,0.0262909587842127,0.0444187894055279),
 .UNSPECIFIED.);
#320=B_SPLINE_CURVE_WITH_KNOTS('',3,(#9924,#9925,#9926,#9927,#9928),
 .UNSPECIFIED.,.F.,.F.,(4,1,4),(0.,0.0157537533647853,0.0350870153908007),
 .UNSPECIFIED.);
#321=B_SPLINE_CURVE_WITH_KNOTS('',3,(#9930,#9931,#9932,#9933,#9934),
 .UNSPECIFIED.,.F.,.F.,(4,1,4),(0.,0.0366629217304229,0.0871450474551543),
 .UNSPECIFIED.);
#322=B_SPLINE_CURVE_WITH_KNOTS('',3,(#9942,#9943,#9944,#9945,#9946),
 .UNSPECIFIED.,.F.,.F.,(4,1,4),(0.,0.0270069084868967,0.0455531360892769),
 .UNSPECIFIED.);
#323=B_SPLINE_CURVE_WITH_KNOTS('',3,(#9948,#9949,#9950,#9951,#9952),
 .UNSPECIFIED.,.F.,.F.,(4,1,4),(0.,0.0146584732206131,0.0302911516286451),
 .UNSPECIFIED.);
#324=B_SPLINE_CURVE_WITH_KNOTS('',3,(#9964,#9965,#9966,#9967,#9968),
 .UNSPECIFIED.,.F.,.F.,(4,1,4),(0.,0.0351425847953668,0.0610179252502421),
 .UNSPECIFIED.);
#325=B_SPLINE_CURVE_WITH_KNOTS('',3,(#9970,#9971,#9972,#9973,#9974),
 .UNSPECIFIED.,.F.,.F.,(4,1,4),(0.,0.0280029243112597,0.0531270455851162),
 .UNSPECIFIED.);
#326=B_SPLINE_CURVE_WITH_KNOTS('',3,(#9976,#9977,#9978,#9979,#9980),
 .UNSPECIFIED.,.F.,.F.,(4,1,4),(0.,0.0244273008648851,0.0506066629768272),
 .UNSPECIFIED.);
#327=B_SPLINE_CURVE_WITH_KNOTS('',3,(#9982,#9983,#9984,#9985,#9986),
 .UNSPECIFIED.,.F.,.F.,(4,1,4),(0.,0.0276027084702946,0.0562767866613818),
 .UNSPECIFIED.);
#328=B_SPLINE_CURVE_WITH_KNOTS('',3,(#9988,#9989,#9990,#9991,#9992),
 .UNSPECIFIED.,.F.,.F.,(4,1,4),(0.,0.0477953073089095,0.0939915416942374),
 .UNSPECIFIED.);
#329=B_SPLINE_CURVE_WITH_KNOTS('',3,(#9994,#9995,#9996,#9997,#9998),
 .UNSPECIFIED.,.F.,.F.,(4,1,4),(0.,0.0527120523430998,0.125013602762247),
 .UNSPECIFIED.);
#330=B_SPLINE_CURVE_WITH_KNOTS('',3,(#10008,#10009,#10010,#10011,#10012),
 .UNSPECIFIED.,.F.,.F.,(4,1,4),(0.,0.043046652902269,0.0833031887253784),
 .UNSPECIFIED.);
#331=B_SPLINE_CURVE_WITH_KNOTS('',3,(#10014,#10015,#10016,#10017,#10018),
 .UNSPECIFIED.,.F.,.F.,(4,1,4),(0.,0.0413047815963447,0.0876883021082209),
 .UNSPECIFIED.);
#332=B_SPLINE_CURVE_WITH_KNOTS('',3,(#10020,#10021,#10022,#10023,#10024),
 .UNSPECIFIED.,.F.,.F.,(4,1,4),(0.,0.057826309167802,0.110581615480195),
 .UNSPECIFIED.);
#333=B_SPLINE_CURVE_WITH_KNOTS('',3,(#10026,#10027,#10028,#10029,#10030),
 .UNSPECIFIED.,.F.,.F.,(4,1,4),(0.,0.0547022840268915,0.118178780375599),
 .UNSPECIFIED.);
#334=B_SPLINE_CURVE_WITH_KNOTS('',3,(#10032,#10033,#10034,#10035,#10036),
 .UNSPECIFIED.,.F.,.F.,(4,1,4),(0.,0.0656173325747654,0.121798358647021),
 .UNSPECIFIED.);
#335=B_SPLINE_CURVE_WITH_KNOTS('',3,(#10038,#10039,#10040,#10041,#10042),
 .UNSPECIFIED.,.F.,.F.,(4,1,4),(0.,0.0527974245906871,0.108159508240181),
 .UNSPECIFIED.);
#336=B_SPLINE_CURVE_WITH_KNOTS('',3,(#10044,#10045,#10046,#10047,#10048),
 .UNSPECIFIED.,.F.,.F.,(4,1,4),(0.,0.0537152007973912,0.105266673424864),
 .UNSPECIFIED.);
#337=B_SPLINE_CURVE_WITH_KNOTS('',3,(#10050,#10051,#10052,#10053,#10054),
 .UNSPECIFIED.,.F.,.F.,(4,1,4),(0.,0.055046912250524,0.119419756891875),
 .UNSPECIFIED.);
#338=B_SPLINE_CURVE_WITH_KNOTS('',3,(#10056,#10057,#10058,#10059,#10060),
 .UNSPECIFIED.,.F.,.F.,(4,1,4),(0.,0.00545746964608266,0.0131000363715094),
 .UNSPECIFIED.);
#339=B_SPLINE_CURVE_WITH_KNOTS('',3,(#10064,#10065,#10066,#10067,#10068),
 .UNSPECIFIED.,.F.,.F.,(4,1,4),(0.,0.0429299418037572,0.0792076828287813),
 .UNSPECIFIED.);
#340=B_SPLINE_CURVE_WITH_KNOTS('',3,(#10070,#10071,#10072,#10073,#10074),
 .UNSPECIFIED.,.F.,.F.,(4,1,4),(0.,0.0332666971714107,0.067153608255403),
 .UNSPECIFIED.);
#341=B_SPLINE_CURVE_WITH_KNOTS('',3,(#10076,#10077,#10078,#10079,#10080),
 .UNSPECIFIED.,.F.,.F.,(4,1,4),(0.,0.0252841722921035,0.0488957479290602),
 .UNSPECIFIED.);
#342=B_SPLINE_CURVE_WITH_KNOTS('',3,(#10081,#10082,#10083,#10084,#10085),
 .UNSPECIFIED.,.F.,.F.,(4,1,4),(0.,0.0251464886839383,0.0550735704240943),
 .UNSPECIFIED.);
#343=B_SPLINE_CURVE_WITH_KNOTS('',3,(#10106,#10107,#10108,#10109,#10110),
 .UNSPECIFIED.,.F.,.F.,(4,1,4),(0.,0.0302405297487721,0.0507962560855337),
 .UNSPECIFIED.);
#344=B_SPLINE_CURVE_WITH_KNOTS('',3,(#10112,#10113,#10114,#10115,#10116),
 .UNSPECIFIED.,.F.,.F.,(4,1,4),(-0.0507962560855337,-0.0302405297487721,
0.),.UNSPECIFIED.);
#345=B_SPLINE_CURVE_WITH_KNOTS('',3,(#10129,#10130,#10131,#10132,#10133),
 .UNSPECIFIED.,.F.,.F.,(4,1,4),(0.,0.0194172175162264,0.0368625471362066),
 .UNSPECIFIED.);
#346=B_SPLINE_CURVE_WITH_KNOTS('',3,(#10135,#10136,#10137,#10138,#10139),
 .UNSPECIFIED.,.F.,.F.,(4,1,4),(-0.0368625471362066,-0.0194172175162264,
0.),.UNSPECIFIED.);
#347=B_SPLINE_CURVE_WITH_KNOTS('',3,(#10152,#10153,#10154,#10155,#10156),
 .UNSPECIFIED.,.F.,.F.,(4,1,4),(0.,0.0174651759077689,0.0368705092467637),
 .UNSPECIFIED.);
#348=B_SPLINE_CURVE_WITH_KNOTS('',3,(#10158,#10159,#10160,#10161,#10162),
 .UNSPECIFIED.,.F.,.F.,(4,1,4),(-0.0368705092467637,-0.0174651759077689,
0.),.UNSPECIFIED.);
#349=B_SPLINE_CURVE_WITH_KNOTS('',3,(#10175,#10176,#10177,#10178,#10179),
 .UNSPECIFIED.,.F.,.F.,(4,1,4),(0.,0.0188760163908075,0.0367140474957663),
 .UNSPECIFIED.);
#350=B_SPLINE_CURVE_WITH_KNOTS('',3,(#10181,#10182,#10183,#10184,#10185),
 .UNSPECIFIED.,.F.,.F.,(4,1,4),(-0.0367140474957663,-0.0188760163908075,
0.),.UNSPECIFIED.);
#351=B_SPLINE_CURVE_WITH_KNOTS('',3,(#10198,#10199,#10200,#10201,#10202),
 .UNSPECIFIED.,.F.,.F.,(4,1,4),(0.,0.0172389750313733,0.0348411926994791),
 .UNSPECIFIED.);
#352=B_SPLINE_CURVE_WITH_KNOTS('',3,(#10204,#10205,#10206,#10207,#10208),
 .UNSPECIFIED.,.F.,.F.,(4,1,4),(-0.0348411926994791,-0.0172389750313733,
0.),.UNSPECIFIED.);
#353=B_SPLINE_CURVE_WITH_KNOTS('',3,(#10221,#10222,#10223,#10224,#10225),
 .UNSPECIFIED.,.F.,.F.,(4,1,4),(0.,0.0244418370383789,0.0612351278307333),
 .UNSPECIFIED.);
#354=B_SPLINE_CURVE_WITH_KNOTS('',3,(#10227,#10228,#10229,#10230,#10231),
 .UNSPECIFIED.,.F.,.F.,(4,1,4),(-0.0612351278307333,-0.0244418370383789,
0.),.UNSPECIFIED.);
#355=B_SPLINE_CURVE_WITH_KNOTS('',3,(#10262,#10263,#10264,#10265,#10266),
 .UNSPECIFIED.,.F.,.F.,(4,1,4),(0.,0.0218333220723506,0.0360937116790215),
 .UNSPECIFIED.);
#356=B_SPLINE_CURVE_WITH_KNOTS('',3,(#10268,#10269,#10270,#10271,#10272),
 .UNSPECIFIED.,.F.,.F.,(4,1,4),(-0.0360937116790215,-0.0218333220723506,
0.),.UNSPECIFIED.);
#357=B_SPLINE_CURVE_WITH_KNOTS('',3,(#10285,#10286,#10287,#10288,#10289),
 .UNSPECIFIED.,.F.,.F.,(4,1,4),(0.,0.0173389647162714,0.0325948494552284),
 .UNSPECIFIED.);
#358=B_SPLINE_CURVE_WITH_KNOTS('',3,(#10291,#10292,#10293,#10294,#10295),
 .UNSPECIFIED.,.F.,.F.,(4,1,4),(-0.0325948494552284,-0.0173389647162714,
0.),.UNSPECIFIED.);
#359=B_SPLINE_CURVE_WITH_KNOTS('',3,(#10308,#10309,#10310,#10311,#10312),
 .UNSPECIFIED.,.F.,.F.,(4,1,4),(0.,0.0145985582463146,0.0302958229561487),
 .UNSPECIFIED.);
#360=B_SPLINE_CURVE_WITH_KNOTS('',3,(#10314,#10315,#10316,#10317,#10318),
 .UNSPECIFIED.,.F.,.F.,(4,1,4),(-0.0302958229561487,-0.0145985582463146,
0.),.UNSPECIFIED.);
#361=B_SPLINE_CURVE_WITH_KNOTS('',3,(#10331,#10332,#10333,#10334,#10335),
 .UNSPECIFIED.,.F.,.F.,(4,1,4),(0.,0.0168057434516511,0.0348883488042962),
 .UNSPECIFIED.);
#362=B_SPLINE_CURVE_WITH_KNOTS('',3,(#10337,#10338,#10339,#10340,#10341),
 .UNSPECIFIED.,.F.,.F.,(4,1,4),(-0.0348883488042962,-0.0168057434516511,
0.),.UNSPECIFIED.);
#363=B_SPLINE_CURVE_WITH_KNOTS('',3,(#10354,#10355,#10356,#10357,#10358),
 .UNSPECIFIED.,.F.,.F.,(4,1,4),(0.,0.0211026014980741,0.0410259114386691),
 .UNSPECIFIED.);
#364=B_SPLINE_CURVE_WITH_KNOTS('',3,(#10360,#10361,#10362,#10363,#10364),
 .UNSPECIFIED.,.F.,.F.,(4,1,4),(-0.0410259114386691,-0.0211026014980741,
0.),.UNSPECIFIED.);
#365=B_SPLINE_CURVE_WITH_KNOTS('',3,(#10377,#10378,#10379,#10380,#10381),
 .UNSPECIFIED.,.F.,.F.,(4,1,4),(0.,0.0196088241549066,0.0398952822056644),
 .UNSPECIFIED.);
#366=B_SPLINE_CURVE_WITH_KNOTS('',3,(#10383,#10384,#10385,#10386,#10387),
 .UNSPECIFIED.,.F.,.F.,(4,1,4),(-0.0398952822056644,-0.0196088241549066,
0.),.UNSPECIFIED.);
#367=B_SPLINE_CURVE_WITH_KNOTS('',3,(#10400,#10401,#10402,#10403,#10404),
 .UNSPECIFIED.,.F.,.F.,(4,1,4),(0.,0.0252971430210759,0.0590697553811722),
 .UNSPECIFIED.);
#368=B_SPLINE_CURVE_WITH_KNOTS('',3,(#10406,#10407,#10408,#10409,#10410),
 .UNSPECIFIED.,.F.,.F.,(4,1,4),(-0.0590697553811722,-0.0252971430210759,
0.),.UNSPECIFIED.);
#369=B_SPLINE_CURVE_WITH_KNOTS('',3,(#10442,#10443,#10444,#10445,#10446),
 .UNSPECIFIED.,.F.,.F.,(4,1,4),(-0.0749066010372876,-0.0414142524924576,
0.),.UNSPECIFIED.);
#370=B_SPLINE_CURVE_WITH_KNOTS('',3,(#10459,#10460,#10461,#10462,#10463),
 .UNSPECIFIED.,.F.,.F.,(4,1,4),(-0.0579505803052718,-0.0291101783496174,
0.),.UNSPECIFIED.);
#371=B_SPLINE_CURVE_WITH_KNOTS('',3,(#10476,#10477,#10478,#10479,#10480),
 .UNSPECIFIED.,.F.,.F.,(4,1,4),(-0.0556352364937025,-0.0283734459538774,
0.),.UNSPECIFIED.);
#372=B_SPLINE_CURVE_WITH_KNOTS('',3,(#10493,#10494,#10495,#10496,#10497),
 .UNSPECIFIED.,.F.,.F.,(4,1,4),(-0.0507587057671449,-0.0251395293469932,
0.),.UNSPECIFIED.);
#373=B_SPLINE_CURVE_WITH_KNOTS('',3,(#10510,#10511,#10512,#10513,#10514),
 .UNSPECIFIED.,.F.,.F.,(4,1,4),(-0.0562647471156648,-0.0269018205713325,
0.),.UNSPECIFIED.);
#374=B_SPLINE_CURVE_WITH_KNOTS('',3,(#10527,#10528,#10529,#10530,#10531),
 .UNSPECIFIED.,.F.,.F.,(4,1,4),(-0.0674433026313272,-0.0351736786611132,
0.),.UNSPECIFIED.);
#375=B_SPLINE_CURVE_WITH_KNOTS('',3,(#10544,#10545,#10546,#10547,#10548),
 .UNSPECIFIED.,.F.,.F.,(4,1,4),(-0.0645319415976712,-0.0315634227946399,
0.),.UNSPECIFIED.);
#376=B_SPLINE_CURVE_WITH_KNOTS('',3,(#10561,#10562,#10563,#10564,#10565),
 .UNSPECIFIED.,.F.,.F.,(4,1,4),(-0.0539425716460362,-0.0272764740015207,
0.),.UNSPECIFIED.);
#377=B_SPLINE_CURVE_WITH_KNOTS('',3,(#10578,#10579,#10580,#10581,#10582),
 .UNSPECIFIED.,.F.,.F.,(4,1,4),(-0.0477399256863435,-0.0251660313831034,
0.),.UNSPECIFIED.);
#378=B_SPLINE_CURVE_WITH_KNOTS('',3,(#10595,#10596,#10597,#10598,#10599),
 .UNSPECIFIED.,.F.,.F.,(4,1,4),(-0.0482878677592422,-0.0227900710588874,
0.),.UNSPECIFIED.);
#379=B_SPLINE_CURVE_WITH_KNOTS('',3,(#10612,#10613,#10614,#10615,#10616),
 .UNSPECIFIED.,.F.,.F.,(4,1,4),(-0.0649948232921293,-0.0297233065172907,
0.),.UNSPECIFIED.);
#380=B_SPLINE_CURVE_WITH_KNOTS('',3,(#10659,#10660,#10661,#10662,#10663),
 .UNSPECIFIED.,.F.,.F.,(4,1,4),(-0.0667055131650074,-0.0418906322402341,
0.),.UNSPECIFIED.);
#381=B_SPLINE_CURVE_WITH_KNOTS('',3,(#10676,#10677,#10678,#10679,#10680),
 .UNSPECIFIED.,.F.,.F.,(4,1,4),(-0.0339015869324276,-0.0162771315453682,
0.),.UNSPECIFIED.);
#382=B_SPLINE_CURVE_WITH_KNOTS('',3,(#10693,#10694,#10695,#10696,#10697),
 .UNSPECIFIED.,.F.,.F.,(4,1,4),(-0.0448731124206953,-0.0201337356157623,
0.),.UNSPECIFIED.);
#383=B_SPLINE_CURVE_WITH_KNOTS('',3,(#10710,#10711,#10712,#10713,#10714),
 .UNSPECIFIED.,.F.,.F.,(4,1,4),(-0.0396349552257891,-0.0184937175712743,
0.),.UNSPECIFIED.);
#384=B_SPLINE_CURVE_WITH_KNOTS('',3,(#10735,#10736,#10737,#10738,#10739),
 .UNSPECIFIED.,.F.,.F.,(4,1,4),(-0.0221631821950291,-0.0131203392865589,
0.),.UNSPECIFIED.);
#385=B_SPLINE_CURVE_WITH_KNOTS('',3,(#10752,#10753,#10754,#10755,#10756),
 .UNSPECIFIED.,.F.,.F.,(4,1,4),(-0.0135488762513582,-0.00680086736823942,
0.),.UNSPECIFIED.);
#386=B_SPLINE_CURVE_WITH_KNOTS('',3,(#10769,#10770,#10771,#10772,#10773),
 .UNSPECIFIED.,.F.,.F.,(4,1,4),(-0.0445716620506976,-0.0146212574931063,
0.),.UNSPECIFIED.);
#387=B_SPLINE_CURVE_WITH_KNOTS('',3,(#10815,#10816,#10817,#10818,#10819),
 .UNSPECIFIED.,.F.,.F.,(4,1,4),(-0.0667055166594458,-0.0418906357346725,
0.),.UNSPECIFIED.);
#388=B_SPLINE_CURVE_WITH_KNOTS('',3,(#10832,#10833,#10834,#10835,#10836),
 .UNSPECIFIED.,.F.,.F.,(4,1,4),(-0.0339016447329003,-0.0162771090649129,
0.),.UNSPECIFIED.);
#389=B_SPLINE_CURVE_WITH_KNOTS('',3,(#10849,#10850,#10851,#10852,#10853),
 .UNSPECIFIED.,.F.,.F.,(4,1,4),(-0.0448731657327632,-0.0201337889278303,
0.),.UNSPECIFIED.);
#390=B_SPLINE_CURVE_WITH_KNOTS('',3,(#10866,#10867,#10868,#10869,#10870),
 .UNSPECIFIED.,.F.,.F.,(4,1,4),(-0.0396347172170931,-0.0184935984138893,
0.),.UNSPECIFIED.);
#391=B_SPLINE_CURVE_WITH_KNOTS('',3,(#10891,#10892,#10893,#10894,#10895),
 .UNSPECIFIED.,.F.,.F.,(4,1,4),(-0.0221632377986555,-0.0131202797885383,
0.),.UNSPECIFIED.);
#392=B_SPLINE_CURVE_WITH_KNOTS('',3,(#10908,#10909,#10910,#10911,#10912),
 .UNSPECIFIED.,.F.,.F.,(4,1,4),(-0.0135488962840441,-0.00680077171459254,
0.),.UNSPECIFIED.);
#393=B_SPLINE_CURVE_WITH_KNOTS('',3,(#10925,#10926,#10927,#10928,#10929),
 .UNSPECIFIED.,.F.,.F.,(4,1,4),(-0.0445716764847315,-0.0146212708411158,
0.),.UNSPECIFIED.);
#394=B_SPLINE_CURVE_WITH_KNOTS('',3,(#10972,#10973,#10974,#10975,#10976),
 .UNSPECIFIED.,.F.,.F.,(4,1,4),(-0.0346628991523958,-0.0200786399357252,
0.),.UNSPECIFIED.);
#395=B_SPLINE_CURVE_WITH_KNOTS('',3,(#10989,#10990,#10991,#10992,#10993),
 .UNSPECIFIED.,.F.,.F.,(4,1,4),(-0.0594129194249885,-0.021094535764272,
0.),.UNSPECIFIED.);
#396=B_SPLINE_CURVE_WITH_KNOTS('',3,(#11006,#11007,#11008,#11009,#11010),
 .UNSPECIFIED.,.F.,.F.,(4,1,4),(-0.0511021856294215,-0.031376982049402,
0.),.UNSPECIFIED.);
#397=B_SPLINE_CURVE_WITH_KNOTS('',3,(#11023,#11024,#11025,#11026,#11027),
 .UNSPECIFIED.,.F.,.F.,(4,1,4),(-0.0257035669536739,-0.01331811594328,0.),
 .UNSPECIFIED.);
#398=B_SPLINE_CURVE_WITH_KNOTS('',3,(#11040,#11041,#11042,#11043,#11044),
 .UNSPECIFIED.,.F.,.F.,(4,1,4),(-0.037940082129114,-0.0155460340647045,
0.),.UNSPECIFIED.);
#399=B_SPLINE_CURVE_WITH_KNOTS('',3,(#11069,#11070,#11071,#11072,#11073),
 .UNSPECIFIED.,.F.,.F.,(4,1,4),(-0.0258734395482048,-0.0159578834312395,
0.),.UNSPECIFIED.);
#400=B_SPLINE_CURVE_WITH_KNOTS('',3,(#11086,#11087,#11088,#11089,#11090),
 .UNSPECIFIED.,.F.,.F.,(4,1,4),(-0.0398681908785482,-0.0139561873960468,
0.),.UNSPECIFIED.);
#401=B_SPLINE_CURVE_WITH_KNOTS('',3,(#11103,#11104,#11105,#11106,#11107),
 .UNSPECIFIED.,.F.,.F.,(4,1,4),(-0.044418837964673,-0.0262910073433578,
0.),.UNSPECIFIED.);
#402=B_SPLINE_CURVE_WITH_KNOTS('',3,(#11120,#11121,#11122,#11123,#11124),
 .UNSPECIFIED.,.F.,.F.,(4,1,4),(-0.0350869707421877,-0.0157537087161723,
0.),.UNSPECIFIED.);
#403=B_SPLINE_CURVE_WITH_KNOTS('',3,(#11137,#11138,#11139,#11140,#11141),
 .UNSPECIFIED.,.F.,.F.,(4,1,4),(-0.0871450328465911,-0.0366628707179788,
0.),.UNSPECIFIED.);
#404=B_SPLINE_CURVE_WITH_KNOTS('',3,(#11166,#11167,#11168,#11169,#11170),
 .UNSPECIFIED.,.F.,.F.,(4,1,4),(-0.0455530695475775,-0.0270068419451974,
0.),.UNSPECIFIED.);
#405=B_SPLINE_CURVE_WITH_KNOTS('',3,(#11183,#11184,#11185,#11186,#11187),
 .UNSPECIFIED.,.F.,.F.,(4,1,4),(-0.0302911276160496,-0.0146584196885588,
0.),.UNSPECIFIED.);
#406=B_SPLINE_CURVE_WITH_KNOTS('',3,(#11220,#11221,#11222,#11223,#11224),
 .UNSPECIFIED.,.F.,.F.,(4,1,4),(0.,0.0326015063577126,0.0585425641749956),
 .UNSPECIFIED.);
#407=B_SPLINE_CURVE_WITH_KNOTS('',3,(#11226,#11227,#11228,#11229,#11230),
 .UNSPECIFIED.,.F.,.F.,(4,1,4),(-0.0585425641749956,-0.0326015063577126,
0.),.UNSPECIFIED.);
#408=B_SPLINE_CURVE_WITH_KNOTS('',3,(#11243,#11244,#11245,#11246,#11247),
 .UNSPECIFIED.,.F.,.F.,(4,1,4),(0.,0.0343354819267553,0.0689715269437257),
 .UNSPECIFIED.);
#409=B_SPLINE_CURVE_WITH_KNOTS('',3,(#11249,#11250,#11251,#11252,#11253),
 .UNSPECIFIED.,.F.,.F.,(4,1,4),(-0.0689715269437257,-0.0343354819267553,
0.),.UNSPECIFIED.);
#410=B_SPLINE_CURVE_WITH_KNOTS('',3,(#11266,#11267,#11268,#11269,#11270),
 .UNSPECIFIED.,.F.,.F.,(4,1,4),(0.,0.0316496719720626,0.062497202786731),
 .UNSPECIFIED.);
#411=B_SPLINE_CURVE_WITH_KNOTS('',3,(#11272,#11273,#11274,#11275,#11276),
 .UNSPECIFIED.,.F.,.F.,(4,1,4),(-0.062497202786731,-0.0316496719720626,
0.),.UNSPECIFIED.);
#412=B_SPLINE_CURVE_WITH_KNOTS('',3,(#11288,#11289,#11290,#11291,#11292),
 .UNSPECIFIED.,.F.,.F.,(4,1,4),(0.,0.0319546495387938,0.0668988328909654),
 .UNSPECIFIED.);
#413=B_SPLINE_CURVE_WITH_KNOTS('',3,(#11293,#11294,#11295,#11296,#11297),
 .UNSPECIFIED.,.F.,.F.,(4,1,4),(-0.0668988328909654,-0.0319546495387938,
0.),.UNSPECIFIED.);
#414=B_SPLINE_CURVE_WITH_KNOTS('',3,(#11315,#11316,#11317,#11318,#11319),
 .UNSPECIFIED.,.F.,.F.,(4,1,4),(-0.0833031887253784,-0.043046652902269,
0.),.UNSPECIFIED.);
#415=B_SPLINE_CURVE_WITH_KNOTS('',3,(#11332,#11333,#11334,#11335,#11336),
 .UNSPECIFIED.,.F.,.F.,(4,1,4),(-0.0876883021082209,-0.0413047815963447,
0.),.UNSPECIFIED.);
#416=B_SPLINE_CURVE_WITH_KNOTS('',3,(#11349,#11350,#11351,#11352,#11353),
 .UNSPECIFIED.,.F.,.F.,(4,1,4),(-0.110581615480195,-0.057826309167802,0.),
 .UNSPECIFIED.);
#417=B_SPLINE_CURVE_WITH_KNOTS('',3,(#11366,#11367,#11368,#11369,#11370),
 .UNSPECIFIED.,.F.,.F.,(4,1,4),(-0.118178780375599,-0.0547022840268915,
0.),.UNSPECIFIED.);
#418=B_SPLINE_CURVE_WITH_KNOTS('',3,(#11383,#11384,#11385,#11386,#11387),
 .UNSPECIFIED.,.F.,.F.,(4,1,4),(-0.121798358647021,-0.0656173325747654,
0.),.UNSPECIFIED.);
#419=B_SPLINE_CURVE_WITH_KNOTS('',3,(#11400,#11401,#11402,#11403,#11404),
 .UNSPECIFIED.,.F.,.F.,(4,1,4),(-0.108159508240181,-0.0527974245906871,
0.),.UNSPECIFIED.);
#420=B_SPLINE_CURVE_WITH_KNOTS('',3,(#11417,#11418,#11419,#11420,#11421),
 .UNSPECIFIED.,.F.,.F.,(4,1,4),(-0.105266673424864,-0.0537152007973912,
0.),.UNSPECIFIED.);
#421=B_SPLINE_CURVE_WITH_KNOTS('',3,(#11434,#11435,#11436,#11437,#11438),
 .UNSPECIFIED.,.F.,.F.,(4,1,4),(-0.119419756891875,-0.055046912250524,0.),
 .UNSPECIFIED.);
#422=B_SPLINE_CURVE_WITH_KNOTS('',3,(#11451,#11452,#11453,#11454,#11455),
 .UNSPECIFIED.,.F.,.F.,(4,1,4),(-0.0131000363715094,-0.00545746964608266,
0.),.UNSPECIFIED.);
#423=B_SPLINE_CURVE_WITH_KNOTS('',3,(#11472,#11473,#11474,#11475,#11476),
 .UNSPECIFIED.,.F.,.F.,(4,1,4),(-0.0792076828287813,-0.0429299418037572,
0.),.UNSPECIFIED.);
#424=B_SPLINE_CURVE_WITH_KNOTS('',3,(#11489,#11490,#11491,#11492,#11493),
 .UNSPECIFIED.,.F.,.F.,(4,1,4),(-0.067153608255403,-0.0332666971714107,
0.),.UNSPECIFIED.);
#425=B_SPLINE_CURVE_WITH_KNOTS('',3,(#11506,#11507,#11508,#11509,#11510),
 .UNSPECIFIED.,.F.,.F.,(4,1,4),(-0.0488957479290602,-0.0252841722921035,
0.),.UNSPECIFIED.);
#426=B_SPLINE_CURVE_WITH_KNOTS('',3,(#11522,#11523,#11524,#11525,#11526),
 .UNSPECIFIED.,.F.,.F.,(4,1,4),(-0.0550735704240943,-0.0251464886839383,
0.),.UNSPECIFIED.);
#427=B_SPLINE_CURVE_WITH_KNOTS('',3,(#11549,#11550,#11551,#11552,#11553),
 .UNSPECIFIED.,.F.,.F.,(4,1,4),(0.,0.0400753180727808,0.0680322403862435),
 .UNSPECIFIED.);
#428=B_SPLINE_CURVE_WITH_KNOTS('',3,(#11555,#11556,#11557,#11558,#11559),
 .UNSPECIFIED.,.F.,.F.,(4,1,4),(-0.0680322403862435,-0.0400753180727808,
0.),.UNSPECIFIED.);
#429=B_SPLINE_CURVE_WITH_KNOTS('',3,(#11572,#11573,#11574,#11575,#11576),
 .UNSPECIFIED.,.F.,.F.,(4,1,4),(0.,0.0209343433876521,0.0425922972868378),
 .UNSPECIFIED.);
#430=B_SPLINE_CURVE_WITH_KNOTS('',3,(#11578,#11579,#11580,#11581,#11582),
 .UNSPECIFIED.,.F.,.F.,(4,1,4),(-0.0425922972868378,-0.0209343433876521,
0.),.UNSPECIFIED.);
#431=B_SPLINE_CURVE_WITH_KNOTS('',3,(#11595,#11596,#11597,#11598,#11599),
 .UNSPECIFIED.,.F.,.F.,(4,1,4),(0.,0.0181805987872704,0.037426385276455),
 .UNSPECIFIED.);
#432=B_SPLINE_CURVE_WITH_KNOTS('',3,(#11601,#11602,#11603,#11604,#11605),
 .UNSPECIFIED.,.F.,.F.,(4,1,4),(-0.037426385276455,-0.0181805987872704,
0.),.UNSPECIFIED.);
#433=B_SPLINE_CURVE_WITH_KNOTS('',3,(#11618,#11619,#11620,#11621,#11622),
 .UNSPECIFIED.,.F.,.F.,(4,1,4),(0.,0.0261223973542929,0.0678269629996864),
 .UNSPECIFIED.);
#434=B_SPLINE_CURVE_WITH_KNOTS('',3,(#11624,#11625,#11626,#11627,#11628),
 .UNSPECIFIED.,.F.,.F.,(4,1,4),(-0.0678269629996864,-0.0261223973542929,
0.),.UNSPECIFIED.);
#435=B_SPLINE_CURVE_WITH_KNOTS('',3,(#11664,#11665,#11666,#11667,#11668),
 .UNSPECIFIED.,.F.,.F.,(4,1,4),(-0.0977994279317111,-0.0541763768097541,
0.),.UNSPECIFIED.);
#436=B_SPLINE_CURVE_WITH_KNOTS('',3,(#11681,#11682,#11683,#11684,#11685),
 .UNSPECIFIED.,.F.,.F.,(4,1,4),(-0.07527000617991,-0.0373626788182391,0.),
 .UNSPECIFIED.);
#437=B_SPLINE_CURVE_WITH_KNOTS('',3,(#11698,#11699,#11700,#11701,#11702),
 .UNSPECIFIED.,.F.,.F.,(4,1,4),(-0.0694272452872717,-0.0343539511557455,
0.),.UNSPECIFIED.);
#438=B_SPLINE_CURVE_WITH_KNOTS('',3,(#11715,#11716,#11717,#11718,#11719),
 .UNSPECIFIED.,.F.,.F.,(4,1,4),(-0.09302745769625,-0.0405495362589695,0.),
 .UNSPECIFIED.);
#439=B_SPLINE_CURVE_WITH_KNOTS('',3,(#11857,#11858,#11859,#11860,#11861),
 .UNSPECIFIED.,.F.,.F.,(4,1,4),(-0.0347874768850205,-0.0201126969093612,
0.),.UNSPECIFIED.);
#440=B_SPLINE_CURVE_WITH_KNOTS('',3,(#11874,#11875,#11876,#11877,#11878),
 .UNSPECIFIED.,.F.,.F.,(4,1,4),(-0.0594839306465146,-0.0211512393493854,
0.),.UNSPECIFIED.);
#441=B_SPLINE_CURVE_WITH_KNOTS('',3,(#11891,#11892,#11893,#11894,#11895),
 .UNSPECIFIED.,.F.,.F.,(4,1,4),(-0.0613304075689251,-0.0374951009104482,
0.),.UNSPECIFIED.);
#442=B_SPLINE_CURVE_WITH_KNOTS('',3,(#11908,#11909,#11910,#11911,#11912),
 .UNSPECIFIED.,.F.,.F.,(4,1,4),(-0.0446438810313131,-0.0192506495476157,
0.),.UNSPECIFIED.);
#443=B_SPLINE_CURVE_WITH_KNOTS('',3,(#11937,#11938,#11939,#11940,#11941),
 .UNSPECIFIED.,.F.,.F.,(4,1,4),(-0.0261388063260899,-0.0161618092654457,
0.),.UNSPECIFIED.);
#444=B_SPLINE_CURVE_WITH_KNOTS('',3,(#11954,#11955,#11956,#11957,#11958),
 .UNSPECIFIED.,.F.,.F.,(4,1,4),(-0.0398683217415082,-0.0139563417952626,
0.),.UNSPECIFIED.);
#445=B_SPLINE_CURVE_WITH_KNOTS('',3,(#11971,#11972,#11973,#11974,#11975),
 .UNSPECIFIED.,.F.,.F.,(4,1,4),(-0.0442995044011526,-0.0262082736664525,
0.),.UNSPECIFIED.);
#446=B_SPLINE_CURVE_WITH_KNOTS('',3,(#11988,#11989,#11990,#11991,#11992),
 .UNSPECIFIED.,.F.,.F.,(4,1,4),(-0.0353167981446607,-0.0158049156701992,
0.),.UNSPECIFIED.);
#447=B_SPLINE_CURVE_WITH_KNOTS('',3,(#12005,#12006,#12007,#12008,#12009),
 .UNSPECIFIED.,.F.,.F.,(4,1,4),(-0.0871786765177926,-0.0367798233803027,
0.),.UNSPECIFIED.);
#448=B_SPLINE_CURVE_WITH_KNOTS('',3,(#12034,#12035,#12036,#12037,#12038),
 .UNSPECIFIED.,.F.,.F.,(4,1,4),(-0.045670510753432,-0.0271485318966319,
0.),.UNSPECIFIED.);
#449=B_SPLINE_CURVE_WITH_KNOTS('',3,(#12051,#12052,#12053,#12054,#12055),
 .UNSPECIFIED.,.F.,.F.,(4,1,4),(-0.0302418246506996,-0.014613770473881,
0.),.UNSPECIFIED.);
#450=B_SPLINE_CURVE_WITH_KNOTS('',3,(#12080,#12081,#12082,#12083,#12084),
 .UNSPECIFIED.,.F.,.F.,(4,1,4),(-0.0299286937705847,-0.0154206422021375,
0.),.UNSPECIFIED.);
#451=B_SPLINE_CURVE_WITH_KNOTS('',3,(#12097,#12098,#12099,#12100,#12101),
 .UNSPECIFIED.,.F.,.F.,(4,1,4),(-0.0457883273726813,-0.018497866282177,
0.),.UNSPECIFIED.);
#452=B_SPLINE_CURVE_WITH_KNOTS('',3,(#12126,#12127,#12128,#12129,#12130),
 .UNSPECIFIED.,.F.,.F.,(4,1,4),(-0.0873620429836557,-0.0505237770101812,
0.),.UNSPECIFIED.);
#453=B_SPLINE_CURVE_WITH_KNOTS('',3,(#12143,#12144,#12145,#12146,#12147),
 .UNSPECIFIED.,.F.,.F.,(4,1,4),(-0.0379114959769702,-0.02133813981919,0.),
 .UNSPECIFIED.);
#454=B_SPLINE_CURVE_WITH_KNOTS('',3,(#12160,#12161,#12162,#12163,#12164),
 .UNSPECIFIED.,.F.,.F.,(4,1,4),(-0.062456995262905,-0.0228620224356638,
0.),.UNSPECIFIED.);
#455=B_SPLINE_CURVE_WITH_KNOTS('',3,(#12177,#12178,#12179,#12180,#12181),
 .UNSPECIFIED.,.F.,.F.,(4,1,4),(-0.0228503441172087,-0.0136365598255625,
0.),.UNSPECIFIED.);
#456=B_SPLINE_CURVE_WITH_KNOTS('',3,(#12194,#12195,#12196,#12197,#12198),
 .UNSPECIFIED.,.F.,.F.,(4,1,4),(-0.0214350696185922,-0.00919283969040424,
0.),.UNSPECIFIED.);
#457=B_SPLINE_CURVE_WITH_KNOTS('',3,(#12211,#12212,#12213,#12214,#12215),
 .UNSPECIFIED.,.F.,.F.,(4,1,4),(-0.0144638391766788,-0.00538922809967216,
0.),.UNSPECIFIED.);
#458=B_SPLINE_CURVE_WITH_KNOTS('',3,(#12236,#12237,#12238,#12239,#12240),
 .UNSPECIFIED.,.F.,.F.,(4,1,4),(-0.0401935862915845,-0.0241964542038019,
0.),.UNSPECIFIED.);
#459=B_SPLINE_CURVE_WITH_KNOTS('',3,(#12253,#12254,#12255,#12256,#12257),
 .UNSPECIFIED.,.F.,.F.,(4,1,4),(-0.0255710414291127,-0.0122032406291842,
0.),.UNSPECIFIED.);
#460=B_SPLINE_CURVE_WITH_KNOTS('',3,(#12270,#12271,#12272,#12273,#12274),
 .UNSPECIFIED.,.F.,.F.,(4,1,4),(-0.0518975428393965,-0.0200179278729862,
0.),.UNSPECIFIED.);
#461=B_SPLINE_CURVE_WITH_KNOTS('',3,(#12287,#12288,#12289,#12290,#12291),
 .UNSPECIFIED.,.F.,.F.,(4,1,4),(-0.0590371312821499,-0.0379229344604484,
0.),.UNSPECIFIED.);
#462=B_SPLINE_CURVE_WITH_KNOTS('',3,(#12304,#12305,#12306,#12307,#12308),
 .UNSPECIFIED.,.F.,.F.,(4,1,4),(-0.0350299028979523,-0.0147399958850965,
0.),.UNSPECIFIED.);
#463=B_SPLINE_CURVE_WITH_KNOTS('',3,(#12337,#12338,#12339,#12340,#12341),
 .UNSPECIFIED.,.F.,.F.,(4,1,4),(0.,0.0441199960887009,0.0764564120100117),
 .UNSPECIFIED.);
#464=B_SPLINE_CURVE_WITH_KNOTS('',3,(#12343,#12344,#12345,#12346,#12347),
 .UNSPECIFIED.,.F.,.F.,(4,1,4),(-0.0764564120100117,-0.0441199960887009,
0.),.UNSPECIFIED.);
#465=B_SPLINE_CURVE_WITH_KNOTS('',3,(#12360,#12361,#12362,#12363,#12364),
 .UNSPECIFIED.,.F.,.F.,(4,1,4),(0.,0.0281031935010044,0.0593355483102375),
 .UNSPECIFIED.);
#466=B_SPLINE_CURVE_WITH_KNOTS('',3,(#12366,#12367,#12368,#12369,#12370),
 .UNSPECIFIED.,.F.,.F.,(4,1,4),(-0.0593355483102375,-0.0281031935010044,
0.),.UNSPECIFIED.);
#467=B_SPLINE_CURVE_WITH_KNOTS('',3,(#12383,#12384,#12385,#12386,#12387),
 .UNSPECIFIED.,.F.,.F.,(4,1,4),(0.,0.0235096289459205,0.0453689030573458),
 .UNSPECIFIED.);
#468=B_SPLINE_CURVE_WITH_KNOTS('',3,(#12389,#12390,#12391,#12392,#12393),
 .UNSPECIFIED.,.F.,.F.,(4,1,4),(-0.0453689030573458,-0.0235096289459205,
0.),.UNSPECIFIED.);
#469=B_SPLINE_CURVE_WITH_KNOTS('',3,(#12406,#12407,#12408,#12409,#12410),
 .UNSPECIFIED.,.F.,.F.,(4,1,4),(0.,0.0208854508094612,0.0415599529418603),
 .UNSPECIFIED.);
#470=B_SPLINE_CURVE_WITH_KNOTS('',3,(#12412,#12413,#12414,#12415,#12416),
 .UNSPECIFIED.,.F.,.F.,(4,1,4),(-0.0415599529418603,-0.0208854508094612,
0.),.UNSPECIFIED.);
#471=B_SPLINE_CURVE_WITH_KNOTS('',3,(#12429,#12430,#12431,#12432,#12433),
 .UNSPECIFIED.,.F.,.F.,(4,1,4),(0.,0.0192164116840917,0.0495840701669167),
 .UNSPECIFIED.);
#472=B_SPLINE_CURVE_WITH_KNOTS('',3,(#12435,#12436,#12437,#12438,#12439),
 .UNSPECIFIED.,.F.,.F.,(4,1,4),(-0.0495840701669167,-0.0192164116840917,
0.),.UNSPECIFIED.);
#473=B_SPLINE_CURVE_WITH_KNOTS('',3,(#12471,#12472,#12473,#12474,#12475),
 .UNSPECIFIED.,.F.,.F.,(4,1,4),(-0.0610179252502421,-0.0351425847953668,
0.),.UNSPECIFIED.);
#474=B_SPLINE_CURVE_WITH_KNOTS('',3,(#12488,#12489,#12490,#12491,#12492),
 .UNSPECIFIED.,.F.,.F.,(4,1,4),(-0.0531270455851162,-0.0280029243112597,
0.),.UNSPECIFIED.);
#475=B_SPLINE_CURVE_WITH_KNOTS('',3,(#12505,#12506,#12507,#12508,#12509),
 .UNSPECIFIED.,.F.,.F.,(4,1,4),(-0.0506066629768272,-0.0244273008648851,
0.),.UNSPECIFIED.);
#476=B_SPLINE_CURVE_WITH_KNOTS('',3,(#12522,#12523,#12524,#12525,#12526),
 .UNSPECIFIED.,.F.,.F.,(4,1,4),(-0.0562767866613818,-0.0276027084702946,
0.),.UNSPECIFIED.);
#477=B_SPLINE_CURVE_WITH_KNOTS('',3,(#12539,#12540,#12541,#12542,#12543),
 .UNSPECIFIED.,.F.,.F.,(4,1,4),(-0.0939915416942374,-0.0477953073089095,
0.),.UNSPECIFIED.);
#478=B_SPLINE_CURVE_WITH_KNOTS('',3,(#12556,#12557,#12558,#12559,#12560),
 .UNSPECIFIED.,.F.,.F.,(4,1,4),(-0.125013602762247,-0.0527120523430998,
0.),.UNSPECIFIED.);
#479=B_SPLINE_CURVE_WITH_KNOTS('',3,(#12594,#12595,#12596,#12597,#12598),
 .UNSPECIFIED.,.F.,.F.,(4,1,4),(0.,0.0400753180727808,0.0680322403862435),
 .UNSPECIFIED.);
#480=B_SPLINE_CURVE_WITH_KNOTS('',3,(#12600,#12601,#12602,#12603,#12604),
 .UNSPECIFIED.,.F.,.F.,(4,1,4),(-0.0680322403862435,-0.0400753180727808,
0.),.UNSPECIFIED.);
#481=B_SPLINE_CURVE_WITH_KNOTS('',3,(#12617,#12618,#12619,#12620,#12621),
 .UNSPECIFIED.,.F.,.F.,(4,1,4),(0.,0.0209343433876521,0.0425922972868378),
 .UNSPECIFIED.);
#482=B_SPLINE_CURVE_WITH_KNOTS('',3,(#12623,#12624,#12625,#12626,#12627),
 .UNSPECIFIED.,.F.,.F.,(4,1,4),(-0.0425922972868378,-0.0209343433876521,
0.),.UNSPECIFIED.);
#483=B_SPLINE_CURVE_WITH_KNOTS('',3,(#12640,#12641,#12642,#12643,#12644),
 .UNSPECIFIED.,.F.,.F.,(4,1,4),(0.,0.0181805987872704,0.037426385276455),
 .UNSPECIFIED.);
#484=B_SPLINE_CURVE_WITH_KNOTS('',3,(#12646,#12647,#12648,#12649,#12650),
 .UNSPECIFIED.,.F.,.F.,(4,1,4),(-0.037426385276455,-0.0181805987872704,
0.),.UNSPECIFIED.);
#485=B_SPLINE_CURVE_WITH_KNOTS('',3,(#12663,#12664,#12665,#12666,#12667),
 .UNSPECIFIED.,.F.,.F.,(4,1,4),(0.,0.0261224099614749,0.0678269729746233),
 .UNSPECIFIED.);
#486=B_SPLINE_CURVE_WITH_KNOTS('',3,(#12669,#12670,#12671,#12672,#12673),
 .UNSPECIFIED.,.F.,.F.,(4,1,4),(-0.0678269729746233,-0.0261224099614749,
0.),.UNSPECIFIED.);
#487=B_SPLINE_CURVE_WITH_KNOTS('',3,(#12709,#12710,#12711,#12712,#12713),
 .UNSPECIFIED.,.F.,.F.,(4,1,4),(-0.0977994367790035,-0.0541763735639563,
0.),.UNSPECIFIED.);
#488=B_SPLINE_CURVE_WITH_KNOTS('',3,(#12726,#12727,#12728,#12729,#12730),
 .UNSPECIFIED.,.F.,.F.,(4,1,4),(-0.0752699600552809,-0.0373625777515365,
0.),.UNSPECIFIED.);
#489=B_SPLINE_CURVE_WITH_KNOTS('',3,(#12743,#12744,#12745,#12746,#12747),
 .UNSPECIFIED.,.F.,.F.,(4,1,4),(-0.0694272503492075,-0.0343539803586668,
0.),.UNSPECIFIED.);
#490=B_SPLINE_CURVE_WITH_KNOTS('',3,(#12760,#12761,#12762,#12763,#12764),
 .UNSPECIFIED.,.F.,.F.,(4,1,4),(-0.0930274441692907,-0.0405496410385391,
0.),.UNSPECIFIED.);
#491=B_SPLINE_CURVE_WITH_KNOTS('',3,(#12794,#12795,#12796,#12797,#12798),
 .UNSPECIFIED.,.F.,.F.,(4,1,4),(0.,0.0302404850781673,0.0507961526701081),
 .UNSPECIFIED.);
#492=B_SPLINE_CURVE_WITH_KNOTS('',3,(#12800,#12801,#12802,#12803,#12804),
 .UNSPECIFIED.,.F.,.F.,(4,1,4),(-0.0507961526701081,-0.0302404850781673,
0.),.UNSPECIFIED.);
#493=B_SPLINE_CURVE_WITH_KNOTS('',3,(#12817,#12818,#12819,#12820,#12821),
 .UNSPECIFIED.,.F.,.F.,(4,1,4),(0.,0.0194172446847992,0.0368625525719928),
 .UNSPECIFIED.);
#494=B_SPLINE_CURVE_WITH_KNOTS('',3,(#12823,#12824,#12825,#12826,#12827),
 .UNSPECIFIED.,.F.,.F.,(4,1,4),(-0.0368625525719928,-0.0194172446847992,
0.),.UNSPECIFIED.);
#495=B_SPLINE_CURVE_WITH_KNOTS('',3,(#12840,#12841,#12842,#12843,#12844),
 .UNSPECIFIED.,.F.,.F.,(4,1,4),(0.,0.0174652020971794,0.0368705354361742),
 .UNSPECIFIED.);
#496=B_SPLINE_CURVE_WITH_KNOTS('',3,(#12846,#12847,#12848,#12849,#12850),
 .UNSPECIFIED.,.F.,.F.,(4,1,4),(-0.0368705354361742,-0.0174652020971794,
0.),.UNSPECIFIED.);
#497=B_SPLINE_CURVE_WITH_KNOTS('',3,(#12863,#12864,#12865,#12866,#12867),
 .UNSPECIFIED.,.F.,.F.,(4,1,4),(0.,0.0188760126214397,0.0367140437263985),
 .UNSPECIFIED.);
#498=B_SPLINE_CURVE_WITH_KNOTS('',3,(#12869,#12870,#12871,#12872,#12873),
 .UNSPECIFIED.,.F.,.F.,(4,1,4),(-0.0367140437263985,-0.0188760126214397,
0.),.UNSPECIFIED.);
#499=B_SPLINE_CURVE_WITH_KNOTS('',3,(#12886,#12887,#12888,#12889,#12890),
 .UNSPECIFIED.,.F.,.F.,(4,1,4),(0.,0.0172390552205371,0.034841219762708),
 .UNSPECIFIED.);
#500=B_SPLINE_CURVE_WITH_KNOTS('',3,(#12892,#12893,#12894,#12895,#12896),
 .UNSPECIFIED.,.F.,.F.,(4,1,4),(-0.034841219762708,-0.0172390552205371,
0.),.UNSPECIFIED.);
#501=B_SPLINE_CURVE_WITH_KNOTS('',3,(#12909,#12910,#12911,#12912,#12913),
 .UNSPECIFIED.,.F.,.F.,(4,1,4),(0.,0.0244417929982799,0.0612351433522153),
 .UNSPECIFIED.);
#502=B_SPLINE_CURVE_WITH_KNOTS('',3,(#12915,#12916,#12917,#12918,#12919),
 .UNSPECIFIED.,.F.,.F.,(4,1,4),(-0.0612351433522153,-0.0244417929982799,
0.),.UNSPECIFIED.);
#503=B_SPLINE_CURVE_WITH_KNOTS('',3,(#12950,#12951,#12952,#12953,#12954),
 .UNSPECIFIED.,.F.,.F.,(4,1,4),(0.,0.021833277379559,0.0360936966378109),
 .UNSPECIFIED.);
#504=B_SPLINE_CURVE_WITH_KNOTS('',3,(#12956,#12957,#12958,#12959,#12960),
 .UNSPECIFIED.,.F.,.F.,(4,1,4),(-0.0360936966378109,-0.021833277379559,
0.),.UNSPECIFIED.);
#505=B_SPLINE_CURVE_WITH_KNOTS('',3,(#12973,#12974,#12975,#12976,#12977),
 .UNSPECIFIED.,.F.,.F.,(4,1,4),(0.,0.0173389647162714,0.0325949032896549),
 .UNSPECIFIED.);
#506=B_SPLINE_CURVE_WITH_KNOTS('',3,(#12979,#12980,#12981,#12982,#12983),
 .UNSPECIFIED.,.F.,.F.,(4,1,4),(-0.0325949032896549,-0.0173389647162714,
0.),.UNSPECIFIED.);
#507=B_SPLINE_CURVE_WITH_KNOTS('',3,(#12996,#12997,#12998,#12999,#13000),
 .UNSPECIFIED.,.F.,.F.,(4,1,4),(0.,0.0145986039214963,0.0302958173468947),
 .UNSPECIFIED.);
#508=B_SPLINE_CURVE_WITH_KNOTS('',3,(#13002,#13003,#13004,#13005,#13006),
 .UNSPECIFIED.,.F.,.F.,(4,1,4),(-0.0302958173468947,-0.0145986039214963,
0.),.UNSPECIFIED.);
#509=B_SPLINE_CURVE_WITH_KNOTS('',3,(#13019,#13020,#13021,#13022,#13023),
 .UNSPECIFIED.,.F.,.F.,(4,1,4),(0.,0.016805722403824,0.0348883277564691),
 .UNSPECIFIED.);
#510=B_SPLINE_CURVE_WITH_KNOTS('',3,(#13025,#13026,#13027,#13028,#13029),
 .UNSPECIFIED.,.F.,.F.,(4,1,4),(-0.0348883277564691,-0.016805722403824,
0.),.UNSPECIFIED.);
#511=B_SPLINE_CURVE_WITH_KNOTS('',3,(#13042,#13043,#13044,#13045,#13046),
 .UNSPECIFIED.,.F.,.F.,(4,1,4),(0.,0.0211026055441116,0.0410258897716493),
 .UNSPECIFIED.);
#512=B_SPLINE_CURVE_WITH_KNOTS('',3,(#13048,#13049,#13050,#13051,#13052),
 .UNSPECIFIED.,.F.,.F.,(4,1,4),(-0.0410258897716493,-0.0211026055441116,
0.),.UNSPECIFIED.);
#513=B_SPLINE_CURVE_WITH_KNOTS('',3,(#13065,#13066,#13067,#13068,#13069),
 .UNSPECIFIED.,.F.,.F.,(4,1,4),(0.,0.0196087825820869,0.0398952406328447),
 .UNSPECIFIED.);
#514=B_SPLINE_CURVE_WITH_KNOTS('',3,(#13071,#13072,#13073,#13074,#13075),
 .UNSPECIFIED.,.F.,.F.,(4,1,4),(-0.0398952406328447,-0.0196087825820869,
0.),.UNSPECIFIED.);
#515=B_SPLINE_CURVE_WITH_KNOTS('',3,(#13088,#13089,#13090,#13091,#13092),
 .UNSPECIFIED.,.F.,.F.,(4,1,4),(0.,0.0252972160489584,0.0590698135261492),
 .UNSPECIFIED.);
#516=B_SPLINE_CURVE_WITH_KNOTS('',3,(#13094,#13095,#13096,#13097,#13098),
 .UNSPECIFIED.,.F.,.F.,(4,1,4),(-0.0590698135261492,-0.0252972160489584,
0.),.UNSPECIFIED.);
#517=B_SPLINE_CURVE_WITH_KNOTS('',3,(#13130,#13131,#13132,#13133,#13134),
 .UNSPECIFIED.,.F.,.F.,(4,1,4),(-0.0749066891611884,-0.0414143119367829,
0.),.UNSPECIFIED.);
#518=B_SPLINE_CURVE_WITH_KNOTS('',3,(#13147,#13148,#13149,#13150,#13151),
 .UNSPECIFIED.,.F.,.F.,(4,1,4),(-0.0579505743388241,-0.0291101530694605,
0.),.UNSPECIFIED.);
#519=B_SPLINE_CURVE_WITH_KNOTS('',3,(#13164,#13165,#13166,#13167,#13168),
 .UNSPECIFIED.,.F.,.F.,(4,1,4),(-0.0556352364937025,-0.0283734459538774,
0.),.UNSPECIFIED.);
#520=B_SPLINE_CURVE_WITH_KNOTS('',3,(#13181,#13182,#13183,#13184,#13185),
 .UNSPECIFIED.,.F.,.F.,(4,1,4),(-0.0507587140153453,-0.0251395375951936,
0.),.UNSPECIFIED.);
#521=B_SPLINE_CURVE_WITH_KNOTS('',3,(#13198,#13199,#13200,#13201,#13202),
 .UNSPECIFIED.,.F.,.F.,(4,1,4),(-0.0562647471156648,-0.0269018205713325,
0.),.UNSPECIFIED.);
#522=B_SPLINE_CURVE_WITH_KNOTS('',3,(#13215,#13216,#13217,#13218,#13219),
 .UNSPECIFIED.,.F.,.F.,(4,1,4),(-0.0674433464145725,-0.0351736786611132,
0.),.UNSPECIFIED.);
#523=B_SPLINE_CURVE_WITH_KNOTS('',3,(#13232,#13233,#13234,#13235,#13236),
 .UNSPECIFIED.,.F.,.F.,(4,1,4),(-0.0645319415976712,-0.0315634227946399,
0.),.UNSPECIFIED.);
#524=B_SPLINE_CURVE_WITH_KNOTS('',3,(#13249,#13250,#13251,#13252,#13253),
 .UNSPECIFIED.,.F.,.F.,(4,1,4),(-0.0539425915435374,-0.0272764740015207,
0.),.UNSPECIFIED.);
#525=B_SPLINE_CURVE_WITH_KNOTS('',3,(#13266,#13267,#13268,#13269,#13270),
 .UNSPECIFIED.,.F.,.F.,(4,1,4),(-0.04773994062051,-0.0251661099413747,0.),
 .UNSPECIFIED.);
#526=B_SPLINE_CURVE_WITH_KNOTS('',3,(#13283,#13284,#13285,#13286,#13287),
 .UNSPECIFIED.,.F.,.F.,(4,1,4),(-0.0482878113912036,-0.0227900710588874,
0.),.UNSPECIFIED.);
#527=B_SPLINE_CURVE_WITH_KNOTS('',3,(#13300,#13301,#13302,#13303,#13304),
 .UNSPECIFIED.,.F.,.F.,(4,1,4),(-0.0649948091948177,-0.0297232477667022,
0.),.UNSPECIFIED.);
#528=B_SPLINE_CURVE_WITH_KNOTS('',3,(#13349,#13350,#13351,#13352,#13353),
 .UNSPECIFIED.,.F.,.F.,(4,1,4),(-0.0346628359056523,-0.0200787880079348,
0.),.UNSPECIFIED.);
#529=B_SPLINE_CURVE_WITH_KNOTS('',3,(#13366,#13367,#13368,#13369,#13370),
 .UNSPECIFIED.,.F.,.F.,(4,1,4),(-0.0594130258853898,-0.0210946672126141,
0.),.UNSPECIFIED.);
#530=B_SPLINE_CURVE_WITH_KNOTS('',3,(#13383,#13384,#13385,#13386,#13387),
 .UNSPECIFIED.,.F.,.F.,(4,1,4),(-0.0511022105085554,-0.0313770069285359,
0.),.UNSPECIFIED.);
#531=B_SPLINE_CURVE_WITH_KNOTS('',3,(#13400,#13401,#13402,#13403,#13404),
 .UNSPECIFIED.,.F.,.F.,(4,1,4),(-0.0257035669536739,-0.01331811594328,0.),
 .UNSPECIFIED.);
#532=B_SPLINE_CURVE_WITH_KNOTS('',3,(#13417,#13418,#13419,#13420,#13421),
 .UNSPECIFIED.,.F.,.F.,(4,1,4),(-0.0379401426461956,-0.0155459754809401,
0.),.UNSPECIFIED.);
#533=B_SPLINE_CURVE_WITH_KNOTS('',3,(#13446,#13447,#13448,#13449,#13450),
 .UNSPECIFIED.,.F.,.F.,(4,1,4),(-0.0258735045603865,-0.0159580021592688,
0.),.UNSPECIFIED.);
#534=B_SPLINE_CURVE_WITH_KNOTS('',3,(#13463,#13464,#13465,#13466,#13467),
 .UNSPECIFIED.,.F.,.F.,(4,1,4),(-0.0398683217415082,-0.0139563417952626,
0.),.UNSPECIFIED.);
#535=B_SPLINE_CURVE_WITH_KNOTS('',3,(#13480,#13481,#13482,#13483,#13484),
 .UNSPECIFIED.,.F.,.F.,(4,1,4),(-0.0444187894055279,-0.0262909587842127,
0.),.UNSPECIFIED.);
#536=B_SPLINE_CURVE_WITH_KNOTS('',3,(#13497,#13498,#13499,#13500,#13501),
 .UNSPECIFIED.,.F.,.F.,(4,1,4),(-0.0350870153908007,-0.0157537533647853,
0.),.UNSPECIFIED.);
#537=B_SPLINE_CURVE_WITH_KNOTS('',3,(#13514,#13515,#13516,#13517,#13518),
 .UNSPECIFIED.,.F.,.F.,(4,1,4),(-0.0871450474551543,-0.0366629217304229,
0.),.UNSPECIFIED.);
#538=B_SPLINE_CURVE_WITH_KNOTS('',3,(#13543,#13544,#13545,#13546,#13547),
 .UNSPECIFIED.,.F.,.F.,(4,1,4),(-0.0455531360892769,-0.0270069084868967,
0.),.UNSPECIFIED.);
#539=B_SPLINE_CURVE_WITH_KNOTS('',3,(#13560,#13561,#13562,#13563,#13564),
 .UNSPECIFIED.,.F.,.F.,(4,1,4),(-0.0302911516286451,-0.0146584732206131,
0.),.UNSPECIFIED.);
#540=B_SPLINE_CURVE_WITH_KNOTS('',3,(#13590,#13591,#13592,#13593,#13594,
#13595,#13596,#13597,#13598,#13599),.UNSPECIFIED.,.F.,.F.,(4,2,2,2,4),(1.99361847568843,
2.17037609908282,2.34713372247721,2.47938011946312,2.51125287417437),
 .UNSPECIFIED.);
#541=B_SPLINE_CURVE_WITH_KNOTS('',3,(#13601,#13602,#13603,#13604,#13605,
#13606,#13607,#13608),.UNSPECIFIED.,.F.,.F.,(4,2,2,4),(5.63435727654675,
5.70549885707799,6.09938838417272,6.49327791126746),.UNSPECIFIED.);
#542=B_SPLINE_CURVE_WITH_KNOTS('',3,(#13618,#13619,#13620,#13621,#13622,
#13623,#13624,#13625,#13626,#13627,#13628,#13629),.UNSPECIFIED.,.F.,.F.,
(4,2,2,2,2,4),(2.75607440376628,3.03149168943493,3.3136500110538,3.59580833267267,
3.87388697748052,4.15196562228836),.UNSPECIFIED.);
#543=B_SPLINE_CURVE_WITH_KNOTS('',3,(#13631,#13632,#13633,#13634,#13635,
#13636,#13637,#13638,#13639,#13640,#13641,#13642),.UNSPECIFIED.,.F.,.F.,
(4,2,2,2,2,4),(3.39539860354248,3.78928813063722,4.18317765773196,4.38763574027359,
4.59209382281521,4.90614093965884),.UNSPECIFIED.);
#544=B_SPLINE_CURVE_WITH_KNOTS('',3,(#13671,#13672,#13673,#13674,#13675,
#13676,#13677,#13678),.UNSPECIFIED.,.F.,.F.,(4,2,2,4),(2.16442597042249,
2.55831549751722,2.95220502461196,3.02334660514319),.UNSPECIFIED.);
#545=B_SPLINE_CURVE_WITH_KNOTS('',3,(#13680,#13681,#13682,#13683,#13684,
#13685,#13686,#13687,#13688,#13689),.UNSPECIFIED.,.F.,.F.,(4,2,2,2,4),(0.14690509341021,
0.178777848121458,0.311024245107362,0.487781868501753,0.664539491896144),
 .UNSPECIFIED.);
#546=B_SPLINE_CURVE_WITH_KNOTS('',3,(#13718,#13719,#13720,#13721,#13722,
#13723,#13724,#13725,#13726,#13727,#13728,#13729),.UNSPECIFIED.,.F.,.F.,
(4,2,2,2,2,4),(4.15196562228836,4.4300442670962,4.70812291190405,4.99028123352292,
5.27243955514179,5.54785684081044),.UNSPECIFIED.);
#547=B_SPLINE_CURVE_WITH_KNOTS('',3,(#13731,#13732,#13733,#13734,#13735,
#13736,#13737,#13738,#13739,#13740,#13741,#13742,#13743,#13744,#13745,#13746),
 .UNSPECIFIED.,.F.,.F.,(4,2,2,2,2,2,2,4),(1.8680496067009,2.0813905004148,
2.25032880755444,2.41926711469407,2.58820542183371,2.75714372897334,3.06521847936551,
3.37329322975768),.UNSPECIFIED.);
#548=B_SPLINE_CURVE_WITH_KNOTS('',3,(#13753,#13754,#13755,#13756,#13757,
#13758),.UNSPECIFIED.,.F.,.F.,(4,2,4),(1.70953487734032,1.78222123390364,
2.12230663875018),.UNSPECIFIED.);
#549=B_SPLINE_CURVE_WITH_KNOTS('',3,(#13831,#13832,#13833,#13834,#13835,
#13836),.UNSPECIFIED.,.F.,.F.,(4,2,4),(0.,0.340085404846533,0.412771761408404),
 .UNSPECIFIED.);
#550=PLANE('',#7481);
#551=PLANE('',#7482);
#552=PLANE('',#7483);
#553=PLANE('',#7484);
#554=PLANE('',#7485);
#555=PLANE('',#7486);
#556=PLANE('',#7487);
#557=PLANE('',#7488);
#558=PLANE('',#7489);
#559=PLANE('',#7490);
#560=PLANE('',#7491);
#561=PLANE('',#7492);
#562=PLANE('',#7493);
#563=PLANE('',#7494);
#564=PLANE('',#7495);
#565=PLANE('',#7496);
#566=PLANE('',#7497);
#567=PLANE('',#7498);
#568=PLANE('',#7499);
#569=PLANE('',#7500);
#570=PLANE('',#7501);
#571=PLANE('',#7502);
#572=PLANE('',#7503);
#573=PLANE('',#7504);
#574=PLANE('',#7505);
#575=PLANE('',#7506);
#576=PLANE('',#7507);
#577=PLANE('',#7508);
#578=PLANE('',#7509);
#579=PLANE('',#7510);
#580=PLANE('',#7511);
#581=PLANE('',#7512);
#582=PLANE('',#7513);
#583=PLANE('',#7514);
#584=PLANE('',#7515);
#585=PLANE('',#7516);
#586=PLANE('',#7517);
#587=PLANE('',#7518);
#588=PLANE('',#7519);
#589=PLANE('',#7520);
#590=PLANE('',#7521);
#591=PLANE('',#7522);
#592=PLANE('',#7523);
#593=PLANE('',#7524);
#594=PLANE('',#7525);
#595=PLANE('',#7526);
#596=PLANE('',#7527);
#597=PLANE('',#7528);
#598=PLANE('',#7529);
#599=PLANE('',#7530);
#600=PLANE('',#7531);
#601=PLANE('',#7532);
#602=PLANE('',#7533);
#603=PLANE('',#7534);
#604=PLANE('',#7535);
#605=PLANE('',#7536);
#606=PLANE('',#7537);
#607=PLANE('',#7538);
#608=PLANE('',#7539);
#609=PLANE('',#7540);
#610=PLANE('',#7541);
#611=PLANE('',#7542);
#612=PLANE('',#7543);
#613=PLANE('',#7544);
#614=PLANE('',#7545);
#615=PLANE('',#7546);
#616=PLANE('',#7547);
#617=PLANE('',#7548);
#618=PLANE('',#7549);
#619=PLANE('',#7550);
#620=PLANE('',#7551);
#621=PLANE('',#7552);
#622=PLANE('',#7553);
#623=PLANE('',#7554);
#624=PLANE('',#7555);
#625=PLANE('',#7556);
#626=PLANE('',#7557);
#627=PLANE('',#7558);
#628=PLANE('',#7559);
#629=PLANE('',#7560);
#630=PLANE('',#7561);
#631=PLANE('',#7562);
#632=PLANE('',#7563);
#633=PLANE('',#7564);
#634=PLANE('',#7565);
#635=PLANE('',#7566);
#636=PLANE('',#7567);
#637=PLANE('',#7568);
#638=PLANE('',#7569);
#639=PLANE('',#7570);
#640=PLANE('',#7571);
#641=PLANE('',#7572);
#642=PLANE('',#7573);
#643=PLANE('',#7574);
#644=PLANE('',#7575);
#645=PLANE('',#7576);
#646=PLANE('',#7577);
#647=PLANE('',#7578);
#648=PLANE('',#7579);
#649=PLANE('',#7580);
#650=PLANE('',#7581);
#651=PLANE('',#7582);
#652=PLANE('',#7583);
#653=PLANE('',#7584);
#654=PLANE('',#7585);
#655=PLANE('',#7586);
#656=PLANE('',#7587);
#657=PLANE('',#7588);
#658=PLANE('',#7589);
#659=PLANE('',#7590);
#660=PLANE('',#7591);
#661=PLANE('',#7592);
#662=PLANE('',#7593);
#663=PLANE('',#7594);
#664=PLANE('',#7595);
#665=PLANE('',#7596);
#666=PLANE('',#7597);
#667=PLANE('',#7598);
#668=PLANE('',#7599);
#669=PLANE('',#7600);
#670=PLANE('',#7601);
#671=PLANE('',#7602);
#672=PLANE('',#7603);
#673=PLANE('',#7604);
#674=PLANE('',#7605);
#675=PLANE('',#7606);
#676=PLANE('',#7607);
#677=PLANE('',#7608);
#678=PLANE('',#7609);
#679=PLANE('',#7610);
#680=PLANE('',#7611);
#681=PLANE('',#7612);
#682=PLANE('',#7613);
#683=PLANE('',#7614);
#684=PLANE('',#7615);
#685=PLANE('',#7616);
#686=PLANE('',#7617);
#687=PLANE('',#7618);
#688=PLANE('',#7619);
#689=PLANE('',#7620);
#690=PLANE('',#7621);
#691=PLANE('',#7622);
#692=PLANE('',#7623);
#693=PLANE('',#7624);
#694=PLANE('',#7625);
#695=PLANE('',#7626);
#696=PLANE('',#7627);
#697=PLANE('',#7628);
#698=PLANE('',#7629);
#699=PLANE('',#7630);
#700=PLANE('',#7631);
#701=PLANE('',#7632);
#702=PLANE('',#7633);
#703=PLANE('',#7634);
#704=PLANE('',#7635);
#705=PLANE('',#7636);
#706=PLANE('',#7637);
#707=PLANE('',#7638);
#708=PLANE('',#7639);
#709=PLANE('',#7640);
#710=PLANE('',#7641);
#711=PLANE('',#7647);
#712=PLANE('',#7652);
#713=PLANE('',#7658);
#714=PLANE('',#7669);
#715=PLANE('',#7670);
#716=PLANE('',#7674);
#717=PLANE('',#7678);
#718=PLANE('',#7682);
#719=PLANE('',#7689);
#720=PLANE('',#7712);
#721=PLANE('',#7715);
#722=PLANE('',#7736);
#723=PLANE('',#7737);
#724=PLANE('',#7738);
#725=PLANE('',#7739);
#726=PLANE('',#7740);
#727=PLANE('',#7741);
#728=PLANE('',#7742);
#729=PLANE('',#7743);
#730=PLANE('',#7744);
#731=PLANE('',#7745);
#732=PLANE('',#7749);
#733=PLANE('',#7782);
#734=PLANE('',#7783);
#735=PLANE('',#7784);
#736=PLANE('',#7785);
#737=PLANE('',#7787);
#738=PLANE('',#7789);
#739=PLANE('',#7791);
#740=PLANE('',#7792);
#741=LINE('',#9154,#1414);
#742=LINE('',#9155,#1415);
#743=LINE('',#9166,#1416);
#744=LINE('',#9167,#1417);
#745=LINE('',#9178,#1418);
#746=LINE('',#9179,#1419);
#747=LINE('',#9187,#1420);
#748=LINE('',#9188,#1421);
#749=LINE('',#9192,#1422);
#750=LINE('',#9194,#1423);
#751=LINE('',#9261,#1424);
#752=LINE('',#9264,#1425);
#753=LINE('',#9266,#1426);
#754=LINE('',#9268,#1427);
#755=LINE('',#9270,#1428);
#756=LINE('',#9272,#1429);
#757=LINE('',#9274,#1430);
#758=LINE('',#9300,#1431);
#759=LINE('',#9302,#1432);
#760=LINE('',#9321,#1433);
#761=LINE('',#9324,#1434);
#762=LINE('',#9326,#1435);
#763=LINE('',#9328,#1436);
#764=LINE('',#9330,#1437);
#765=LINE('',#9332,#1438);
#766=LINE('',#9334,#1439);
#767=LINE('',#9360,#1440);
#768=LINE('',#9362,#1441);
#769=LINE('',#9381,#1442);
#770=LINE('',#9384,#1443);
#771=LINE('',#9386,#1444);
#772=LINE('',#9388,#1445);
#773=LINE('',#9389,#1446);
#774=LINE('',#9392,#1447);
#775=LINE('',#9394,#1448);
#776=LINE('',#9426,#1449);
#777=LINE('',#9428,#1450);
#778=LINE('',#9430,#1451);
#779=LINE('',#9462,#1452);
#780=LINE('',#9464,#1453);
#781=LINE('',#9466,#1454);
#782=LINE('',#9480,#1455);
#783=LINE('',#9482,#1456);
#784=LINE('',#9483,#1457);
#785=LINE('',#9486,#1458);
#786=LINE('',#9488,#1459);
#787=LINE('',#9490,#1460);
#788=LINE('',#9516,#1461);
#789=LINE('',#9517,#1462);
#790=LINE('',#9520,#1463);
#791=LINE('',#9522,#1464);
#792=LINE('',#9524,#1465);
#793=LINE('',#9526,#1466);
#794=LINE('',#9528,#1467);
#795=LINE('',#9530,#1468);
#796=LINE('',#9532,#1469);
#797=LINE('',#9534,#1470);
#798=LINE('',#9536,#1471);
#799=LINE('',#9538,#1472);
#800=LINE('',#9540,#1473);
#801=LINE('',#9542,#1474);
#802=LINE('',#9543,#1475);
#803=LINE('',#9546,#1476);
#804=LINE('',#9548,#1477);
#805=LINE('',#9550,#1478);
#806=LINE('',#9551,#1479);
#807=LINE('',#9554,#1480);
#808=LINE('',#9556,#1481);
#809=LINE('',#9558,#1482);
#810=LINE('',#9560,#1483);
#811=LINE('',#9562,#1484);
#812=LINE('',#9564,#1485);
#813=LINE('',#9566,#1486);
#814=LINE('',#9568,#1487);
#815=LINE('',#9570,#1488);
#816=LINE('',#9571,#1489);
#817=LINE('',#9574,#1490);
#818=LINE('',#9600,#1491);
#819=LINE('',#9602,#1492);
#820=LINE('',#9604,#1493);
#821=LINE('',#9636,#1494);
#822=LINE('',#9638,#1495);
#823=LINE('',#9640,#1496);
#824=LINE('',#9654,#1497);
#825=LINE('',#9656,#1498);
#826=LINE('',#9658,#1499);
#827=LINE('',#9672,#1500);
#828=LINE('',#9674,#1501);
#829=LINE('',#9676,#1502);
#830=LINE('',#9714,#1503);
#831=LINE('',#9716,#1504);
#832=LINE('',#9748,#1505);
#833=LINE('',#9749,#1506);
#834=LINE('',#9752,#1507);
#835=LINE('',#9754,#1508);
#836=LINE('',#9756,#1509);
#837=LINE('',#9782,#1510);
#838=LINE('',#9783,#1511);
#839=LINE('',#9786,#1512);
#840=LINE('',#9788,#1513);
#841=LINE('',#9855,#1514);
#842=LINE('',#9858,#1515);
#843=LINE('',#9860,#1516);
#844=LINE('',#9862,#1517);
#845=LINE('',#9863,#1518);
#846=LINE('',#9866,#1519);
#847=LINE('',#9868,#1520);
#848=LINE('',#9900,#1521);
#849=LINE('',#9902,#1522);
#850=LINE('',#9904,#1523);
#851=LINE('',#9936,#1524);
#852=LINE('',#9938,#1525);
#853=LINE('',#9940,#1526);
#854=LINE('',#9954,#1527);
#855=LINE('',#9956,#1528);
#856=LINE('',#9957,#1529);
#857=LINE('',#9960,#1530);
#858=LINE('',#9962,#1531);
#859=LINE('',#10000,#1532);
#860=LINE('',#10002,#1533);
#861=LINE('',#10003,#1534);
#862=LINE('',#10006,#1535);
#863=LINE('',#10062,#1536);
#864=LINE('',#10089,#1537);
#865=LINE('',#10091,#1538);
#866=LINE('',#10093,#1539);
#867=LINE('',#10094,#1540);
#868=LINE('',#10117,#1541);
#869=LINE('',#10140,#1542);
#870=LINE('',#10163,#1543);
#871=LINE('',#10186,#1544);
#872=LINE('',#10209,#1545);
#873=LINE('',#10232,#1546);
#874=LINE('',#10235,#1547);
#875=LINE('',#10237,#1548);
#876=LINE('',#10238,#1549);
#877=LINE('',#10240,#1550);
#878=LINE('',#10241,#1551);
#879=LINE('',#10245,#1552);
#880=LINE('',#10247,#1553);
#881=LINE('',#10249,#1554);
#882=LINE('',#10250,#1555);
#883=LINE('',#10273,#1556);
#884=LINE('',#10296,#1557);
#885=LINE('',#10319,#1558);
#886=LINE('',#10342,#1559);
#887=LINE('',#10365,#1560);
#888=LINE('',#10388,#1561);
#889=LINE('',#10411,#1562);
#890=LINE('',#10414,#1563);
#891=LINE('',#10416,#1564);
#892=LINE('',#10417,#1565);
#893=LINE('',#10419,#1566);
#894=LINE('',#10420,#1567);
#895=LINE('',#10423,#1568);
#896=LINE('',#10425,#1569);
#897=LINE('',#10426,#1570);
#898=LINE('',#10429,#1571);
#899=LINE('',#10430,#1572);
#900=LINE('',#10447,#1573);
#901=LINE('',#10464,#1574);
#902=LINE('',#10481,#1575);
#903=LINE('',#10498,#1576);
#904=LINE('',#10515,#1577);
#905=LINE('',#10532,#1578);
#906=LINE('',#10549,#1579);
#907=LINE('',#10566,#1580);
#908=LINE('',#10583,#1581);
#909=LINE('',#10600,#1582);
#910=LINE('',#10617,#1583);
#911=LINE('',#10619,#1584);
#912=LINE('',#10624,#1585);
#913=LINE('',#10626,#1586);
#914=LINE('',#10627,#1587);
#915=LINE('',#10630,#1588);
#916=LINE('',#10631,#1589);
#917=LINE('',#10634,#1590);
#918=LINE('',#10635,#1591);
#919=LINE('',#10638,#1592);
#920=LINE('',#10639,#1593);
#921=LINE('',#10642,#1594);
#922=LINE('',#10643,#1595);
#923=LINE('',#10646,#1596);
#924=LINE('',#10647,#1597);
#925=LINE('',#10664,#1598);
#926=LINE('',#10681,#1599);
#927=LINE('',#10698,#1600);
#928=LINE('',#10715,#1601);
#929=LINE('',#10718,#1602);
#930=LINE('',#10719,#1603);
#931=LINE('',#10722,#1604);
#932=LINE('',#10723,#1605);
#933=LINE('',#10740,#1606);
#934=LINE('',#10757,#1607);
#935=LINE('',#10774,#1608);
#936=LINE('',#10776,#1609);
#937=LINE('',#10780,#1610);
#938=LINE('',#10782,#1611);
#939=LINE('',#10783,#1612);
#940=LINE('',#10786,#1613);
#941=LINE('',#10787,#1614);
#942=LINE('',#10790,#1615);
#943=LINE('',#10791,#1616);
#944=LINE('',#10794,#1617);
#945=LINE('',#10795,#1618);
#946=LINE('',#10798,#1619);
#947=LINE('',#10799,#1620);
#948=LINE('',#10802,#1621);
#949=LINE('',#10803,#1622);
#950=LINE('',#10820,#1623);
#951=LINE('',#10837,#1624);
#952=LINE('',#10854,#1625);
#953=LINE('',#10871,#1626);
#954=LINE('',#10874,#1627);
#955=LINE('',#10875,#1628);
#956=LINE('',#10878,#1629);
#957=LINE('',#10879,#1630);
#958=LINE('',#10896,#1631);
#959=LINE('',#10913,#1632);
#960=LINE('',#10930,#1633);
#961=LINE('',#10932,#1634);
#962=LINE('',#10936,#1635);
#963=LINE('',#10938,#1636);
#964=LINE('',#10939,#1637);
#965=LINE('',#10942,#1638);
#966=LINE('',#10943,#1639);
#967=LINE('',#10946,#1640);
#968=LINE('',#10947,#1641);
#969=LINE('',#10949,#1642);
#970=LINE('',#10953,#1643);
#971=LINE('',#10955,#1644);
#972=LINE('',#10956,#1645);
#973=LINE('',#10959,#1646);
#974=LINE('',#10960,#1647);
#975=LINE('',#10977,#1648);
#976=LINE('',#10994,#1649);
#977=LINE('',#11011,#1650);
#978=LINE('',#11028,#1651);
#979=LINE('',#11045,#1652);
#980=LINE('',#11048,#1653);
#981=LINE('',#11049,#1654);
#982=LINE('',#11052,#1655);
#983=LINE('',#11053,#1656);
#984=LINE('',#11056,#1657);
#985=LINE('',#11057,#1658);
#986=LINE('',#11074,#1659);
#987=LINE('',#11091,#1660);
#988=LINE('',#11108,#1661);
#989=LINE('',#11125,#1662);
#990=LINE('',#11142,#1663);
#991=LINE('',#11145,#1664);
#992=LINE('',#11146,#1665);
#993=LINE('',#11149,#1666);
#994=LINE('',#11150,#1667);
#995=LINE('',#11153,#1668);
#996=LINE('',#11154,#1669);
#997=LINE('',#11171,#1670);
#998=LINE('',#11188,#1671);
#999=LINE('',#11191,#1672);
#1000=LINE('',#11192,#1673);
#1001=LINE('',#11195,#1674);
#1002=LINE('',#11196,#1675);
#1003=LINE('',#11198,#1676);
#1004=LINE('',#11203,#1677);
#1005=LINE('',#11205,#1678);
#1006=LINE('',#11207,#1679);
#1007=LINE('',#11208,#1680);
#1008=LINE('',#11231,#1681);
#1009=LINE('',#11254,#1682);
#1010=LINE('',#11277,#1683);
#1011=LINE('',#11300,#1684);
#1012=LINE('',#11302,#1685);
#1013=LINE('',#11303,#1686);
#1014=LINE('',#11320,#1687);
#1015=LINE('',#11337,#1688);
#1016=LINE('',#11354,#1689);
#1017=LINE('',#11371,#1690);
#1018=LINE('',#11388,#1691);
#1019=LINE('',#11405,#1692);
#1020=LINE('',#11422,#1693);
#1021=LINE('',#11439,#1694);
#1022=LINE('',#11456,#1695);
#1023=LINE('',#11459,#1696);
#1024=LINE('',#11460,#1697);
#1025=LINE('',#11477,#1698);
#1026=LINE('',#11494,#1699);
#1027=LINE('',#11511,#1700);
#1028=LINE('',#11532,#1701);
#1029=LINE('',#11534,#1702);
#1030=LINE('',#11536,#1703);
#1031=LINE('',#11537,#1704);
#1032=LINE('',#11560,#1705);
#1033=LINE('',#11583,#1706);
#1034=LINE('',#11606,#1707);
#1035=LINE('',#11629,#1708);
#1036=LINE('',#11632,#1709);
#1037=LINE('',#11634,#1710);
#1038=LINE('',#11635,#1711);
#1039=LINE('',#11637,#1712);
#1040=LINE('',#11638,#1713);
#1041=LINE('',#11641,#1714);
#1042=LINE('',#11643,#1715);
#1043=LINE('',#11644,#1716);
#1044=LINE('',#11647,#1717);
#1045=LINE('',#11648,#1718);
#1046=LINE('',#11651,#1719);
#1047=LINE('',#11652,#1720);
#1048=LINE('',#11669,#1721);
#1049=LINE('',#11686,#1722);
#1050=LINE('',#11703,#1723);
#1051=LINE('',#11720,#1724);
#1052=LINE('',#11723,#1725);
#1053=LINE('',#11724,#1726);
#1054=LINE('',#11726,#1727);
#1055=LINE('',#11731,#1728);
#1056=LINE('',#11733,#1729);
#1057=LINE('',#11734,#1730);
#1058=LINE('',#11737,#1731);
#1059=LINE('',#11738,#1732);
#1060=LINE('',#11741,#1733);
#1061=LINE('',#11742,#1734);
#1062=LINE('',#11745,#1735);
#1063=LINE('',#11746,#1736);
#1064=LINE('',#11749,#1737);
#1065=LINE('',#11750,#1738);
#1066=LINE('',#11753,#1739);
#1067=LINE('',#11754,#1740);
#1068=LINE('',#11757,#1741);
#1069=LINE('',#11758,#1742);
#1070=LINE('',#11761,#1743);
#1071=LINE('',#11762,#1744);
#1072=LINE('',#11765,#1745);
#1073=LINE('',#11766,#1746);
#1074=LINE('',#11769,#1747);
#1075=LINE('',#11770,#1748);
#1076=LINE('',#11773,#1749);
#1077=LINE('',#11774,#1750);
#1078=LINE('',#11777,#1751);
#1079=LINE('',#11778,#1752);
#1080=LINE('',#11780,#1753);
#1081=LINE('',#11784,#1754);
#1082=LINE('',#11786,#1755);
#1083=LINE('',#11787,#1756);
#1084=LINE('',#11790,#1757);
#1085=LINE('',#11791,#1758);
#1086=LINE('',#11794,#1759);
#1087=LINE('',#11795,#1760);
#1088=LINE('',#11797,#1761);
#1089=LINE('',#11801,#1762);
#1090=LINE('',#11803,#1763);
#1091=LINE('',#11804,#1764);
#1092=LINE('',#11807,#1765);
#1093=LINE('',#11808,#1766);
#1094=LINE('',#11811,#1767);
#1095=LINE('',#11812,#1768);
#1096=LINE('',#11815,#1769);
#1097=LINE('',#11816,#1770);
#1098=LINE('',#11819,#1771);
#1099=LINE('',#11820,#1772);
#1100=LINE('',#11823,#1773);
#1101=LINE('',#11824,#1774);
#1102=LINE('',#11827,#1775);
#1103=LINE('',#11828,#1776);
#1104=LINE('',#11831,#1777);
#1105=LINE('',#11832,#1778);
#1106=LINE('',#11835,#1779);
#1107=LINE('',#11836,#1780);
#1108=LINE('',#11838,#1781);
#1109=LINE('',#11842,#1782);
#1110=LINE('',#11844,#1783);
#1111=LINE('',#11845,#1784);
#1112=LINE('',#11862,#1785);
#1113=LINE('',#11879,#1786);
#1114=LINE('',#11896,#1787);
#1115=LINE('',#11913,#1788);
#1116=LINE('',#11916,#1789);
#1117=LINE('',#11917,#1790);
#1118=LINE('',#11920,#1791);
#1119=LINE('',#11921,#1792);
#1120=LINE('',#11924,#1793);
#1121=LINE('',#11925,#1794);
#1122=LINE('',#11942,#1795);
#1123=LINE('',#11959,#1796);
#1124=LINE('',#11976,#1797);
#1125=LINE('',#11993,#1798);
#1126=LINE('',#12010,#1799);
#1127=LINE('',#12013,#1800);
#1128=LINE('',#12014,#1801);
#1129=LINE('',#12017,#1802);
#1130=LINE('',#12018,#1803);
#1131=LINE('',#12021,#1804);
#1132=LINE('',#12022,#1805);
#1133=LINE('',#12039,#1806);
#1134=LINE('',#12056,#1807);
#1135=LINE('',#12059,#1808);
#1136=LINE('',#12060,#1809);
#1137=LINE('',#12063,#1810);
#1138=LINE('',#12064,#1811);
#1139=LINE('',#12067,#1812);
#1140=LINE('',#12068,#1813);
#1141=LINE('',#12085,#1814);
#1142=LINE('',#12102,#1815);
#1143=LINE('',#12105,#1816);
#1144=LINE('',#12106,#1817);
#1145=LINE('',#12109,#1818);
#1146=LINE('',#12110,#1819);
#1147=LINE('',#12113,#1820);
#1148=LINE('',#12114,#1821);
#1149=LINE('',#12131,#1822);
#1150=LINE('',#12148,#1823);
#1151=LINE('',#12165,#1824);
#1152=LINE('',#12182,#1825);
#1153=LINE('',#12199,#1826);
#1154=LINE('',#12216,#1827);
#1155=LINE('',#12219,#1828);
#1156=LINE('',#12220,#1829);
#1157=LINE('',#12223,#1830);
#1158=LINE('',#12224,#1831);
#1159=LINE('',#12241,#1832);
#1160=LINE('',#12258,#1833);
#1161=LINE('',#12275,#1834);
#1162=LINE('',#12292,#1835);
#1163=LINE('',#12309,#1836);
#1164=LINE('',#12312,#1837);
#1165=LINE('',#12313,#1838);
#1166=LINE('',#12315,#1839);
#1167=LINE('',#12320,#1840);
#1168=LINE('',#12322,#1841);
#1169=LINE('',#12324,#1842);
#1170=LINE('',#12325,#1843);
#1171=LINE('',#12348,#1844);
#1172=LINE('',#12371,#1845);
#1173=LINE('',#12394,#1846);
#1174=LINE('',#12417,#1847);
#1175=LINE('',#12440,#1848);
#1176=LINE('',#12443,#1849);
#1177=LINE('',#12445,#1850);
#1178=LINE('',#12446,#1851);
#1179=LINE('',#12448,#1852);
#1180=LINE('',#12449,#1853);
#1181=LINE('',#12452,#1854);
#1182=LINE('',#12454,#1855);
#1183=LINE('',#12455,#1856);
#1184=LINE('',#12458,#1857);
#1185=LINE('',#12459,#1858);
#1186=LINE('',#12476,#1859);
#1187=LINE('',#12493,#1860);
#1188=LINE('',#12510,#1861);
#1189=LINE('',#12527,#1862);
#1190=LINE('',#12544,#1863);
#1191=LINE('',#12561,#1864);
#1192=LINE('',#12564,#1865);
#1193=LINE('',#12565,#1866);
#1194=LINE('',#12568,#1867);
#1195=LINE('',#12569,#1868);
#1196=LINE('',#12571,#1869);
#1197=LINE('',#12577,#1870);
#1198=LINE('',#12579,#1871);
#1199=LINE('',#12581,#1872);
#1200=LINE('',#12582,#1873);
#1201=LINE('',#12605,#1874);
#1202=LINE('',#12628,#1875);
#1203=LINE('',#12651,#1876);
#1204=LINE('',#12674,#1877);
#1205=LINE('',#12677,#1878);
#1206=LINE('',#12679,#1879);
#1207=LINE('',#12680,#1880);
#1208=LINE('',#12682,#1881);
#1209=LINE('',#12683,#1882);
#1210=LINE('',#12686,#1883);
#1211=LINE('',#12688,#1884);
#1212=LINE('',#12689,#1885);
#1213=LINE('',#12692,#1886);
#1214=LINE('',#12693,#1887);
#1215=LINE('',#12696,#1888);
#1216=LINE('',#12697,#1889);
#1217=LINE('',#12714,#1890);
#1218=LINE('',#12731,#1891);
#1219=LINE('',#12748,#1892);
#1220=LINE('',#12765,#1893);
#1221=LINE('',#12768,#1894);
#1222=LINE('',#12769,#1895);
#1223=LINE('',#12771,#1896);
#1224=LINE('',#12777,#1897);
#1225=LINE('',#12779,#1898);
#1226=LINE('',#12781,#1899);
#1227=LINE('',#12782,#1900);
#1228=LINE('',#12805,#1901);
#1229=LINE('',#12828,#1902);
#1230=LINE('',#12851,#1903);
#1231=LINE('',#12874,#1904);
#1232=LINE('',#12897,#1905);
#1233=LINE('',#12920,#1906);
#1234=LINE('',#12923,#1907);
#1235=LINE('',#12925,#1908);
#1236=LINE('',#12926,#1909);
#1237=LINE('',#12928,#1910);
#1238=LINE('',#12929,#1911);
#1239=LINE('',#12933,#1912);
#1240=LINE('',#12935,#1913);
#1241=LINE('',#12937,#1914);
#1242=LINE('',#12938,#1915);
#1243=LINE('',#12961,#1916);
#1244=LINE('',#12984,#1917);
#1245=LINE('',#13007,#1918);
#1246=LINE('',#13030,#1919);
#1247=LINE('',#13053,#1920);
#1248=LINE('',#13076,#1921);
#1249=LINE('',#13099,#1922);
#1250=LINE('',#13102,#1923);
#1251=LINE('',#13104,#1924);
#1252=LINE('',#13105,#1925);
#1253=LINE('',#13107,#1926);
#1254=LINE('',#13108,#1927);
#1255=LINE('',#13111,#1928);
#1256=LINE('',#13113,#1929);
#1257=LINE('',#13114,#1930);
#1258=LINE('',#13117,#1931);
#1259=LINE('',#13118,#1932);
#1260=LINE('',#13135,#1933);
#1261=LINE('',#13152,#1934);
#1262=LINE('',#13169,#1935);
#1263=LINE('',#13186,#1936);
#1264=LINE('',#13203,#1937);
#1265=LINE('',#13220,#1938);
#1266=LINE('',#13237,#1939);
#1267=LINE('',#13254,#1940);
#1268=LINE('',#13271,#1941);
#1269=LINE('',#13288,#1942);
#1270=LINE('',#13305,#1943);
#1271=LINE('',#13307,#1944);
#1272=LINE('',#13313,#1945);
#1273=LINE('',#13315,#1946);
#1274=LINE('',#13316,#1947);
#1275=LINE('',#13319,#1948);
#1276=LINE('',#13320,#1949);
#1277=LINE('',#13323,#1950);
#1278=LINE('',#13324,#1951);
#1279=LINE('',#13326,#1952);
#1280=LINE('',#13330,#1953);
#1281=LINE('',#13332,#1954);
#1282=LINE('',#13333,#1955);
#1283=LINE('',#13336,#1956);
#1284=LINE('',#13337,#1957);
#1285=LINE('',#13354,#1958);
#1286=LINE('',#13371,#1959);
#1287=LINE('',#13388,#1960);
#1288=LINE('',#13405,#1961);
#1289=LINE('',#13422,#1962);
#1290=LINE('',#13425,#1963);
#1291=LINE('',#13426,#1964);
#1292=LINE('',#13429,#1965);
#1293=LINE('',#13430,#1966);
#1294=LINE('',#13433,#1967);
#1295=LINE('',#13434,#1968);
#1296=LINE('',#13451,#1969);
#1297=LINE('',#13468,#1970);
#1298=LINE('',#13485,#1971);
#1299=LINE('',#13502,#1972);
#1300=LINE('',#13519,#1973);
#1301=LINE('',#13522,#1974);
#1302=LINE('',#13523,#1975);
#1303=LINE('',#13526,#1976);
#1304=LINE('',#13527,#1977);
#1305=LINE('',#13530,#1978);
#1306=LINE('',#13531,#1979);
#1307=LINE('',#13548,#1980);
#1308=LINE('',#13565,#1981);
#1309=LINE('',#13568,#1982);
#1310=LINE('',#13569,#1983);
#1311=LINE('',#13572,#1984);
#1312=LINE('',#13573,#1985);
#1313=LINE('',#13575,#1986);
#1314=LINE('',#13581,#1987);
#1315=LINE('',#13588,#1988);
#1316=LINE('',#13609,#1989);
#1317=LINE('',#13612,#1990);
#1318=LINE('',#13614,#1991);
#1319=LINE('',#13615,#1992);
#1320=LINE('',#13643,#1993);
#1321=LINE('',#13648,#1994);
#1322=LINE('',#13651,#1995);
#1323=LINE('',#13656,#1996);
#1324=LINE('',#13660,#1997);
#1325=LINE('',#13663,#1998);
#1326=LINE('',#13669,#1999);
#1327=LINE('',#13690,#2000);
#1328=LINE('',#13693,#2001);
#1329=LINE('',#13697,#2002);
#1330=LINE('',#13700,#2003);
#1331=LINE('',#13702,#2004);
#1332=LINE('',#13706,#2005);
#1333=LINE('',#13709,#2006);
#1334=LINE('',#13747,#2007);
#1335=LINE('',#13750,#2008);
#1336=LINE('',#13759,#2009);
#1337=LINE('',#13764,#2010);
#1338=LINE('',#13766,#2011);
#1339=LINE('',#13768,#2012);
#1340=LINE('',#13769,#2013);
#1341=LINE('',#13775,#2014);
#1342=LINE('',#13778,#2015);
#1343=LINE('',#13780,#2016);
#1344=LINE('',#13781,#2017);
#1345=LINE('',#13787,#2018);
#1346=LINE('',#13790,#2019);
#1347=LINE('',#13792,#2020);
#1348=LINE('',#13793,#2021);
#1349=LINE('',#13799,#2022);
#1350=LINE('',#13802,#2023);
#1351=LINE('',#13804,#2024);
#1352=LINE('',#13805,#2025);
#1353=LINE('',#13813,#2026);
#1354=LINE('',#13820,#2027);
#1355=LINE('',#13823,#2028);
#1356=LINE('',#13839,#2029);
#1357=LINE('',#13847,#2030);
#1358=LINE('',#13855,#2031);
#1359=LINE('',#13859,#2032);
#1360=LINE('',#13863,#2033);
#1361=LINE('',#13865,#2034);
#1362=LINE('',#13867,#2035);
#1363=LINE('',#13869,#2036);
#1364=LINE('',#13870,#2037);
#1365=LINE('',#13873,#2038);
#1366=LINE('',#13875,#2039);
#1367=LINE('',#13877,#2040);
#1368=LINE('',#13878,#2041);
#1369=LINE('',#13910,#2042);
#1370=LINE('',#13914,#2043);
#1371=LINE('',#13918,#2044);
#1372=LINE('',#13920,#2045);
#1373=LINE('',#13921,#2046);
#1374=LINE('',#13924,#2047);
#1375=LINE('',#13925,#2048);
#1376=LINE('',#13928,#2049);
#1377=LINE('',#13929,#2050);
#1378=LINE('',#13931,#2051);
#1379=LINE('',#13934,#2052);
#1380=LINE('',#13936,#2053);
#1381=LINE('',#13937,#2054);
#1382=LINE('',#13940,#2055);
#1383=LINE('',#13941,#2056);
#1384=LINE('',#13944,#2057);
#1385=LINE('',#13945,#2058);
#1386=LINE('',#13948,#2059);
#1387=LINE('',#13949,#2060);
#1388=LINE('',#13951,#2061);
#1389=LINE('',#13953,#2062);
#1390=LINE('',#13958,#2063);
#1391=LINE('',#13962,#2064);
#1392=LINE('',#13964,#2065);
#1393=LINE('',#13968,#2066);
#1394=LINE('',#13972,#2067);
#1395=LINE('',#13987,#2068);
#1396=LINE('',#13990,#2069);
#1397=LINE('',#13993,#2070);
#1398=LINE('',#13996,#2071);
#1399=LINE('',#13999,#2072);
#1400=LINE('',#14002,#2073);
#1401=LINE('',#14006,#2074);
#1402=LINE('',#14010,#2075);
#1403=LINE('',#14014,#2076);
#1404=LINE('',#14018,#2077);
#1405=LINE('',#14022,#2078);
#1406=LINE('',#14026,#2079);
#1407=LINE('',#14030,#2080);
#1408=LINE('',#14037,#2081);
#1409=LINE('',#14038,#2082);
#1410=LINE('',#14040,#2083);
#1411=LINE('',#14042,#2084);
#1412=LINE('',#14044,#2085);
#1413=LINE('',#14046,#2086);
#1414=VECTOR('',#7809,10.);
#1415=VECTOR('',#7810,10.);
#1416=VECTOR('',#7823,10.);
#1417=VECTOR('',#7824,10.);
#1418=VECTOR('',#7837,10.);
#1419=VECTOR('',#7838,10.);
#1420=VECTOR('',#7849,10.);
#1421=VECTOR('',#7850,10.);
#1422=VECTOR('',#7853,10.);
#1423=VECTOR('',#7854,10.);
#1424=VECTOR('',#7855,10.);
#1425=VECTOR('',#7856,10.);
#1426=VECTOR('',#7857,10.);
#1427=VECTOR('',#7858,10.);
#1428=VECTOR('',#7859,10.);
#1429=VECTOR('',#7860,10.);
#1430=VECTOR('',#7861,10.);
#1431=VECTOR('',#7862,10.);
#1432=VECTOR('',#7863,10.);
#1433=VECTOR('',#7864,10.);
#1434=VECTOR('',#7865,10.);
#1435=VECTOR('',#7866,10.);
#1436=VECTOR('',#7867,10.);
#1437=VECTOR('',#7868,10.);
#1438=VECTOR('',#7869,10.);
#1439=VECTOR('',#7870,10.);
#1440=VECTOR('',#7871,10.);
#1441=VECTOR('',#7872,10.);
#1442=VECTOR('',#7873,10.);
#1443=VECTOR('',#7874,10.);
#1444=VECTOR('',#7875,10.);
#1445=VECTOR('',#7876,10.);
#1446=VECTOR('',#7877,10.);
#1447=VECTOR('',#7878,10.);
#1448=VECTOR('',#7879,10.);
#1449=VECTOR('',#7880,10.);
#1450=VECTOR('',#7881,10.);
#1451=VECTOR('',#7882,10.);
#1452=VECTOR('',#7883,10.);
#1453=VECTOR('',#7884,10.);
#1454=VECTOR('',#7885,10.);
#1455=VECTOR('',#7886,10.);
#1456=VECTOR('',#7887,10.);
#1457=VECTOR('',#7888,10.);
#1458=VECTOR('',#7889,10.);
#1459=VECTOR('',#7890,10.);
#1460=VECTOR('',#7891,10.);
#1461=VECTOR('',#7892,10.);
#1462=VECTOR('',#7893,10.);
#1463=VECTOR('',#7894,10.);
#1464=VECTOR('',#7895,10.);
#1465=VECTOR('',#7896,10.);
#1466=VECTOR('',#7897,10.);
#1467=VECTOR('',#7898,10.);
#1468=VECTOR('',#7899,10.);
#1469=VECTOR('',#7900,10.);
#1470=VECTOR('',#7901,10.);
#1471=VECTOR('',#7902,10.);
#1472=VECTOR('',#7903,10.);
#1473=VECTOR('',#7904,10.);
#1474=VECTOR('',#7905,10.);
#1475=VECTOR('',#7906,10.);
#1476=VECTOR('',#7907,10.);
#1477=VECTOR('',#7908,10.);
#1478=VECTOR('',#7909,10.);
#1479=VECTOR('',#7910,10.);
#1480=VECTOR('',#7911,10.);
#1481=VECTOR('',#7912,10.);
#1482=VECTOR('',#7913,10.);
#1483=VECTOR('',#7914,10.);
#1484=VECTOR('',#7915,10.);
#1485=VECTOR('',#7916,10.);
#1486=VECTOR('',#7917,10.);
#1487=VECTOR('',#7918,10.);
#1488=VECTOR('',#7919,10.);
#1489=VECTOR('',#7920,10.);
#1490=VECTOR('',#7921,10.);
#1491=VECTOR('',#7922,10.);
#1492=VECTOR('',#7923,10.);
#1493=VECTOR('',#7924,10.);
#1494=VECTOR('',#7925,10.);
#1495=VECTOR('',#7926,10.);
#1496=VECTOR('',#7927,10.);
#1497=VECTOR('',#7928,10.);
#1498=VECTOR('',#7929,10.);
#1499=VECTOR('',#7930,10.);
#1500=VECTOR('',#7931,10.);
#1501=VECTOR('',#7932,10.);
#1502=VECTOR('',#7933,10.);
#1503=VECTOR('',#7934,10.);
#1504=VECTOR('',#7935,10.);
#1505=VECTOR('',#7936,10.);
#1506=VECTOR('',#7937,10.);
#1507=VECTOR('',#7938,10.);
#1508=VECTOR('',#7939,10.);
#1509=VECTOR('',#7940,10.);
#1510=VECTOR('',#7941,10.);
#1511=VECTOR('',#7942,10.);
#1512=VECTOR('',#7943,10.);
#1513=VECTOR('',#7944,10.);
#1514=VECTOR('',#7945,10.);
#1515=VECTOR('',#7946,10.);
#1516=VECTOR('',#7947,10.);
#1517=VECTOR('',#7948,10.);
#1518=VECTOR('',#7949,10.);
#1519=VECTOR('',#7950,10.);
#1520=VECTOR('',#7951,10.);
#1521=VECTOR('',#7952,10.);
#1522=VECTOR('',#7953,10.);
#1523=VECTOR('',#7954,10.);
#1524=VECTOR('',#7955,10.);
#1525=VECTOR('',#7956,10.);
#1526=VECTOR('',#7957,10.);
#1527=VECTOR('',#7958,10.);
#1528=VECTOR('',#7959,10.);
#1529=VECTOR('',#7960,10.);
#1530=VECTOR('',#7961,10.);
#1531=VECTOR('',#7962,10.);
#1532=VECTOR('',#7963,10.);
#1533=VECTOR('',#7964,10.);
#1534=VECTOR('',#7965,10.);
#1535=VECTOR('',#7966,10.);
#1536=VECTOR('',#7967,10.);
#1537=VECTOR('',#7970,10.);
#1538=VECTOR('',#7971,10.);
#1539=VECTOR('',#7972,10.);
#1540=VECTOR('',#7973,10.);
#1541=VECTOR('',#7974,10.);
#1542=VECTOR('',#7975,10.);
#1543=VECTOR('',#7976,10.);
#1544=VECTOR('',#7977,10.);
#1545=VECTOR('',#7978,10.);
#1546=VECTOR('',#7979,10.);
#1547=VECTOR('',#7982,10.);
#1548=VECTOR('',#7983,10.);
#1549=VECTOR('',#7984,10.);
#1550=VECTOR('',#7987,10.);
#1551=VECTOR('',#7988,10.);
#1552=VECTOR('',#7991,10.);
#1553=VECTOR('',#7992,10.);
#1554=VECTOR('',#7993,10.);
#1555=VECTOR('',#7994,10.);
#1556=VECTOR('',#7995,10.);
#1557=VECTOR('',#7996,10.);
#1558=VECTOR('',#7997,10.);
#1559=VECTOR('',#7998,10.);
#1560=VECTOR('',#7999,10.);
#1561=VECTOR('',#8000,10.);
#1562=VECTOR('',#8001,10.);
#1563=VECTOR('',#8004,10.);
#1564=VECTOR('',#8005,10.);
#1565=VECTOR('',#8006,10.);
#1566=VECTOR('',#8009,10.);
#1567=VECTOR('',#8010,10.);
#1568=VECTOR('',#8013,10.);
#1569=VECTOR('',#8014,10.);
#1570=VECTOR('',#8015,10.);
#1571=VECTOR('',#8018,10.);
#1572=VECTOR('',#8019,10.);
#1573=VECTOR('',#8020,10.);
#1574=VECTOR('',#8021,10.);
#1575=VECTOR('',#8022,10.);
#1576=VECTOR('',#8023,10.);
#1577=VECTOR('',#8024,10.);
#1578=VECTOR('',#8025,10.);
#1579=VECTOR('',#8026,10.);
#1580=VECTOR('',#8027,10.);
#1581=VECTOR('',#8028,10.);
#1582=VECTOR('',#8029,10.);
#1583=VECTOR('',#8030,10.);
#1584=VECTOR('',#8033,10.);
#1585=VECTOR('',#8040,10.);
#1586=VECTOR('',#8041,10.);
#1587=VECTOR('',#8042,10.);
#1588=VECTOR('',#8045,10.);
#1589=VECTOR('',#8046,10.);
#1590=VECTOR('',#8049,10.);
#1591=VECTOR('',#8050,10.);
#1592=VECTOR('',#8053,10.);
#1593=VECTOR('',#8054,10.);
#1594=VECTOR('',#8057,10.);
#1595=VECTOR('',#8058,10.);
#1596=VECTOR('',#8061,10.);
#1597=VECTOR('',#8062,10.);
#1598=VECTOR('',#8063,10.);
#1599=VECTOR('',#8064,10.);
#1600=VECTOR('',#8065,10.);
#1601=VECTOR('',#8066,10.);
#1602=VECTOR('',#8069,10.);
#1603=VECTOR('',#8070,10.);
#1604=VECTOR('',#8073,10.);
#1605=VECTOR('',#8074,10.);
#1606=VECTOR('',#8075,10.);
#1607=VECTOR('',#8076,10.);
#1608=VECTOR('',#8077,10.);
#1609=VECTOR('',#8080,10.);
#1610=VECTOR('',#8085,10.);
#1611=VECTOR('',#8086,10.);
#1612=VECTOR('',#8087,10.);
#1613=VECTOR('',#8090,10.);
#1614=VECTOR('',#8091,10.);
#1615=VECTOR('',#8094,10.);
#1616=VECTOR('',#8095,10.);
#1617=VECTOR('',#8098,10.);
#1618=VECTOR('',#8099,10.);
#1619=VECTOR('',#8102,10.);
#1620=VECTOR('',#8103,10.);
#1621=VECTOR('',#8106,10.);
#1622=VECTOR('',#8107,10.);
#1623=VECTOR('',#8108,10.);
#1624=VECTOR('',#8109,10.);
#1625=VECTOR('',#8110,10.);
#1626=VECTOR('',#8111,10.);
#1627=VECTOR('',#8114,10.);
#1628=VECTOR('',#8115,10.);
#1629=VECTOR('',#8118,10.);
#1630=VECTOR('',#8119,10.);
#1631=VECTOR('',#8120,10.);
#1632=VECTOR('',#8121,10.);
#1633=VECTOR('',#8122,10.);
#1634=VECTOR('',#8125,10.);
#1635=VECTOR('',#8130,10.);
#1636=VECTOR('',#8131,10.);
#1637=VECTOR('',#8132,10.);
#1638=VECTOR('',#8135,10.);
#1639=VECTOR('',#8136,10.);
#1640=VECTOR('',#8139,10.);
#1641=VECTOR('',#8140,10.);
#1642=VECTOR('',#8143,10.);
#1643=VECTOR('',#8148,10.);
#1644=VECTOR('',#8149,10.);
#1645=VECTOR('',#8150,10.);
#1646=VECTOR('',#8153,10.);
#1647=VECTOR('',#8154,10.);
#1648=VECTOR('',#8155,10.);
#1649=VECTOR('',#8156,10.);
#1650=VECTOR('',#8157,10.);
#1651=VECTOR('',#8158,10.);
#1652=VECTOR('',#8159,10.);
#1653=VECTOR('',#8162,10.);
#1654=VECTOR('',#8163,10.);
#1655=VECTOR('',#8166,10.);
#1656=VECTOR('',#8167,10.);
#1657=VECTOR('',#8170,10.);
#1658=VECTOR('',#8171,10.);
#1659=VECTOR('',#8172,10.);
#1660=VECTOR('',#8173,10.);
#1661=VECTOR('',#8174,10.);
#1662=VECTOR('',#8175,10.);
#1663=VECTOR('',#8176,10.);
#1664=VECTOR('',#8179,10.);
#1665=VECTOR('',#8180,10.);
#1666=VECTOR('',#8183,10.);
#1667=VECTOR('',#8184,10.);
#1668=VECTOR('',#8187,10.);
#1669=VECTOR('',#8188,10.);
#1670=VECTOR('',#8189,10.);
#1671=VECTOR('',#8190,10.);
#1672=VECTOR('',#8193,10.);
#1673=VECTOR('',#8194,10.);
#1674=VECTOR('',#8197,10.);
#1675=VECTOR('',#8198,10.);
#1676=VECTOR('',#8201,10.);
#1677=VECTOR('',#8206,10.);
#1678=VECTOR('',#8207,10.);
#1679=VECTOR('',#8208,10.);
#1680=VECTOR('',#8209,10.);
#1681=VECTOR('',#8210,10.);
#1682=VECTOR('',#8211,10.);
#1683=VECTOR('',#8212,10.);
#1684=VECTOR('',#8215,10.);
#1685=VECTOR('',#8216,10.);
#1686=VECTOR('',#8217,10.);
#1687=VECTOR('',#8218,10.);
#1688=VECTOR('',#8219,10.);
#1689=VECTOR('',#8220,10.);
#1690=VECTOR('',#8221,10.);
#1691=VECTOR('',#8222,10.);
#1692=VECTOR('',#8223,10.);
#1693=VECTOR('',#8224,10.);
#1694=VECTOR('',#8225,10.);
#1695=VECTOR('',#8226,10.);
#1696=VECTOR('',#8229,10.);
#1697=VECTOR('',#8230,10.);
#1698=VECTOR('',#8231,10.);
#1699=VECTOR('',#8232,10.);
#1700=VECTOR('',#8233,10.);
#1701=VECTOR('',#8240,10.);
#1702=VECTOR('',#8241,10.);
#1703=VECTOR('',#8242,10.);
#1704=VECTOR('',#8243,10.);
#1705=VECTOR('',#8244,10.);
#1706=VECTOR('',#8245,10.);
#1707=VECTOR('',#8246,10.);
#1708=VECTOR('',#8247,10.);
#1709=VECTOR('',#8250,10.);
#1710=VECTOR('',#8251,10.);
#1711=VECTOR('',#8252,10.);
#1712=VECTOR('',#8255,10.);
#1713=VECTOR('',#8256,10.);
#1714=VECTOR('',#8259,10.);
#1715=VECTOR('',#8260,10.);
#1716=VECTOR('',#8261,10.);
#1717=VECTOR('',#8264,10.);
#1718=VECTOR('',#8265,10.);
#1719=VECTOR('',#8268,10.);
#1720=VECTOR('',#8269,10.);
#1721=VECTOR('',#8270,10.);
#1722=VECTOR('',#8271,10.);
#1723=VECTOR('',#8272,10.);
#1724=VECTOR('',#8273,10.);
#1725=VECTOR('',#8276,10.);
#1726=VECTOR('',#8277,10.);
#1727=VECTOR('',#8280,10.);
#1728=VECTOR('',#8287,10.);
#1729=VECTOR('',#8288,10.);
#1730=VECTOR('',#8289,10.);
#1731=VECTOR('',#8292,10.);
#1732=VECTOR('',#8293,10.);
#1733=VECTOR('',#8296,10.);
#1734=VECTOR('',#8297,10.);
#1735=VECTOR('',#8300,10.);
#1736=VECTOR('',#8301,10.);
#1737=VECTOR('',#8304,10.);
#1738=VECTOR('',#8305,10.);
#1739=VECTOR('',#8308,10.);
#1740=VECTOR('',#8309,10.);
#1741=VECTOR('',#8312,10.);
#1742=VECTOR('',#8313,10.);
#1743=VECTOR('',#8316,10.);
#1744=VECTOR('',#8317,10.);
#1745=VECTOR('',#8320,10.);
#1746=VECTOR('',#8321,10.);
#1747=VECTOR('',#8324,10.);
#1748=VECTOR('',#8325,10.);
#1749=VECTOR('',#8328,10.);
#1750=VECTOR('',#8329,10.);
#1751=VECTOR('',#8332,10.);
#1752=VECTOR('',#8333,10.);
#1753=VECTOR('',#8336,10.);
#1754=VECTOR('',#8341,10.);
#1755=VECTOR('',#8342,10.);
#1756=VECTOR('',#8343,10.);
#1757=VECTOR('',#8346,10.);
#1758=VECTOR('',#8347,10.);
#1759=VECTOR('',#8350,10.);
#1760=VECTOR('',#8351,10.);
#1761=VECTOR('',#8354,10.);
#1762=VECTOR('',#8359,10.);
#1763=VECTOR('',#8360,10.);
#1764=VECTOR('',#8361,10.);
#1765=VECTOR('',#8364,10.);
#1766=VECTOR('',#8365,10.);
#1767=VECTOR('',#8368,10.);
#1768=VECTOR('',#8369,10.);
#1769=VECTOR('',#8372,10.);
#1770=VECTOR('',#8373,10.);
#1771=VECTOR('',#8376,10.);
#1772=VECTOR('',#8377,10.);
#1773=VECTOR('',#8380,10.);
#1774=VECTOR('',#8381,10.);
#1775=VECTOR('',#8384,10.);
#1776=VECTOR('',#8385,10.);
#1777=VECTOR('',#8388,10.);
#1778=VECTOR('',#8389,10.);
#1779=VECTOR('',#8392,10.);
#1780=VECTOR('',#8393,10.);
#1781=VECTOR('',#8396,10.);
#1782=VECTOR('',#8401,10.);
#1783=VECTOR('',#8402,10.);
#1784=VECTOR('',#8403,10.);
#1785=VECTOR('',#8404,10.);
#1786=VECTOR('',#8405,10.);
#1787=VECTOR('',#8406,10.);
#1788=VECTOR('',#8407,10.);
#1789=VECTOR('',#8410,10.);
#1790=VECTOR('',#8411,10.);
#1791=VECTOR('',#8414,10.);
#1792=VECTOR('',#8415,10.);
#1793=VECTOR('',#8418,10.);
#1794=VECTOR('',#8419,10.);
#1795=VECTOR('',#8420,10.);
#1796=VECTOR('',#8421,10.);
#1797=VECTOR('',#8422,10.);
#1798=VECTOR('',#8423,10.);
#1799=VECTOR('',#8424,10.);
#1800=VECTOR('',#8427,10.);
#1801=VECTOR('',#8428,10.);
#1802=VECTOR('',#8431,10.);
#1803=VECTOR('',#8432,10.);
#1804=VECTOR('',#8435,10.);
#1805=VECTOR('',#8436,10.);
#1806=VECTOR('',#8437,10.);
#1807=VECTOR('',#8438,10.);
#1808=VECTOR('',#8441,10.);
#1809=VECTOR('',#8442,10.);
#1810=VECTOR('',#8445,10.);
#1811=VECTOR('',#8446,10.);
#1812=VECTOR('',#8449,10.);
#1813=VECTOR('',#8450,10.);
#1814=VECTOR('',#8451,10.);
#1815=VECTOR('',#8452,10.);
#1816=VECTOR('',#8455,10.);
#1817=VECTOR('',#8456,10.);
#1818=VECTOR('',#8459,10.);
#1819=VECTOR('',#8460,10.);
#1820=VECTOR('',#8463,10.);
#1821=VECTOR('',#8464,10.);
#1822=VECTOR('',#8465,10.);
#1823=VECTOR('',#8466,10.);
#1824=VECTOR('',#8467,10.);
#1825=VECTOR('',#8468,10.);
#1826=VECTOR('',#8469,10.);
#1827=VECTOR('',#8470,10.);
#1828=VECTOR('',#8473,10.);
#1829=VECTOR('',#8474,10.);
#1830=VECTOR('',#8477,10.);
#1831=VECTOR('',#8478,10.);
#1832=VECTOR('',#8479,10.);
#1833=VECTOR('',#8480,10.);
#1834=VECTOR('',#8481,10.);
#1835=VECTOR('',#8482,10.);
#1836=VECTOR('',#8483,10.);
#1837=VECTOR('',#8486,10.);
#1838=VECTOR('',#8487,10.);
#1839=VECTOR('',#8490,10.);
#1840=VECTOR('',#8495,10.);
#1841=VECTOR('',#8496,10.);
#1842=VECTOR('',#8497,10.);
#1843=VECTOR('',#8498,10.);
#1844=VECTOR('',#8499,10.);
#1845=VECTOR('',#8500,10.);
#1846=VECTOR('',#8501,10.);
#1847=VECTOR('',#8502,10.);
#1848=VECTOR('',#8503,10.);
#1849=VECTOR('',#8506,10.);
#1850=VECTOR('',#8507,10.);
#1851=VECTOR('',#8508,10.);
#1852=VECTOR('',#8511,10.);
#1853=VECTOR('',#8512,10.);
#1854=VECTOR('',#8515,10.);
#1855=VECTOR('',#8516,10.);
#1856=VECTOR('',#8517,10.);
#1857=VECTOR('',#8520,10.);
#1858=VECTOR('',#8521,10.);
#1859=VECTOR('',#8522,10.);
#1860=VECTOR('',#8523,10.);
#1861=VECTOR('',#8524,10.);
#1862=VECTOR('',#8525,10.);
#1863=VECTOR('',#8526,10.);
#1864=VECTOR('',#8527,10.);
#1865=VECTOR('',#8530,10.);
#1866=VECTOR('',#8531,10.);
#1867=VECTOR('',#8534,10.);
#1868=VECTOR('',#8535,10.);
#1869=VECTOR('',#8538,10.);
#1870=VECTOR('',#8545,10.);
#1871=VECTOR('',#8546,10.);
#1872=VECTOR('',#8547,10.);
#1873=VECTOR('',#8548,10.);
#1874=VECTOR('',#8549,10.);
#1875=VECTOR('',#8550,10.);
#1876=VECTOR('',#8551,10.);
#1877=VECTOR('',#8552,10.);
#1878=VECTOR('',#8555,10.);
#1879=VECTOR('',#8556,10.);
#1880=VECTOR('',#8557,10.);
#1881=VECTOR('',#8560,10.);
#1882=VECTOR('',#8561,10.);
#1883=VECTOR('',#8564,10.);
#1884=VECTOR('',#8565,10.);
#1885=VECTOR('',#8566,10.);
#1886=VECTOR('',#8569,10.);
#1887=VECTOR('',#8570,10.);
#1888=VECTOR('',#8573,10.);
#1889=VECTOR('',#8574,10.);
#1890=VECTOR('',#8575,10.);
#1891=VECTOR('',#8576,10.);
#1892=VECTOR('',#8577,10.);
#1893=VECTOR('',#8578,10.);
#1894=VECTOR('',#8581,10.);
#1895=VECTOR('',#8582,10.);
#1896=VECTOR('',#8585,10.);
#1897=VECTOR('',#8592,10.);
#1898=VECTOR('',#8593,10.);
#1899=VECTOR('',#8594,10.);
#1900=VECTOR('',#8595,10.);
#1901=VECTOR('',#8596,10.);
#1902=VECTOR('',#8597,10.);
#1903=VECTOR('',#8598,10.);
#1904=VECTOR('',#8599,10.);
#1905=VECTOR('',#8600,10.);
#1906=VECTOR('',#8601,10.);
#1907=VECTOR('',#8604,10.);
#1908=VECTOR('',#8605,10.);
#1909=VECTOR('',#8606,10.);
#1910=VECTOR('',#8609,10.);
#1911=VECTOR('',#8610,10.);
#1912=VECTOR('',#8613,10.);
#1913=VECTOR('',#8614,10.);
#1914=VECTOR('',#8615,10.);
#1915=VECTOR('',#8616,10.);
#1916=VECTOR('',#8617,10.);
#1917=VECTOR('',#8618,10.);
#1918=VECTOR('',#8619,10.);
#1919=VECTOR('',#8620,10.);
#1920=VECTOR('',#8621,10.);
#1921=VECTOR('',#8622,10.);
#1922=VECTOR('',#8623,10.);
#1923=VECTOR('',#8626,10.);
#1924=VECTOR('',#8627,10.);
#1925=VECTOR('',#8628,10.);
#1926=VECTOR('',#8631,10.);
#1927=VECTOR('',#8632,10.);
#1928=VECTOR('',#8635,10.);
#1929=VECTOR('',#8636,10.);
#1930=VECTOR('',#8637,10.);
#1931=VECTOR('',#8640,10.);
#1932=VECTOR('',#8641,10.);
#1933=VECTOR('',#8642,10.);
#1934=VECTOR('',#8643,10.);
#1935=VECTOR('',#8644,10.);
#1936=VECTOR('',#8645,10.);
#1937=VECTOR('',#8646,10.);
#1938=VECTOR('',#8647,10.);
#1939=VECTOR('',#8648,10.);
#1940=VECTOR('',#8649,10.);
#1941=VECTOR('',#8650,10.);
#1942=VECTOR('',#8651,10.);
#1943=VECTOR('',#8652,10.);
#1944=VECTOR('',#8655,10.);
#1945=VECTOR('',#8664,10.);
#1946=VECTOR('',#8665,10.);
#1947=VECTOR('',#8666,10.);
#1948=VECTOR('',#8669,10.);
#1949=VECTOR('',#8670,10.);
#1950=VECTOR('',#8673,10.);
#1951=VECTOR('',#8674,10.);
#1952=VECTOR('',#8677,10.);
#1953=VECTOR('',#8682,10.);
#1954=VECTOR('',#8683,10.);
#1955=VECTOR('',#8684,10.);
#1956=VECTOR('',#8687,10.);
#1957=VECTOR('',#8688,10.);
#1958=VECTOR('',#8689,10.);
#1959=VECTOR('',#8690,10.);
#1960=VECTOR('',#8691,10.);
#1961=VECTOR('',#8692,10.);
#1962=VECTOR('',#8693,10.);
#1963=VECTOR('',#8696,10.);
#1964=VECTOR('',#8697,10.);
#1965=VECTOR('',#8700,10.);
#1966=VECTOR('',#8701,10.);
#1967=VECTOR('',#8704,10.);
#1968=VECTOR('',#8705,10.);
#1969=VECTOR('',#8706,10.);
#1970=VECTOR('',#8707,10.);
#1971=VECTOR('',#8708,10.);
#1972=VECTOR('',#8709,10.);
#1973=VECTOR('',#8710,10.);
#1974=VECTOR('',#8713,10.);
#1975=VECTOR('',#8714,10.);
#1976=VECTOR('',#8717,10.);
#1977=VECTOR('',#8718,10.);
#1978=VECTOR('',#8721,10.);
#1979=VECTOR('',#8722,10.);
#1980=VECTOR('',#8723,10.);
#1981=VECTOR('',#8724,10.);
#1982=VECTOR('',#8727,10.);
#1983=VECTOR('',#8728,10.);
#1984=VECTOR('',#8731,10.);
#1985=VECTOR('',#8732,10.);
#1986=VECTOR('',#8735,10.);
#1987=VECTOR('',#8742,1.75);
#1988=VECTOR('',#8749,10.);
#1989=VECTOR('',#8750,10.);
#1990=VECTOR('',#8753,10.);
#1991=VECTOR('',#8754,10.);
#1992=VECTOR('',#8755,10.);
#1993=VECTOR('',#8758,10.);
#1994=VECTOR('',#8763,10.);
#1995=VECTOR('',#8766,10.);
#1996=VECTOR('',#8771,10.);
#1997=VECTOR('',#8774,10.);
#1998=VECTOR('',#8777,10.);
#1999=VECTOR('',#8782,10.);
#2000=VECTOR('',#8783,10.);
#2001=VECTOR('',#8786,10.);
#2002=VECTOR('',#8789,10.);
#2003=VECTOR('',#8792,10.);
#2004=VECTOR('',#8793,10.);
#2005=VECTOR('',#8796,10.);
#2006=VECTOR('',#8799,10.);
#2007=VECTOR('',#8808,10.);
#2008=VECTOR('',#8811,10.);
#2009=VECTOR('',#8814,10.);
#2010=VECTOR('',#8819,10.);
#2011=VECTOR('',#8820,10.);
#2012=VECTOR('',#8821,10.);
#2013=VECTOR('',#8822,10.);
#2014=VECTOR('',#8829,10.);
#2015=VECTOR('',#8832,10.);
#2016=VECTOR('',#8833,10.);
#2017=VECTOR('',#8834,10.);
#2018=VECTOR('',#8841,10.);
#2019=VECTOR('',#8844,10.);
#2020=VECTOR('',#8845,10.);
#2021=VECTOR('',#8846,10.);
#2022=VECTOR('',#8853,10.);
#2023=VECTOR('',#8856,10.);
#2024=VECTOR('',#8857,10.);
#2025=VECTOR('',#8858,10.);
#2026=VECTOR('',#8869,3.);
#2027=VECTOR('',#8878,10.);
#2028=VECTOR('',#8881,10.);
#2029=VECTOR('',#8894,10.);
#2030=VECTOR('',#8905,10.);
#2031=VECTOR('',#8916,10.);
#2032=VECTOR('',#8923,10.);
#2033=VECTOR('',#8926,10.);
#2034=VECTOR('',#8927,10.);
#2035=VECTOR('',#8928,10.);
#2036=VECTOR('',#8929,10.);
#2037=VECTOR('',#8930,10.);
#2038=VECTOR('',#8931,10.);
#2039=VECTOR('',#8932,10.);
#2040=VECTOR('',#8933,10.);
#2041=VECTOR('',#8934,10.);
#2042=VECTOR('',#8975,2.5);
#2043=VECTOR('',#8980,2.5);
#2044=VECTOR('',#8985,10.);
#2045=VECTOR('',#8986,10.);
#2046=VECTOR('',#8987,10.);
#2047=VECTOR('',#8990,10.);
#2048=VECTOR('',#8991,10.);
#2049=VECTOR('',#8994,10.);
#2050=VECTOR('',#8995,10.);
#2051=VECTOR('',#8998,10.);
#2052=VECTOR('',#9001,10.);
#2053=VECTOR('',#9002,10.);
#2054=VECTOR('',#9003,10.);
#2055=VECTOR('',#9006,10.);
#2056=VECTOR('',#9007,10.);
#2057=VECTOR('',#9010,10.);
#2058=VECTOR('',#9011,10.);
#2059=VECTOR('',#9014,10.);
#2060=VECTOR('',#9015,10.);
#2061=VECTOR('',#9018,10.);
#2062=VECTOR('',#9021,10.);
#2063=VECTOR('',#9026,1.75000001490167);
#2064=VECTOR('',#9031,10.);
#2065=VECTOR('',#9032,10.);
#2066=VECTOR('',#9035,10.);
#2067=VECTOR('',#9038,10.);
#2068=VECTOR('',#9055,1.00000001490167);
#2069=VECTOR('',#9058,1.75);
#2070=VECTOR('',#9063,0.999999999999996);
#2071=VECTOR('',#9066,1.75000001490167);
#2072=VECTOR('',#9071,1.00000001490167);
#2073=VECTOR('',#9074,2.25);
#2074=VECTOR('',#9079,1.25);
#2075=VECTOR('',#9084,2.25);
#2076=VECTOR('',#9089,1.25);
#2077=VECTOR('',#9094,2.25);
#2078=VECTOR('',#9099,1.25);
#2079=VECTOR('',#9104,2.25);
#2080=VECTOR('',#9109,1.25);
#2081=VECTOR('',#9122,10.);
#2082=VECTOR('',#9123,10.);
#2083=VECTOR('',#9126,10.);
#2084=VECTOR('',#9129,10.);
#2085=VECTOR('',#9132,10.);
#2086=VECTOR('',#9135,10.);
#2087=CYLINDRICAL_SURFACE('',#7462,0.8);
#2088=CYLINDRICAL_SURFACE('',#7468,0.8);
#2089=CYLINDRICAL_SURFACE('',#7474,0.8);
#2090=CYLINDRICAL_SURFACE('',#7480,0.8);
#2091=CYLINDRICAL_SURFACE('',#7642,1.75);
#2092=CYLINDRICAL_SURFACE('',#7645,9.);
#2093=CYLINDRICAL_SURFACE('',#7648,9.);
#2094=CYLINDRICAL_SURFACE('',#7649,16.6);
#2095=CYLINDRICAL_SURFACE('',#7656,9.);
#2096=CYLINDRICAL_SURFACE('',#7666,9.);
#2097=CYLINDRICAL_SURFACE('',#7667,11.);
#2098=CYLINDRICAL_SURFACE('',#7671,4.25000011920929);
#2099=CYLINDRICAL_SURFACE('',#7675,4.2500001192093);
#2100=CYLINDRICAL_SURFACE('',#7679,4.25000011920929);
#2101=CYLINDRICAL_SURFACE('',#7683,4.25000011920929);
#2102=CYLINDRICAL_SURFACE('',#7686,3.);
#2103=CYLINDRICAL_SURFACE('',#7690,2.);
#2104=CYLINDRICAL_SURFACE('',#7697,2.);
#2105=CYLINDRICAL_SURFACE('',#7702,2.);
#2106=CYLINDRICAL_SURFACE('',#7707,2.);
#2107=CYLINDRICAL_SURFACE('',#7711,11.);
#2108=CYLINDRICAL_SURFACE('',#7732,2.5);
#2109=CYLINDRICAL_SURFACE('',#7734,2.5);
#2110=CYLINDRICAL_SURFACE('',#7759,1.00000001490167);
#2111=CYLINDRICAL_SURFACE('',#7762,0.999999999999996);
#2112=CYLINDRICAL_SURFACE('',#7765,1.00000001490167);
#2113=CYLINDRICAL_SURFACE('',#7768,1.25);
#2114=CYLINDRICAL_SURFACE('',#7772,1.25);
#2115=CYLINDRICAL_SURFACE('',#7776,1.25);
#2116=CYLINDRICAL_SURFACE('',#7780,1.25);
#2117=CYLINDRICAL_SURFACE('',#7786,16.6);
#2118=CYLINDRICAL_SURFACE('',#7788,16.6);
#2119=CYLINDRICAL_SURFACE('',#7790,16.6);
#2120=FACE_OUTER_BOUND('',#2517,.T.);
#2121=FACE_OUTER_BOUND('',#2518,.T.);
#2122=FACE_OUTER_BOUND('',#2519,.T.);
#2123=FACE_OUTER_BOUND('',#2520,.T.);
#2124=FACE_OUTER_BOUND('',#2521,.T.);
#2125=FACE_OUTER_BOUND('',#2522,.T.);
#2126=FACE_OUTER_BOUND('',#2523,.T.);
#2127=FACE_OUTER_BOUND('',#2524,.T.);
#2128=FACE_OUTER_BOUND('',#2525,.T.);
#2129=FACE_OUTER_BOUND('',#2542,.T.);
#2130=FACE_OUTER_BOUND('',#2543,.T.);
#2131=FACE_OUTER_BOUND('',#2544,.T.);
#2132=FACE_OUTER_BOUND('',#2545,.T.);
#2133=FACE_OUTER_BOUND('',#2546,.T.);
#2134=FACE_OUTER_BOUND('',#2547,.T.);
#2135=FACE_OUTER_BOUND('',#2548,.T.);
#2136=FACE_OUTER_BOUND('',#2549,.T.);
#2137=FACE_OUTER_BOUND('',#2550,.T.);
#2138=FACE_OUTER_BOUND('',#2551,.T.);
#2139=FACE_OUTER_BOUND('',#2552,.T.);
#2140=FACE_OUTER_BOUND('',#2553,.T.);
#2141=FACE_OUTER_BOUND('',#2554,.T.);
#2142=FACE_OUTER_BOUND('',#2555,.T.);
#2143=FACE_OUTER_BOUND('',#2556,.T.);
#2144=FACE_OUTER_BOUND('',#2557,.T.);
#2145=FACE_OUTER_BOUND('',#2558,.T.);
#2146=FACE_OUTER_BOUND('',#2559,.T.);
#2147=FACE_OUTER_BOUND('',#2560,.T.);
#2148=FACE_OUTER_BOUND('',#2561,.T.);
#2149=FACE_OUTER_BOUND('',#2562,.T.);
#2150=FACE_OUTER_BOUND('',#2563,.T.);
#2151=FACE_OUTER_BOUND('',#2564,.T.);
#2152=FACE_OUTER_BOUND('',#2565,.T.);
#2153=FACE_OUTER_BOUND('',#2566,.T.);
#2154=FACE_OUTER_BOUND('',#2567,.T.);
#2155=FACE_OUTER_BOUND('',#2568,.T.);
#2156=FACE_OUTER_BOUND('',#2569,.T.);
#2157=FACE_OUTER_BOUND('',#2570,.T.);
#2158=FACE_OUTER_BOUND('',#2571,.T.);
#2159=FACE_OUTER_BOUND('',#2572,.T.);
#2160=FACE_OUTER_BOUND('',#2573,.T.);
#2161=FACE_OUTER_BOUND('',#2574,.T.);
#2162=FACE_OUTER_BOUND('',#2575,.T.);
#2163=FACE_OUTER_BOUND('',#2578,.T.);
#2164=FACE_OUTER_BOUND('',#2579,.T.);
#2165=FACE_OUTER_BOUND('',#2580,.T.);
#2166=FACE_OUTER_BOUND('',#2581,.T.);
#2167=FACE_OUTER_BOUND('',#2582,.T.);
#2168=FACE_OUTER_BOUND('',#2583,.T.);
#2169=FACE_OUTER_BOUND('',#2584,.T.);
#2170=FACE_OUTER_BOUND('',#2585,.T.);
#2171=FACE_OUTER_BOUND('',#2586,.T.);
#2172=FACE_OUTER_BOUND('',#2587,.T.);
#2173=FACE_OUTER_BOUND('',#2588,.T.);
#2174=FACE_OUTER_BOUND('',#2589,.T.);
#2175=FACE_OUTER_BOUND('',#2590,.T.);
#2176=FACE_OUTER_BOUND('',#2591,.T.);
#2177=FACE_OUTER_BOUND('',#2592,.T.);
#2178=FACE_OUTER_BOUND('',#2593,.T.);
#2179=FACE_OUTER_BOUND('',#2594,.T.);
#2180=FACE_OUTER_BOUND('',#2595,.T.);
#2181=FACE_OUTER_BOUND('',#2596,.T.);
#2182=FACE_OUTER_BOUND('',#2597,.T.);
#2183=FACE_OUTER_BOUND('',#2598,.T.);
#2184=FACE_OUTER_BOUND('',#2599,.T.);
#2185=FACE_OUTER_BOUND('',#2600,.T.);
#2186=FACE_OUTER_BOUND('',#2601,.T.);
#2187=FACE_OUTER_BOUND('',#2602,.T.);
#2188=FACE_OUTER_BOUND('',#2603,.T.);
#2189=FACE_OUTER_BOUND('',#2604,.T.);
#2190=FACE_OUTER_BOUND('',#2605,.T.);
#2191=FACE_OUTER_BOUND('',#2606,.T.);
#2192=FACE_OUTER_BOUND('',#2607,.T.);
#2193=FACE_OUTER_BOUND('',#2608,.T.);
#2194=FACE_OUTER_BOUND('',#2609,.T.);
#2195=FACE_OUTER_BOUND('',#2610,.T.);
#2196=FACE_OUTER_BOUND('',#2611,.T.);
#2197=FACE_OUTER_BOUND('',#2612,.T.);
#2198=FACE_OUTER_BOUND('',#2613,.T.);
#2199=FACE_OUTER_BOUND('',#2614,.T.);
#2200=FACE_OUTER_BOUND('',#2615,.T.);
#2201=FACE_OUTER_BOUND('',#2616,.T.);
#2202=FACE_OUTER_BOUND('',#2617,.T.);
#2203=FACE_OUTER_BOUND('',#2618,.T.);
#2204=FACE_OUTER_BOUND('',#2619,.T.);
#2205=FACE_OUTER_BOUND('',#2620,.T.);
#2206=FACE_OUTER_BOUND('',#2621,.T.);
#2207=FACE_OUTER_BOUND('',#2622,.T.);
#2208=FACE_OUTER_BOUND('',#2623,.T.);
#2209=FACE_OUTER_BOUND('',#2624,.T.);
#2210=FACE_OUTER_BOUND('',#2625,.T.);
#2211=FACE_OUTER_BOUND('',#2626,.T.);
#2212=FACE_OUTER_BOUND('',#2627,.T.);
#2213=FACE_OUTER_BOUND('',#2628,.T.);
#2214=FACE_OUTER_BOUND('',#2629,.T.);
#2215=FACE_OUTER_BOUND('',#2630,.T.);
#2216=FACE_OUTER_BOUND('',#2631,.T.);
#2217=FACE_OUTER_BOUND('',#2632,.T.);
#2218=FACE_OUTER_BOUND('',#2633,.T.);
#2219=FACE_OUTER_BOUND('',#2634,.T.);
#2220=FACE_OUTER_BOUND('',#2635,.T.);
#2221=FACE_OUTER_BOUND('',#2636,.T.);
#2222=FACE_OUTER_BOUND('',#2637,.T.);
#2223=FACE_OUTER_BOUND('',#2638,.T.);
#2224=FACE_OUTER_BOUND('',#2639,.T.);
#2225=FACE_OUTER_BOUND('',#2640,.T.);
#2226=FACE_OUTER_BOUND('',#2641,.T.);
#2227=FACE_OUTER_BOUND('',#2642,.T.);
#2228=FACE_OUTER_BOUND('',#2643,.T.);
#2229=FACE_OUTER_BOUND('',#2644,.T.);
#2230=FACE_OUTER_BOUND('',#2645,.T.);
#2231=FACE_OUTER_BOUND('',#2646,.T.);
#2232=FACE_OUTER_BOUND('',#2647,.T.);
#2233=FACE_OUTER_BOUND('',#2648,.T.);
#2234=FACE_OUTER_BOUND('',#2649,.T.);
#2235=FACE_OUTER_BOUND('',#2650,.T.);
#2236=FACE_OUTER_BOUND('',#2651,.T.);
#2237=FACE_OUTER_BOUND('',#2652,.T.);
#2238=FACE_OUTER_BOUND('',#2653,.T.);
#2239=FACE_OUTER_BOUND('',#2654,.T.);
#2240=FACE_OUTER_BOUND('',#2655,.T.);
#2241=FACE_OUTER_BOUND('',#2656,.T.);
#2242=FACE_OUTER_BOUND('',#2657,.T.);
#2243=FACE_OUTER_BOUND('',#2658,.T.);
#2244=FACE_OUTER_BOUND('',#2659,.T.);
#2245=FACE_OUTER_BOUND('',#2660,.T.);
#2246=FACE_OUTER_BOUND('',#2661,.T.);
#2247=FACE_OUTER_BOUND('',#2662,.T.);
#2248=FACE_OUTER_BOUND('',#2664,.T.);
#2249=FACE_OUTER_BOUND('',#2665,.T.);
#2250=FACE_OUTER_BOUND('',#2666,.T.);
#2251=FACE_OUTER_BOUND('',#2667,.T.);
#2252=FACE_OUTER_BOUND('',#2668,.T.);
#2253=FACE_OUTER_BOUND('',#2669,.T.);
#2254=FACE_OUTER_BOUND('',#2670,.T.);
#2255=FACE_OUTER_BOUND('',#2671,.T.);
#2256=FACE_OUTER_BOUND('',#2672,.T.);
#2257=FACE_OUTER_BOUND('',#2673,.T.);
#2258=FACE_OUTER_BOUND('',#2674,.T.);
#2259=FACE_OUTER_BOUND('',#2675,.T.);
#2260=FACE_OUTER_BOUND('',#2676,.T.);
#2261=FACE_OUTER_BOUND('',#2677,.T.);
#2262=FACE_OUTER_BOUND('',#2678,.T.);
#2263=FACE_OUTER_BOUND('',#2679,.T.);
#2264=FACE_OUTER_BOUND('',#2680,.T.);
#2265=FACE_OUTER_BOUND('',#2681,.T.);
#2266=FACE_OUTER_BOUND('',#2683,.T.);
#2267=FACE_OUTER_BOUND('',#2684,.T.);
#2268=FACE_OUTER_BOUND('',#2685,.T.);
#2269=FACE_OUTER_BOUND('',#2686,.T.);
#2270=FACE_OUTER_BOUND('',#2687,.T.);
#2271=FACE_OUTER_BOUND('',#2688,.T.);
#2272=FACE_OUTER_BOUND('',#2689,.T.);
#2273=FACE_OUTER_BOUND('',#2690,.T.);
#2274=FACE_OUTER_BOUND('',#2691,.T.);
#2275=FACE_OUTER_BOUND('',#2692,.T.);
#2276=FACE_OUTER_BOUND('',#2693,.T.);
#2277=FACE_OUTER_BOUND('',#2694,.T.);
#2278=FACE_OUTER_BOUND('',#2695,.T.);
#2279=FACE_OUTER_BOUND('',#2696,.T.);
#2280=FACE_OUTER_BOUND('',#2697,.T.);
#2281=FACE_OUTER_BOUND('',#2698,.T.);
#2282=FACE_OUTER_BOUND('',#2699,.T.);
#2283=FACE_OUTER_BOUND('',#2700,.T.);
#2284=FACE_OUTER_BOUND('',#2701,.T.);
#2285=FACE_OUTER_BOUND('',#2702,.T.);
#2286=FACE_OUTER_BOUND('',#2703,.T.);
#2287=FACE_OUTER_BOUND('',#2704,.T.);
#2288=FACE_OUTER_BOUND('',#2705,.T.);
#2289=FACE_OUTER_BOUND('',#2706,.T.);
#2290=FACE_OUTER_BOUND('',#2707,.T.);
#2291=FACE_OUTER_BOUND('',#2708,.T.);
#2292=FACE_OUTER_BOUND('',#2709,.T.);
#2293=FACE_OUTER_BOUND('',#2710,.T.);
#2294=FACE_OUTER_BOUND('',#2711,.T.);
#2295=FACE_OUTER_BOUND('',#2712,.T.);
#2296=FACE_OUTER_BOUND('',#2713,.T.);
#2297=FACE_OUTER_BOUND('',#2714,.T.);
#2298=FACE_OUTER_BOUND('',#2715,.T.);
#2299=FACE_OUTER_BOUND('',#2716,.T.);
#2300=FACE_OUTER_BOUND('',#2717,.T.);
#2301=FACE_OUTER_BOUND('',#2718,.T.);
#2302=FACE_OUTER_BOUND('',#2719,.T.);
#2303=FACE_OUTER_BOUND('',#2720,.T.);
#2304=FACE_OUTER_BOUND('',#2721,.T.);
#2305=FACE_OUTER_BOUND('',#2722,.T.);
#2306=FACE_OUTER_BOUND('',#2723,.T.);
#2307=FACE_OUTER_BOUND('',#2724,.T.);
#2308=FACE_OUTER_BOUND('',#2725,.T.);
#2309=FACE_OUTER_BOUND('',#2726,.T.);
#2310=FACE_OUTER_BOUND('',#2727,.T.);
#2311=FACE_OUTER_BOUND('',#2728,.T.);
#2312=FACE_OUTER_BOUND('',#2729,.T.);
#2313=FACE_OUTER_BOUND('',#2730,.T.);
#2314=FACE_OUTER_BOUND('',#2731,.T.);
#2315=FACE_OUTER_BOUND('',#2732,.T.);
#2316=FACE_OUTER_BOUND('',#2733,.T.);
#2317=FACE_OUTER_BOUND('',#2734,.T.);
#2318=FACE_OUTER_BOUND('',#2735,.T.);
#2319=FACE_OUTER_BOUND('',#2736,.T.);
#2320=FACE_OUTER_BOUND('',#2737,.T.);
#2321=FACE_OUTER_BOUND('',#2738,.T.);
#2322=FACE_OUTER_BOUND('',#2739,.T.);
#2323=FACE_OUTER_BOUND('',#2740,.T.);
#2324=FACE_OUTER_BOUND('',#2741,.T.);
#2325=FACE_OUTER_BOUND('',#2742,.T.);
#2326=FACE_OUTER_BOUND('',#2743,.T.);
#2327=FACE_OUTER_BOUND('',#2744,.T.);
#2328=FACE_OUTER_BOUND('',#2745,.T.);
#2329=FACE_OUTER_BOUND('',#2746,.T.);
#2330=FACE_OUTER_BOUND('',#2747,.T.);
#2331=FACE_OUTER_BOUND('',#2748,.T.);
#2332=FACE_OUTER_BOUND('',#2749,.T.);
#2333=FACE_OUTER_BOUND('',#2750,.T.);
#2334=FACE_OUTER_BOUND('',#2751,.T.);
#2335=FACE_OUTER_BOUND('',#2752,.T.);
#2336=FACE_OUTER_BOUND('',#2753,.T.);
#2337=FACE_OUTER_BOUND('',#2754,.T.);
#2338=FACE_OUTER_BOUND('',#2755,.T.);
#2339=FACE_OUTER_BOUND('',#2756,.T.);
#2340=FACE_OUTER_BOUND('',#2757,.T.);
#2341=FACE_OUTER_BOUND('',#2758,.T.);
#2342=FACE_OUTER_BOUND('',#2759,.T.);
#2343=FACE_OUTER_BOUND('',#2760,.T.);
#2344=FACE_OUTER_BOUND('',#2761,.T.);
#2345=FACE_OUTER_BOUND('',#2762,.T.);
#2346=FACE_OUTER_BOUND('',#2763,.T.);
#2347=FACE_OUTER_BOUND('',#2764,.T.);
#2348=FACE_OUTER_BOUND('',#2765,.T.);
#2349=FACE_OUTER_BOUND('',#2766,.T.);
#2350=FACE_OUTER_BOUND('',#2767,.T.);
#2351=FACE_OUTER_BOUND('',#2768,.T.);
#2352=FACE_OUTER_BOUND('',#2769,.T.);
#2353=FACE_OUTER_BOUND('',#2770,.T.);
#2354=FACE_OUTER_BOUND('',#2771,.T.);
#2355=FACE_OUTER_BOUND('',#2772,.T.);
#2356=FACE_OUTER_BOUND('',#2773,.T.);
#2357=FACE_OUTER_BOUND('',#2774,.T.);
#2358=FACE_OUTER_BOUND('',#2775,.T.);
#2359=FACE_OUTER_BOUND('',#2777,.T.);
#2360=FACE_OUTER_BOUND('',#2778,.T.);
#2361=FACE_OUTER_BOUND('',#2779,.T.);
#2362=FACE_OUTER_BOUND('',#2780,.T.);
#2363=FACE_OUTER_BOUND('',#2781,.T.);
#2364=FACE_OUTER_BOUND('',#2782,.T.);
#2365=FACE_OUTER_BOUND('',#2783,.T.);
#2366=FACE_OUTER_BOUND('',#2784,.T.);
#2367=FACE_OUTER_BOUND('',#2785,.T.);
#2368=FACE_OUTER_BOUND('',#2786,.T.);
#2369=FACE_OUTER_BOUND('',#2787,.T.);
#2370=FACE_OUTER_BOUND('',#2788,.T.);
#2371=FACE_OUTER_BOUND('',#2789,.T.);
#2372=FACE_OUTER_BOUND('',#2790,.T.);
#2373=FACE_OUTER_BOUND('',#2791,.T.);
#2374=FACE_OUTER_BOUND('',#2792,.T.);
#2375=FACE_OUTER_BOUND('',#2793,.T.);
#2376=FACE_OUTER_BOUND('',#2794,.T.);
#2377=FACE_OUTER_BOUND('',#2796,.T.);
#2378=FACE_OUTER_BOUND('',#2797,.T.);
#2379=FACE_OUTER_BOUND('',#2798,.T.);
#2380=FACE_OUTER_BOUND('',#2799,.T.);
#2381=FACE_OUTER_BOUND('',#2800,.T.);
#2382=FACE_OUTER_BOUND('',#2801,.T.);
#2383=FACE_OUTER_BOUND('',#2802,.T.);
#2384=FACE_OUTER_BOUND('',#2803,.T.);
#2385=FACE_OUTER_BOUND('',#2804,.T.);
#2386=FACE_OUTER_BOUND('',#2805,.T.);
#2387=FACE_OUTER_BOUND('',#2806,.T.);
#2388=FACE_OUTER_BOUND('',#2807,.T.);
#2389=FACE_OUTER_BOUND('',#2808,.T.);
#2390=FACE_OUTER_BOUND('',#2809,.T.);
#2391=FACE_OUTER_BOUND('',#2810,.T.);
#2392=FACE_OUTER_BOUND('',#2811,.T.);
#2393=FACE_OUTER_BOUND('',#2812,.T.);
#2394=FACE_OUTER_BOUND('',#2813,.T.);
#2395=FACE_OUTER_BOUND('',#2814,.T.);
#2396=FACE_OUTER_BOUND('',#2815,.T.);
#2397=FACE_OUTER_BOUND('',#2816,.T.);
#2398=FACE_OUTER_BOUND('',#2817,.T.);
#2399=FACE_OUTER_BOUND('',#2818,.T.);
#2400=FACE_OUTER_BOUND('',#2819,.T.);
#2401=FACE_OUTER_BOUND('',#2820,.T.);
#2402=FACE_OUTER_BOUND('',#2821,.T.);
#2403=FACE_OUTER_BOUND('',#2822,.T.);
#2404=FACE_OUTER_BOUND('',#2823,.T.);
#2405=FACE_OUTER_BOUND('',#2824,.T.);
#2406=FACE_OUTER_BOUND('',#2825,.T.);
#2407=FACE_OUTER_BOUND('',#2826,.T.);
#2408=FACE_OUTER_BOUND('',#2827,.T.);
#2409=FACE_OUTER_BOUND('',#2828,.T.);
#2410=FACE_OUTER_BOUND('',#2829,.T.);
#2411=FACE_OUTER_BOUND('',#2830,.T.);
#2412=FACE_OUTER_BOUND('',#2833,.T.);
#2413=FACE_OUTER_BOUND('',#2834,.T.);
#2414=FACE_OUTER_BOUND('',#2835,.T.);
#2415=FACE_OUTER_BOUND('',#2836,.T.);
#2416=FACE_OUTER_BOUND('',#2837,.T.);
#2417=FACE_OUTER_BOUND('',#2838,.T.);
#2418=FACE_OUTER_BOUND('',#2839,.T.);
#2419=FACE_OUTER_BOUND('',#2840,.T.);
#2420=FACE_OUTER_BOUND('',#2841,.T.);
#2421=FACE_OUTER_BOUND('',#2842,.T.);
#2422=FACE_OUTER_BOUND('',#2843,.T.);
#2423=FACE_OUTER_BOUND('',#2844,.T.);
#2424=FACE_OUTER_BOUND('',#2845,.T.);
#2425=FACE_OUTER_BOUND('',#2846,.T.);
#2426=FACE_OUTER_BOUND('',#2847,.T.);
#2427=FACE_OUTER_BOUND('',#2848,.T.);
#2428=FACE_OUTER_BOUND('',#2849,.T.);
#2429=FACE_OUTER_BOUND('',#2850,.T.);
#2430=FACE_OUTER_BOUND('',#2851,.T.);
#2431=FACE_OUTER_BOUND('',#2852,.T.);
#2432=FACE_OUTER_BOUND('',#2853,.T.);
#2433=FACE_OUTER_BOUND('',#2854,.T.);
#2434=FACE_OUTER_BOUND('',#2855,.T.);
#2435=FACE_OUTER_BOUND('',#2856,.T.);
#2436=FACE_OUTER_BOUND('',#2857,.T.);
#2437=FACE_OUTER_BOUND('',#2858,.T.);
#2438=FACE_OUTER_BOUND('',#2859,.T.);
#2439=FACE_OUTER_BOUND('',#2860,.T.);
#2440=FACE_OUTER_BOUND('',#2861,.T.);
#2441=FACE_OUTER_BOUND('',#2862,.T.);
#2442=FACE_OUTER_BOUND('',#2863,.T.);
#2443=FACE_OUTER_BOUND('',#2864,.T.);
#2444=FACE_OUTER_BOUND('',#2865,.T.);
#2445=FACE_OUTER_BOUND('',#2866,.T.);
#2446=FACE_OUTER_BOUND('',#2867,.T.);
#2447=FACE_OUTER_BOUND('',#2868,.T.);
#2448=FACE_OUTER_BOUND('',#2869,.T.);
#2449=FACE_OUTER_BOUND('',#2871,.T.);
#2450=FACE_OUTER_BOUND('',#2872,.T.);
#2451=FACE_OUTER_BOUND('',#2876,.T.);
#2452=FACE_OUTER_BOUND('',#2877,.T.);
#2453=FACE_OUTER_BOUND('',#2878,.T.);
#2454=FACE_OUTER_BOUND('',#2879,.T.);
#2455=FACE_OUTER_BOUND('',#2880,.T.);
#2456=FACE_OUTER_BOUND('',#2881,.T.);
#2457=FACE_OUTER_BOUND('',#2882,.T.);
#2458=FACE_OUTER_BOUND('',#2883,.T.);
#2459=FACE_OUTER_BOUND('',#2884,.T.);
#2460=FACE_OUTER_BOUND('',#2885,.T.);
#2461=FACE_OUTER_BOUND('',#2886,.T.);
#2462=FACE_OUTER_BOUND('',#2887,.T.);
#2463=FACE_OUTER_BOUND('',#2888,.T.);
#2464=FACE_OUTER_BOUND('',#2889,.T.);
#2465=FACE_OUTER_BOUND('',#2890,.T.);
#2466=FACE_OUTER_BOUND('',#2891,.T.);
#2467=FACE_OUTER_BOUND('',#2892,.T.);
#2468=FACE_OUTER_BOUND('',#2893,.T.);
#2469=FACE_OUTER_BOUND('',#2894,.T.);
#2470=FACE_OUTER_BOUND('',#2895,.T.);
#2471=FACE_OUTER_BOUND('',#2896,.T.);
#2472=FACE_OUTER_BOUND('',#2897,.T.);
#2473=FACE_OUTER_BOUND('',#2898,.T.);
#2474=FACE_OUTER_BOUND('',#2905,.T.);
#2475=FACE_OUTER_BOUND('',#2910,.T.);
#2476=FACE_OUTER_BOUND('',#2911,.T.);
#2477=FACE_OUTER_BOUND('',#2912,.T.);
#2478=FACE_OUTER_BOUND('',#2913,.T.);
#2479=FACE_OUTER_BOUND('',#2914,.T.);
#2480=FACE_OUTER_BOUND('',#2915,.T.);
#2481=FACE_OUTER_BOUND('',#2916,.T.);
#2482=FACE_OUTER_BOUND('',#2917,.T.);
#2483=FACE_OUTER_BOUND('',#2918,.T.);
#2484=FACE_OUTER_BOUND('',#2919,.T.);
#2485=FACE_OUTER_BOUND('',#2920,.T.);
#2486=FACE_OUTER_BOUND('',#2921,.T.);
#2487=FACE_OUTER_BOUND('',#2922,.T.);
#2488=FACE_OUTER_BOUND('',#2923,.T.);
#2489=FACE_OUTER_BOUND('',#2924,.T.);
#2490=FACE_OUTER_BOUND('',#2925,.T.);
#2491=FACE_OUTER_BOUND('',#2926,.T.);
#2492=FACE_OUTER_BOUND('',#2927,.T.);
#2493=FACE_OUTER_BOUND('',#2935,.T.);
#2494=FACE_OUTER_BOUND('',#2936,.T.);
#2495=FACE_OUTER_BOUND('',#2937,.T.);
#2496=FACE_OUTER_BOUND('',#2938,.T.);
#2497=FACE_OUTER_BOUND('',#2939,.T.);
#2498=FACE_OUTER_BOUND('',#2940,.T.);
#2499=FACE_OUTER_BOUND('',#2941,.T.);
#2500=FACE_OUTER_BOUND('',#2942,.T.);
#2501=FACE_OUTER_BOUND('',#2943,.T.);
#2502=FACE_OUTER_BOUND('',#2944,.T.);
#2503=FACE_OUTER_BOUND('',#2945,.T.);
#2504=FACE_OUTER_BOUND('',#2946,.T.);
#2505=FACE_OUTER_BOUND('',#2947,.T.);
#2506=FACE_OUTER_BOUND('',#2948,.T.);
#2507=FACE_OUTER_BOUND('',#2950,.T.);
#2508=FACE_OUTER_BOUND('',#2952,.T.);
#2509=FACE_OUTER_BOUND('',#2954,.T.);
#2510=FACE_OUTER_BOUND('',#2956,.T.);
#2511=FACE_OUTER_BOUND('',#2957,.T.);
#2512=FACE_OUTER_BOUND('',#2958,.T.);
#2513=FACE_OUTER_BOUND('',#2959,.T.);
#2514=FACE_OUTER_BOUND('',#2960,.T.);
#2515=FACE_OUTER_BOUND('',#2961,.T.);
#2516=FACE_OUTER_BOUND('',#2969,.T.);
#2517=EDGE_LOOP('',(#4866,#4867,#4868,#4869));
#2518=EDGE_LOOP('',(#4870,#4871,#4872,#4873));
#2519=EDGE_LOOP('',(#4874,#4875,#4876,#4877));
#2520=EDGE_LOOP('',(#4878,#4879,#4880,#4881));
#2521=EDGE_LOOP('',(#4882,#4883,#4884,#4885));
#2522=EDGE_LOOP('',(#4886,#4887,#4888,#4889));
#2523=EDGE_LOOP('',(#4890,#4891,#4892,#4893));
#2524=EDGE_LOOP('',(#4894,#4895,#4896,#4897));
#2525=EDGE_LOOP('',(#4898,#4899,#4900,#4901,#4902,#4903,#4904,#4905));
#2526=EDGE_LOOP('',(#4906,#4907,#4908,#4909,#4910,#4911,#4912,#4913,#4914,
#4915,#4916,#4917,#4918,#4919));
#2527=EDGE_LOOP('',(#4920,#4921,#4922,#4923,#4924,#4925,#4926,#4927,#4928,
#4929,#4930,#4931,#4932,#4933,#4934,#4935));
#2528=EDGE_LOOP('',(#4936,#4937,#4938,#4939,#4940,#4941,#4942,#4943,#4944,
#4945,#4946,#4947,#4948,#4949,#4950,#4951));
#2529=EDGE_LOOP('',(#4952,#4953,#4954,#4955));
#2530=EDGE_LOOP('',(#4956,#4957,#4958,#4959,#4960,#4961,#4962,#4963,#4964,
#4965,#4966,#4967,#4968,#4969,#4970,#4971,#4972,#4973,#4974,#4975,#4976,
#4977,#4978));
#2531=EDGE_LOOP('',(#4979,#4980,#4981,#4982,#4983,#4984,#4985,#4986,#4987));
#2532=EDGE_LOOP('',(#4988,#4989,#4990,#4991,#4992,#4993,#4994,#4995,#4996,
#4997,#4998,#4999,#5000));
#2533=EDGE_LOOP('',(#5001,#5002,#5003,#5004));
#2534=EDGE_LOOP('',(#5005,#5006,#5007,#5008,#5009,#5010,#5011,#5012,#5013,
#5014));
#2535=EDGE_LOOP('',(#5015,#5016,#5017,#5018,#5019,#5020,#5021,#5022,#5023,
#5024,#5025,#5026,#5027,#5028,#5029,#5030,#5031,#5032,#5033,#5034,#5035,
#5036,#5037,#5038,#5039,#5040,#5041,#5042,#5043,#5044,#5045,#5046,#5047,
#5048,#5049,#5050,#5051,#5052,#5053,#5054,#5055));
#2536=EDGE_LOOP('',(#5056,#5057,#5058,#5059,#5060,#5061,#5062,#5063,#5064));
#2537=EDGE_LOOP('',(#5065,#5066,#5067,#5068,#5069,#5070,#5071,#5072,#5073,
#5074,#5075,#5076,#5077,#5078));
#2538=EDGE_LOOP('',(#5079,#5080,#5081,#5082));
#2539=EDGE_LOOP('',(#5083,#5084,#5085,#5086,#5087,#5088,#5089,#5090,#5091,
#5092,#5093,#5094,#5095,#5096,#5097,#5098,#5099,#5100,#5101,#5102,#5103,
#5104,#5105));
#2540=EDGE_LOOP('',(#5106,#5107,#5108,#5109,#5110,#5111,#5112,#5113,#5114,
#5115,#5116));
#2541=EDGE_LOOP('',(#5117,#5118,#5119,#5120,#5121,#5122,#5123,#5124,#5125,
#5126,#5127,#5128,#5129,#5130,#5131));
#2542=EDGE_LOOP('',(#5132,#5133,#5134,#5135));
#2543=EDGE_LOOP('',(#5136,#5137,#5138,#5139));
#2544=EDGE_LOOP('',(#5140,#5141,#5142,#5143));
#2545=EDGE_LOOP('',(#5144,#5145,#5146,#5147));
#2546=EDGE_LOOP('',(#5148,#5149,#5150,#5151));
#2547=EDGE_LOOP('',(#5152,#5153,#5154,#5155));
#2548=EDGE_LOOP('',(#5156,#5157,#5158,#5159));
#2549=EDGE_LOOP('',(#5160,#5161,#5162,#5163));
#2550=EDGE_LOOP('',(#5164,#5165,#5166,#5167));
#2551=EDGE_LOOP('',(#5168,#5169,#5170,#5171));
#2552=EDGE_LOOP('',(#5172,#5173,#5174,#5175));
#2553=EDGE_LOOP('',(#5176,#5177,#5178,#5179));
#2554=EDGE_LOOP('',(#5180,#5181,#5182,#5183));
#2555=EDGE_LOOP('',(#5184,#5185,#5186,#5187));
#2556=EDGE_LOOP('',(#5188,#5189,#5190,#5191));
#2557=EDGE_LOOP('',(#5192,#5193,#5194,#5195));
#2558=EDGE_LOOP('',(#5196,#5197,#5198,#5199));
#2559=EDGE_LOOP('',(#5200,#5201,#5202,#5203));
#2560=EDGE_LOOP('',(#5204,#5205,#5206,#5207));
#2561=EDGE_LOOP('',(#5208,#5209,#5210,#5211));
#2562=EDGE_LOOP('',(#5212,#5213,#5214,#5215));
#2563=EDGE_LOOP('',(#5216,#5217,#5218,#5219));
#2564=EDGE_LOOP('',(#5220,#5221,#5222,#5223));
#2565=EDGE_LOOP('',(#5224,#5225,#5226,#5227));
#2566=EDGE_LOOP('',(#5228,#5229,#5230,#5231));
#2567=EDGE_LOOP('',(#5232,#5233,#5234,#5235));
#2568=EDGE_LOOP('',(#5236,#5237,#5238,#5239));
#2569=EDGE_LOOP('',(#5240,#5241,#5242,#5243));
#2570=EDGE_LOOP('',(#5244,#5245,#5246,#5247));
#2571=EDGE_LOOP('',(#5248,#5249,#5250,#5251));
#2572=EDGE_LOOP('',(#5252,#5253,#5254,#5255));
#2573=EDGE_LOOP('',(#5256,#5257,#5258,#5259));
#2574=EDGE_LOOP('',(#5260,#5261,#5262,#5263));
#2575=EDGE_LOOP('',(#5264,#5265,#5266,#5267,#5268,#5269,#5270,#5271,#5272,
#5273,#5274,#5275,#5276,#5277));
#2576=EDGE_LOOP('',(#5278,#5279,#5280,#5281,#5282,#5283,#5284,#5285,#5286,
#5287));
#2577=EDGE_LOOP('',(#5288,#5289,#5290,#5291,#5292,#5293,#5294,#5295,#5296));
#2578=EDGE_LOOP('',(#5297,#5298,#5299,#5300,#5301,#5302,#5303,#5304,#5305,
#5306));
#2579=EDGE_LOOP('',(#5307,#5308,#5309,#5310));
#2580=EDGE_LOOP('',(#5311,#5312,#5313,#5314));
#2581=EDGE_LOOP('',(#5315,#5316,#5317,#5318));
#2582=EDGE_LOOP('',(#5319,#5320,#5321,#5322));
#2583=EDGE_LOOP('',(#5323,#5324,#5325,#5326));
#2584=EDGE_LOOP('',(#5327,#5328,#5329,#5330));
#2585=EDGE_LOOP('',(#5331,#5332,#5333,#5334));
#2586=EDGE_LOOP('',(#5335,#5336,#5337,#5338));
#2587=EDGE_LOOP('',(#5339,#5340,#5341,#5342));
#2588=EDGE_LOOP('',(#5343,#5344,#5345,#5346));
#2589=EDGE_LOOP('',(#5347,#5348,#5349,#5350));
#2590=EDGE_LOOP('',(#5351,#5352,#5353,#5354));
#2591=EDGE_LOOP('',(#5355,#5356,#5357,#5358));
#2592=EDGE_LOOP('',(#5359,#5360,#5361,#5362));
#2593=EDGE_LOOP('',(#5363,#5364,#5365,#5366));
#2594=EDGE_LOOP('',(#5367,#5368,#5369,#5370));
#2595=EDGE_LOOP('',(#5371,#5372,#5373,#5374,#5375,#5376,#5377,#5378,#5379,
#5380,#5381,#5382,#5383,#5384,#5385,#5386));
#2596=EDGE_LOOP('',(#5387,#5388,#5389,#5390));
#2597=EDGE_LOOP('',(#5391,#5392,#5393,#5394));
#2598=EDGE_LOOP('',(#5395,#5396,#5397,#5398));
#2599=EDGE_LOOP('',(#5399,#5400,#5401,#5402));
#2600=EDGE_LOOP('',(#5403,#5404,#5405,#5406));
#2601=EDGE_LOOP('',(#5407,#5408,#5409,#5410));
#2602=EDGE_LOOP('',(#5411,#5412,#5413,#5414));
#2603=EDGE_LOOP('',(#5415,#5416,#5417,#5418));
#2604=EDGE_LOOP('',(#5419,#5420,#5421,#5422));
#2605=EDGE_LOOP('',(#5423,#5424,#5425,#5426));
#2606=EDGE_LOOP('',(#5427,#5428,#5429,#5430));
#2607=EDGE_LOOP('',(#5431,#5432,#5433,#5434));
#2608=EDGE_LOOP('',(#5435,#5436,#5437,#5438));
#2609=EDGE_LOOP('',(#5439,#5440,#5441,#5442));
#2610=EDGE_LOOP('',(#5443,#5444,#5445,#5446));
#2611=EDGE_LOOP('',(#5447,#5448,#5449,#5450));
#2612=EDGE_LOOP('',(#5451,#5452,#5453,#5454,#5455,#5456,#5457,#5458,#5459,
#5460,#5461,#5462,#5463,#5464,#5465,#5466));
#2613=EDGE_LOOP('',(#5467,#5468,#5469,#5470));
#2614=EDGE_LOOP('',(#5471,#5472,#5473,#5474));
#2615=EDGE_LOOP('',(#5475,#5476,#5477,#5478));
#2616=EDGE_LOOP('',(#5479,#5480,#5481,#5482));
#2617=EDGE_LOOP('',(#5483,#5484,#5485,#5486));
#2618=EDGE_LOOP('',(#5487,#5488,#5489,#5490));
#2619=EDGE_LOOP('',(#5491,#5492,#5493,#5494));
#2620=EDGE_LOOP('',(#5495,#5496,#5497,#5498));
#2621=EDGE_LOOP('',(#5499,#5500,#5501,#5502));
#2622=EDGE_LOOP('',(#5503,#5504,#5505,#5506));
#2623=EDGE_LOOP('',(#5507,#5508,#5509,#5510));
#2624=EDGE_LOOP('',(#5511,#5512,#5513,#5514));
#2625=EDGE_LOOP('',(#5515,#5516,#5517,#5518));
#2626=EDGE_LOOP('',(#5519,#5520,#5521,#5522));
#2627=EDGE_LOOP('',(#5523,#5524,#5525,#5526));
#2628=EDGE_LOOP('',(#5527,#5528,#5529,#5530));
#2629=EDGE_LOOP('',(#5531,#5532,#5533,#5534));
#2630=EDGE_LOOP('',(#5535,#5536,#5537,#5538));
#2631=EDGE_LOOP('',(#5539,#5540,#5541,#5542));
#2632=EDGE_LOOP('',(#5543,#5544,#5545,#5546));
#2633=EDGE_LOOP('',(#5547,#5548,#5549,#5550));
#2634=EDGE_LOOP('',(#5551,#5552,#5553,#5554));
#2635=EDGE_LOOP('',(#5555,#5556,#5557,#5558));
#2636=EDGE_LOOP('',(#5559,#5560,#5561,#5562));
#2637=EDGE_LOOP('',(#5563,#5564,#5565,#5566));
#2638=EDGE_LOOP('',(#5567,#5568,#5569,#5570));
#2639=EDGE_LOOP('',(#5571,#5572,#5573,#5574));
#2640=EDGE_LOOP('',(#5575,#5576,#5577,#5578));
#2641=EDGE_LOOP('',(#5579,#5580,#5581,#5582,#5583,#5584,#5585,#5586,#5587,
#5588,#5589,#5590,#5591,#5592,#5593,#5594,#5595,#5596,#5597,#5598,#5599,
#5600,#5601));
#2642=EDGE_LOOP('',(#5602,#5603,#5604,#5605));
#2643=EDGE_LOOP('',(#5606,#5607,#5608,#5609));
#2644=EDGE_LOOP('',(#5610,#5611,#5612,#5613));
#2645=EDGE_LOOP('',(#5614,#5615,#5616,#5617));
#2646=EDGE_LOOP('',(#5618,#5619,#5620,#5621));
#2647=EDGE_LOOP('',(#5622,#5623,#5624,#5625));
#2648=EDGE_LOOP('',(#5626,#5627,#5628,#5629));
#2649=EDGE_LOOP('',(#5630,#5631,#5632,#5633));
#2650=EDGE_LOOP('',(#5634,#5635,#5636,#5637));
#2651=EDGE_LOOP('',(#5638,#5639,#5640,#5641));
#2652=EDGE_LOOP('',(#5642,#5643,#5644,#5645));
#2653=EDGE_LOOP('',(#5646,#5647,#5648,#5649));
#2654=EDGE_LOOP('',(#5650,#5651,#5652,#5653));
#2655=EDGE_LOOP('',(#5654,#5655,#5656,#5657));
#2656=EDGE_LOOP('',(#5658,#5659,#5660,#5661));
#2657=EDGE_LOOP('',(#5662,#5663,#5664,#5665));
#2658=EDGE_LOOP('',(#5666,#5667,#5668,#5669));
#2659=EDGE_LOOP('',(#5670,#5671,#5672,#5673));
#2660=EDGE_LOOP('',(#5674,#5675,#5676,#5677));
#2661=EDGE_LOOP('',(#5678,#5679,#5680,#5681));
#2662=EDGE_LOOP('',(#5682,#5683,#5684,#5685,#5686,#5687,#5688,#5689,#5690,
#5691,#5692,#5693,#5694,#5695,#5696));
#2663=EDGE_LOOP('',(#5697,#5698,#5699,#5700,#5701));
#2664=EDGE_LOOP('',(#5702,#5703,#5704,#5705,#5706,#5707,#5708,#5709,#5710));
#2665=EDGE_LOOP('',(#5711,#5712,#5713,#5714));
#2666=EDGE_LOOP('',(#5715,#5716,#5717,#5718));
#2667=EDGE_LOOP('',(#5719,#5720,#5721,#5722));
#2668=EDGE_LOOP('',(#5723,#5724,#5725,#5726));
#2669=EDGE_LOOP('',(#5727,#5728,#5729,#5730));
#2670=EDGE_LOOP('',(#5731,#5732,#5733,#5734));
#2671=EDGE_LOOP('',(#5735,#5736,#5737,#5738));
#2672=EDGE_LOOP('',(#5739,#5740,#5741,#5742));
#2673=EDGE_LOOP('',(#5743,#5744,#5745,#5746));
#2674=EDGE_LOOP('',(#5747,#5748,#5749,#5750));
#2675=EDGE_LOOP('',(#5751,#5752,#5753,#5754));
#2676=EDGE_LOOP('',(#5755,#5756,#5757,#5758));
#2677=EDGE_LOOP('',(#5759,#5760,#5761,#5762));
#2678=EDGE_LOOP('',(#5763,#5764,#5765,#5766));
#2679=EDGE_LOOP('',(#5767,#5768,#5769,#5770));
#2680=EDGE_LOOP('',(#5771,#5772,#5773,#5774));
#2681=EDGE_LOOP('',(#5775,#5776,#5777,#5778,#5779,#5780,#5781,#5782,#5783));
#2682=EDGE_LOOP('',(#5784,#5785,#5786,#5787,#5788,#5789,#5790));
#2683=EDGE_LOOP('',(#5791,#5792,#5793,#5794,#5795));
#2684=EDGE_LOOP('',(#5796,#5797,#5798,#5799));
#2685=EDGE_LOOP('',(#5800,#5801,#5802,#5803));
#2686=EDGE_LOOP('',(#5804,#5805,#5806,#5807));
#2687=EDGE_LOOP('',(#5808,#5809,#5810,#5811));
#2688=EDGE_LOOP('',(#5812,#5813,#5814,#5815));
#2689=EDGE_LOOP('',(#5816,#5817,#5818,#5819));
#2690=EDGE_LOOP('',(#5820,#5821,#5822,#5823));
#2691=EDGE_LOOP('',(#5824,#5825,#5826,#5827));
#2692=EDGE_LOOP('',(#5828,#5829,#5830,#5831));
#2693=EDGE_LOOP('',(#5832,#5833,#5834,#5835));
#2694=EDGE_LOOP('',(#5836,#5837,#5838,#5839));
#2695=EDGE_LOOP('',(#5840,#5841,#5842,#5843));
#2696=EDGE_LOOP('',(#5844,#5845,#5846,#5847));
#2697=EDGE_LOOP('',(#5848,#5849,#5850,#5851,#5852,#5853,#5854,#5855,#5856,
#5857,#5858,#5859,#5860));
#2698=EDGE_LOOP('',(#5861,#5862,#5863,#5864));
#2699=EDGE_LOOP('',(#5865,#5866,#5867,#5868));
#2700=EDGE_LOOP('',(#5869,#5870,#5871,#5872));
#2701=EDGE_LOOP('',(#5873,#5874,#5875,#5876));
#2702=EDGE_LOOP('',(#5877,#5878,#5879,#5880));
#2703=EDGE_LOOP('',(#5881,#5882,#5883,#5884));
#2704=EDGE_LOOP('',(#5885,#5886,#5887,#5888));
#2705=EDGE_LOOP('',(#5889,#5890,#5891,#5892));
#2706=EDGE_LOOP('',(#5893,#5894,#5895,#5896));
#2707=EDGE_LOOP('',(#5897,#5898,#5899,#5900));
#2708=EDGE_LOOP('',(#5901,#5902,#5903,#5904));
#2709=EDGE_LOOP('',(#5905,#5906,#5907,#5908));
#2710=EDGE_LOOP('',(#5909,#5910,#5911,#5912));
#2711=EDGE_LOOP('',(#5913,#5914,#5915,#5916));
#2712=EDGE_LOOP('',(#5917,#5918,#5919,#5920));
#2713=EDGE_LOOP('',(#5921,#5922,#5923,#5924,#5925,#5926,#5927,#5928,#5929,
#5930));
#2714=EDGE_LOOP('',(#5931,#5932,#5933,#5934));
#2715=EDGE_LOOP('',(#5935,#5936,#5937,#5938));
#2716=EDGE_LOOP('',(#5939,#5940,#5941,#5942));
#2717=EDGE_LOOP('',(#5943,#5944,#5945,#5946));
#2718=EDGE_LOOP('',(#5947,#5948,#5949,#5950));
#2719=EDGE_LOOP('',(#5951,#5952,#5953,#5954));
#2720=EDGE_LOOP('',(#5955,#5956,#5957,#5958));
#2721=EDGE_LOOP('',(#5959,#5960,#5961,#5962));
#2722=EDGE_LOOP('',(#5963,#5964,#5965,#5966));
#2723=EDGE_LOOP('',(#5967,#5968,#5969,#5970));
#2724=EDGE_LOOP('',(#5971,#5972,#5973,#5974));
#2725=EDGE_LOOP('',(#5975,#5976,#5977,#5978));
#2726=EDGE_LOOP('',(#5979,#5980,#5981,#5982));
#2727=EDGE_LOOP('',(#5983,#5984,#5985,#5986));
#2728=EDGE_LOOP('',(#5987,#5988,#5989,#5990));
#2729=EDGE_LOOP('',(#5991,#5992,#5993,#5994));
#2730=EDGE_LOOP('',(#5995,#5996,#5997,#5998));
#2731=EDGE_LOOP('',(#5999,#6000,#6001,#6002));
#2732=EDGE_LOOP('',(#6003,#6004,#6005,#6006));
#2733=EDGE_LOOP('',(#6007,#6008,#6009,#6010));
#2734=EDGE_LOOP('',(#6011,#6012,#6013,#6014));
#2735=EDGE_LOOP('',(#6015,#6016,#6017,#6018));
#2736=EDGE_LOOP('',(#6019,#6020,#6021,#6022));
#2737=EDGE_LOOP('',(#6023,#6024,#6025,#6026));
#2738=EDGE_LOOP('',(#6027,#6028,#6029,#6030));
#2739=EDGE_LOOP('',(#6031,#6032,#6033,#6034));
#2740=EDGE_LOOP('',(#6035,#6036,#6037,#6038));
#2741=EDGE_LOOP('',(#6039,#6040,#6041,#6042));
#2742=EDGE_LOOP('',(#6043,#6044,#6045,#6046));
#2743=EDGE_LOOP('',(#6047,#6048,#6049,#6050));
#2744=EDGE_LOOP('',(#6051,#6052,#6053,#6054));
#2745=EDGE_LOOP('',(#6055,#6056,#6057,#6058));
#2746=EDGE_LOOP('',(#6059,#6060,#6061,#6062));
#2747=EDGE_LOOP('',(#6063,#6064,#6065,#6066));
#2748=EDGE_LOOP('',(#6067,#6068,#6069,#6070));
#2749=EDGE_LOOP('',(#6071,#6072,#6073,#6074));
#2750=EDGE_LOOP('',(#6075,#6076,#6077,#6078));
#2751=EDGE_LOOP('',(#6079,#6080,#6081,#6082));
#2752=EDGE_LOOP('',(#6083,#6084,#6085,#6086));
#2753=EDGE_LOOP('',(#6087,#6088,#6089,#6090));
#2754=EDGE_LOOP('',(#6091,#6092,#6093,#6094));
#2755=EDGE_LOOP('',(#6095,#6096,#6097,#6098,#6099,#6100,#6101,#6102,#6103,
#6104,#6105,#6106,#6107,#6108,#6109,#6110,#6111,#6112,#6113,#6114,#6115,
#6116,#6117,#6118,#6119,#6120,#6121,#6122,#6123,#6124,#6125,#6126,#6127,
#6128,#6129,#6130,#6131,#6132,#6133,#6134,#6135));
#2756=EDGE_LOOP('',(#6136,#6137,#6138,#6139));
#2757=EDGE_LOOP('',(#6140,#6141,#6142,#6143));
#2758=EDGE_LOOP('',(#6144,#6145,#6146,#6147));
#2759=EDGE_LOOP('',(#6148,#6149,#6150,#6151));
#2760=EDGE_LOOP('',(#6152,#6153,#6154,#6155));
#2761=EDGE_LOOP('',(#6156,#6157,#6158,#6159));
#2762=EDGE_LOOP('',(#6160,#6161,#6162,#6163));
#2763=EDGE_LOOP('',(#6164,#6165,#6166,#6167));
#2764=EDGE_LOOP('',(#6168,#6169,#6170,#6171));
#2765=EDGE_LOOP('',(#6172,#6173,#6174,#6175));
#2766=EDGE_LOOP('',(#6176,#6177,#6178,#6179));
#2767=EDGE_LOOP('',(#6180,#6181,#6182,#6183));
#2768=EDGE_LOOP('',(#6184,#6185,#6186,#6187));
#2769=EDGE_LOOP('',(#6188,#6189,#6190,#6191));
#2770=EDGE_LOOP('',(#6192,#6193,#6194,#6195));
#2771=EDGE_LOOP('',(#6196,#6197,#6198,#6199));
#2772=EDGE_LOOP('',(#6200,#6201,#6202,#6203));
#2773=EDGE_LOOP('',(#6204,#6205,#6206,#6207));
#2774=EDGE_LOOP('',(#6208,#6209,#6210,#6211));
#2775=EDGE_LOOP('',(#6212,#6213,#6214,#6215,#6216,#6217,#6218,#6219,#6220,
#6221,#6222));
#2776=EDGE_LOOP('',(#6223,#6224,#6225,#6226,#6227,#6228,#6229,#6230));
#2777=EDGE_LOOP('',(#6231,#6232,#6233,#6234,#6235,#6236,#6237));
#2778=EDGE_LOOP('',(#6238,#6239,#6240,#6241));
#2779=EDGE_LOOP('',(#6242,#6243,#6244,#6245));
#2780=EDGE_LOOP('',(#6246,#6247,#6248,#6249));
#2781=EDGE_LOOP('',(#6250,#6251,#6252,#6253));
#2782=EDGE_LOOP('',(#6254,#6255,#6256,#6257));
#2783=EDGE_LOOP('',(#6258,#6259,#6260,#6261));
#2784=EDGE_LOOP('',(#6262,#6263,#6264,#6265));
#2785=EDGE_LOOP('',(#6266,#6267,#6268,#6269));
#2786=EDGE_LOOP('',(#6270,#6271,#6272,#6273));
#2787=EDGE_LOOP('',(#6274,#6275,#6276,#6277));
#2788=EDGE_LOOP('',(#6278,#6279,#6280,#6281));
#2789=EDGE_LOOP('',(#6282,#6283,#6284,#6285));
#2790=EDGE_LOOP('',(#6286,#6287,#6288,#6289));
#2791=EDGE_LOOP('',(#6290,#6291,#6292,#6293));
#2792=EDGE_LOOP('',(#6294,#6295,#6296,#6297));
#2793=EDGE_LOOP('',(#6298,#6299,#6300,#6301));
#2794=EDGE_LOOP('',(#6302,#6303,#6304,#6305,#6306,#6307,#6308,#6309,#6310));
#2795=EDGE_LOOP('',(#6311,#6312,#6313,#6314,#6315,#6316,#6317));
#2796=EDGE_LOOP('',(#6318,#6319,#6320,#6321,#6322,#6323,#6324,#6325));
#2797=EDGE_LOOP('',(#6326,#6327,#6328,#6329));
#2798=EDGE_LOOP('',(#6330,#6331,#6332,#6333));
#2799=EDGE_LOOP('',(#6334,#6335,#6336,#6337));
#2800=EDGE_LOOP('',(#6338,#6339,#6340,#6341));
#2801=EDGE_LOOP('',(#6342,#6343,#6344,#6345));
#2802=EDGE_LOOP('',(#6346,#6347,#6348,#6349));
#2803=EDGE_LOOP('',(#6350,#6351,#6352,#6353));
#2804=EDGE_LOOP('',(#6354,#6355,#6356,#6357));
#2805=EDGE_LOOP('',(#6358,#6359,#6360,#6361));
#2806=EDGE_LOOP('',(#6362,#6363,#6364,#6365));
#2807=EDGE_LOOP('',(#6366,#6367,#6368,#6369));
#2808=EDGE_LOOP('',(#6370,#6371,#6372,#6373));
#2809=EDGE_LOOP('',(#6374,#6375,#6376,#6377));
#2810=EDGE_LOOP('',(#6378,#6379,#6380,#6381));
#2811=EDGE_LOOP('',(#6382,#6383,#6384,#6385));
#2812=EDGE_LOOP('',(#6386,#6387,#6388,#6389));
#2813=EDGE_LOOP('',(#6390,#6391,#6392,#6393));
#2814=EDGE_LOOP('',(#6394,#6395,#6396,#6397));
#2815=EDGE_LOOP('',(#6398,#6399,#6400,#6401));
#2816=EDGE_LOOP('',(#6402,#6403,#6404,#6405));
#2817=EDGE_LOOP('',(#6406,#6407,#6408,#6409));
#2818=EDGE_LOOP('',(#6410,#6411,#6412,#6413));
#2819=EDGE_LOOP('',(#6414,#6415,#6416,#6417));
#2820=EDGE_LOOP('',(#6418,#6419,#6420,#6421));
#2821=EDGE_LOOP('',(#6422,#6423,#6424,#6425));
#2822=EDGE_LOOP('',(#6426,#6427,#6428,#6429));
#2823=EDGE_LOOP('',(#6430,#6431,#6432,#6433));
#2824=EDGE_LOOP('',(#6434,#6435,#6436,#6437));
#2825=EDGE_LOOP('',(#6438,#6439,#6440,#6441));
#2826=EDGE_LOOP('',(#6442,#6443,#6444,#6445));
#2827=EDGE_LOOP('',(#6446,#6447,#6448,#6449));
#2828=EDGE_LOOP('',(#6450,#6451,#6452,#6453));
#2829=EDGE_LOOP('',(#6454,#6455,#6456,#6457));
#2830=EDGE_LOOP('',(#6458,#6459,#6460,#6461,#6462,#6463,#6464,#6465,#6466,
#6467,#6468,#6469,#6470,#6471));
#2831=EDGE_LOOP('',(#6472,#6473,#6474,#6475,#6476,#6477,#6478,#6479,#6480,
#6481));
#2832=EDGE_LOOP('',(#6482,#6483,#6484,#6485,#6486,#6487,#6488,#6489,#6490));
#2833=EDGE_LOOP('',(#6491,#6492,#6493,#6494,#6495,#6496,#6497));
#2834=EDGE_LOOP('',(#6498,#6499,#6500,#6501,#6502,#6503,#6504,#6505,#6506,
#6507));
#2835=EDGE_LOOP('',(#6508,#6509,#6510,#6511));
#2836=EDGE_LOOP('',(#6512,#6513,#6514,#6515));
#2837=EDGE_LOOP('',(#6516,#6517,#6518,#6519));
#2838=EDGE_LOOP('',(#6520,#6521,#6522,#6523));
#2839=EDGE_LOOP('',(#6524,#6525,#6526,#6527));
#2840=EDGE_LOOP('',(#6528,#6529,#6530,#6531));
#2841=EDGE_LOOP('',(#6532,#6533,#6534,#6535));
#2842=EDGE_LOOP('',(#6536,#6537,#6538,#6539));
#2843=EDGE_LOOP('',(#6540,#6541,#6542,#6543));
#2844=EDGE_LOOP('',(#6544,#6545,#6546,#6547));
#2845=EDGE_LOOP('',(#6548,#6549,#6550,#6551));
#2846=EDGE_LOOP('',(#6552,#6553,#6554,#6555));
#2847=EDGE_LOOP('',(#6556,#6557,#6558,#6559));
#2848=EDGE_LOOP('',(#6560,#6561,#6562,#6563));
#2849=EDGE_LOOP('',(#6564,#6565,#6566,#6567));
#2850=EDGE_LOOP('',(#6568,#6569,#6570,#6571));
#2851=EDGE_LOOP('',(#6572,#6573,#6574,#6575));
#2852=EDGE_LOOP('',(#6576,#6577,#6578,#6579));
#2853=EDGE_LOOP('',(#6580,#6581,#6582,#6583));
#2854=EDGE_LOOP('',(#6584,#6585,#6586,#6587));
#2855=EDGE_LOOP('',(#6588,#6589,#6590,#6591));
#2856=EDGE_LOOP('',(#6592,#6593,#6594,#6595));
#2857=EDGE_LOOP('',(#6596,#6597,#6598,#6599));
#2858=EDGE_LOOP('',(#6600,#6601,#6602,#6603));
#2859=EDGE_LOOP('',(#6604,#6605,#6606,#6607));
#2860=EDGE_LOOP('',(#6608,#6609,#6610,#6611));
#2861=EDGE_LOOP('',(#6612,#6613,#6614,#6615));
#2862=EDGE_LOOP('',(#6616,#6617,#6618,#6619));
#2863=EDGE_LOOP('',(#6620,#6621,#6622,#6623,#6624,#6625,#6626,#6627,#6628,
#6629,#6630,#6631,#6632,#6633,#6634,#6635,#6636,#6637,#6638,#6639,#6640,
#6641,#6642));
#2864=EDGE_LOOP('',(#6643,#6644,#6645,#6646));
#2865=EDGE_LOOP('',(#6647,#6648,#6649,#6650,#6651));
#2866=EDGE_LOOP('',(#6652,#6653,#6654,#6655));
#2867=EDGE_LOOP('',(#6656,#6657,#6658,#6659));
#2868=EDGE_LOOP('',(#6660,#6661,#6662,#6663,#6664,#6665));
#2869=EDGE_LOOP('',(#6666,#6667,#6668,#6669,#6670,#6671,#6672,#6673));
#2870=EDGE_LOOP('',(#6674));
#2871=EDGE_LOOP('',(#6675,#6676,#6677,#6678,#6679));
#2872=EDGE_LOOP('',(#6680,#6681,#6682,#6683,#6684,#6685,#6686,#6687,#6688,
#6689,#6690,#6691));
#2873=EDGE_LOOP('',(#6692));
#2874=EDGE_LOOP('',(#6693));
#2875=EDGE_LOOP('',(#6694));
#2876=EDGE_LOOP('',(#6695,#6696,#6697,#6698));
#2877=EDGE_LOOP('',(#6699,#6700,#6701,#6702,#6703,#6704,#6705));
#2878=EDGE_LOOP('',(#6706,#6707,#6708,#6709,#6710,#6711,#6712,#6713,#6714));
#2879=EDGE_LOOP('',(#6715,#6716,#6717,#6718));
#2880=EDGE_LOOP('',(#6719,#6720,#6721,#6722));
#2881=EDGE_LOOP('',(#6723,#6724,#6725,#6726));
#2882=EDGE_LOOP('',(#6727,#6728,#6729,#6730));
#2883=EDGE_LOOP('',(#6731,#6732,#6733,#6734));
#2884=EDGE_LOOP('',(#6735,#6736,#6737,#6738));
#2885=EDGE_LOOP('',(#6739,#6740,#6741,#6742));
#2886=EDGE_LOOP('',(#6743,#6744,#6745,#6746));
#2887=EDGE_LOOP('',(#6747,#6748,#6749,#6750));
#2888=EDGE_LOOP('',(#6751));
#2889=EDGE_LOOP('',(#6752,#6753,#6754,#6755));
#2890=EDGE_LOOP('',(#6756,#6757,#6758,#6759));
#2891=EDGE_LOOP('',(#6760,#6761,#6762,#6763,#6764,#6765));
#2892=EDGE_LOOP('',(#6766,#6767,#6768,#6769));
#2893=EDGE_LOOP('',(#6770,#6771,#6772,#6773));
#2894=EDGE_LOOP('',(#6774,#6775,#6776,#6777));
#2895=EDGE_LOOP('',(#6778,#6779,#6780,#6781,#6782,#6783));
#2896=EDGE_LOOP('',(#6784,#6785,#6786,#6787));
#2897=EDGE_LOOP('',(#6788,#6789,#6790,#6791,#6792,#6793,#6794));
#2898=EDGE_LOOP('',(#6795,#6796,#6797,#6798));
#2899=EDGE_LOOP('',(#6799,#6800,#6801,#6802,#6803,#6804,#6805,#6806));
#2900=EDGE_LOOP('',(#6807));
#2901=EDGE_LOOP('',(#6808,#6809,#6810,#6811,#6812));
#2902=EDGE_LOOP('',(#6813,#6814,#6815,#6816));
#2903=EDGE_LOOP('',(#6817));
#2904=EDGE_LOOP('',(#6818));
#2905=EDGE_LOOP('',(#6819,#6820,#6821,#6822,#6823,#6824,#6825,#6826));
#2906=EDGE_LOOP('',(#6827));
#2907=EDGE_LOOP('',(#6828));
#2908=EDGE_LOOP('',(#6829));
#2909=EDGE_LOOP('',(#6830));
#2910=EDGE_LOOP('',(#6831,#6832,#6833,#6834));
#2911=EDGE_LOOP('',(#6835,#6836,#6837,#6838));
#2912=EDGE_LOOP('',(#6839,#6840,#6841,#6842));
#2913=EDGE_LOOP('',(#6843,#6844,#6845,#6846));
#2914=EDGE_LOOP('',(#6847,#6848,#6849,#6850));
#2915=EDGE_LOOP('',(#6851,#6852,#6853,#6854));
#2916=EDGE_LOOP('',(#6855,#6856,#6857,#6858));
#2917=EDGE_LOOP('',(#6859,#6860,#6861,#6862));
#2918=EDGE_LOOP('',(#6863,#6864,#6865,#6866));
#2919=EDGE_LOOP('',(#6867,#6868,#6869,#6870));
#2920=EDGE_LOOP('',(#6871,#6872,#6873,#6874));
#2921=EDGE_LOOP('',(#6875,#6876,#6877,#6878));
#2922=EDGE_LOOP('',(#6879,#6880,#6881,#6882));
#2923=EDGE_LOOP('',(#6883,#6884,#6885,#6886));
#2924=EDGE_LOOP('',(#6887,#6888,#6889,#6890));
#2925=EDGE_LOOP('',(#6891,#6892,#6893,#6894));
#2926=EDGE_LOOP('',(#6895,#6896,#6897,#6898));
#2927=EDGE_LOOP('',(#6899,#6900,#6901,#6902,#6903,#6904,#6905,#6906));
#2928=EDGE_LOOP('',(#6907));
#2929=EDGE_LOOP('',(#6908));
#2930=EDGE_LOOP('',(#6909));
#2931=EDGE_LOOP('',(#6910));
#2932=EDGE_LOOP('',(#6911));
#2933=EDGE_LOOP('',(#6912));
#2934=EDGE_LOOP('',(#6913));
#2935=EDGE_LOOP('',(#6914,#6915,#6916,#6917));
#2936=EDGE_LOOP('',(#6918,#6919,#6920,#6921));
#2937=EDGE_LOOP('',(#6922,#6923,#6924,#6925));
#2938=EDGE_LOOP('',(#6926,#6927,#6928,#6929));
#2939=EDGE_LOOP('',(#6930,#6931,#6932,#6933));
#2940=EDGE_LOOP('',(#6934,#6935,#6936,#6937));
#2941=EDGE_LOOP('',(#6938,#6939,#6940,#6941));
#2942=EDGE_LOOP('',(#6942,#6943,#6944,#6945));
#2943=EDGE_LOOP('',(#6946,#6947,#6948,#6949));
#2944=EDGE_LOOP('',(#6950,#6951,#6952,#6953));
#2945=EDGE_LOOP('',(#6954,#6955,#6956,#6957));
#2946=EDGE_LOOP('',(#6958,#6959,#6960,#6961));
#2947=EDGE_LOOP('',(#6962,#6963,#6964,#6965));
#2948=EDGE_LOOP('',(#6966));
#2949=EDGE_LOOP('',(#6967));
#2950=EDGE_LOOP('',(#6968));
#2951=EDGE_LOOP('',(#6969));
#2952=EDGE_LOOP('',(#6970));
#2953=EDGE_LOOP('',(#6971));
#2954=EDGE_LOOP('',(#6972));
#2955=EDGE_LOOP('',(#6973));
#2956=EDGE_LOOP('',(#6974,#6975,#6976,#6977));
#2957=EDGE_LOOP('',(#6978,#6979,#6980,#6981));
#2958=EDGE_LOOP('',(#6982,#6983,#6984,#6985));
#2959=EDGE_LOOP('',(#6986,#6987,#6988,#6989,#6990));
#2960=EDGE_LOOP('',(#6991,#6992,#6993,#6994,#6995,#6996));
#2961=EDGE_LOOP('',(#6997,#6998,#6999,#7000));
#2962=EDGE_LOOP('',(#7001,#7002,#7003,#7004,#7005,#7006,#7007,#7008));
#2963=EDGE_LOOP('',(#7009,#7010,#7011,#7012,#7013,#7014,#7015,#7016));
#2964=EDGE_LOOP('',(#7017));
#2965=EDGE_LOOP('',(#7018));
#2966=EDGE_LOOP('',(#7019));
#2967=EDGE_LOOP('',(#7020,#7021,#7022,#7023));
#2968=EDGE_LOOP('',(#7024,#7025,#7026,#7027,#7028));
#2969=EDGE_LOOP('',(#7029,#7030,#7031,#7032,#7033));
#2970=CIRCLE('',#7458,0.800000000000001);
#2971=CIRCLE('',#7459,3.);
#2972=CIRCLE('',#7460,0.800000000000001);
#2973=CIRCLE('',#7461,2.2);
#2974=CIRCLE('',#7463,0.800000000000001);
#2975=CIRCLE('',#7465,3.);
#2976=CIRCLE('',#7466,0.799999999999996);
#2977=CIRCLE('',#7467,2.2);
#2978=CIRCLE('',#7469,0.799999999999996);
#2979=CIRCLE('',#7471,3.);
#2980=CIRCLE('',#7472,0.799999999999996);
#2981=CIRCLE('',#7473,2.2);
#2982=CIRCLE('',#7475,0.800000000000001);
#2983=CIRCLE('',#7477,3.);
#2984=CIRCLE('',#7478,0.800000000000001);
#2985=CIRCLE('',#7479,2.2);
#2986=CIRCLE('',#7643,1.75);
#2987=CIRCLE('',#7644,1.75);
#2988=CIRCLE('',#7646,9.);
#2989=CIRCLE('',#7650,16.6);
#2990=CIRCLE('',#7651,16.6);
#2991=CIRCLE('',#7653,11.);
#2992=CIRCLE('',#7654,11.);
#2993=CIRCLE('',#7655,16.6);
#2994=CIRCLE('',#7657,9.);
#2995=CIRCLE('',#7659,16.6);
#2996=CIRCLE('',#7660,16.6);
#2997=CIRCLE('',#7661,11.);
#2998=CIRCLE('',#7662,11.);
#2999=CIRCLE('',#7663,0.999999999999996);
#3000=CIRCLE('',#7664,1.00000001490167);
#3001=CIRCLE('',#7665,1.00000001490167);
#3002=CIRCLE('',#7668,11.);
#3003=CIRCLE('',#7672,4.25000011920929);
#3004=CIRCLE('',#7673,4.25000011920929);
#3005=CIRCLE('',#7676,4.2500001192093);
#3006=CIRCLE('',#7677,4.2500001192093);
#3007=CIRCLE('',#7680,4.25000011920929);
#3008=CIRCLE('',#7681,4.25000011920929);
#3009=CIRCLE('',#7684,4.25000011920929);
#3010=CIRCLE('',#7685,4.25000011920929);
#3011=CIRCLE('',#7687,3.);
#3012=CIRCLE('',#7688,3.);
#3013=CIRCLE('',#7691,2.);
#3014=CIRCLE('',#7692,1.99999999999985);
#3015=CIRCLE('',#7694,2.);
#3016=CIRCLE('',#7695,8.99999999999999);
#3017=CIRCLE('',#7696,11.);
#3018=CIRCLE('',#7698,2.);
#3019=CIRCLE('',#7700,1.99999999999999);
#3020=CIRCLE('',#7701,8.99999999999999);
#3021=CIRCLE('',#7703,2.);
#3022=CIRCLE('',#7705,2.);
#3023=CIRCLE('',#7706,8.99999999999999);
#3024=CIRCLE('',#7708,2.);
#3025=CIRCLE('',#7710,8.99999999999999);
#3026=CIRCLE('',#7713,2.5);
#3027=CIRCLE('',#7714,2.5);
#3028=CIRCLE('',#7716,4.5);
#3029=CIRCLE('',#7717,4.5);
#3030=CIRCLE('',#7718,4.5);
#3031=CIRCLE('',#7719,4.5);
#3032=CIRCLE('',#7721,2.5);
#3033=CIRCLE('',#7722,2.);
#3034=CIRCLE('',#7724,2.5);
#3035=CIRCLE('',#7725,2.);
#3036=CIRCLE('',#7727,2.5);
#3037=CIRCLE('',#7728,2.);
#3038=CIRCLE('',#7730,2.5);
#3039=CIRCLE('',#7731,2.);
#3040=CIRCLE('',#7733,2.5);
#3041=CIRCLE('',#7735,2.5);
#3042=CIRCLE('',#7747,2.50000001490167);
#3043=CIRCLE('',#7748,1.00000001490167);
#3044=CIRCLE('',#7750,16.6);
#3045=CIRCLE('',#7751,16.6);
#3046=CIRCLE('',#7752,16.6);
#3047=CIRCLE('',#7753,2.5);
#3048=CIRCLE('',#7754,3.25);
#3049=CIRCLE('',#7755,3.25);
#3050=CIRCLE('',#7756,3.25);
#3051=CIRCLE('',#7757,3.25);
#3052=CIRCLE('',#7758,2.50000001490167);
#3053=CIRCLE('',#7761,0.999999999999996);
#3054=CIRCLE('',#7764,1.00000001490167);
#3055=CIRCLE('',#7767,1.25);
#3056=CIRCLE('',#7769,1.25);
#3057=CIRCLE('',#7771,1.25);
#3058=CIRCLE('',#7773,1.25);
#3059=CIRCLE('',#7775,1.25);
#3060=CIRCLE('',#7777,1.25);
#3061=CIRCLE('',#7779,1.25);
#3062=CIRCLE('',#7781,1.25);
#3063=VERTEX_POINT('',#9142);
#3064=VERTEX_POINT('',#9143);
#3065=VERTEX_POINT('',#9145);
#3066=VERTEX_POINT('',#9147);
#3067=VERTEX_POINT('',#9151);
#3068=VERTEX_POINT('',#9152);
#3069=VERTEX_POINT('',#9157);
#3070=VERTEX_POINT('',#9159);
#3071=VERTEX_POINT('',#9163);
#3072=VERTEX_POINT('',#9164);
#3073=VERTEX_POINT('',#9169);
#3074=VERTEX_POINT('',#9171);
#3075=VERTEX_POINT('',#9175);
#3076=VERTEX_POINT('',#9176);
#3077=VERTEX_POINT('',#9181);
#3078=VERTEX_POINT('',#9183);
#3079=VERTEX_POINT('',#9190);
#3080=VERTEX_POINT('',#9191);
#3081=VERTEX_POINT('',#9193);
#3082=VERTEX_POINT('',#9195);
#3083=VERTEX_POINT('',#9201);
#3084=VERTEX_POINT('',#9207);
#3085=VERTEX_POINT('',#9213);
#3086=VERTEX_POINT('',#9219);
#3087=VERTEX_POINT('',#9225);
#3088=VERTEX_POINT('',#9231);
#3089=VERTEX_POINT('',#9237);
#3090=VERTEX_POINT('',#9243);
#3091=VERTEX_POINT('',#9249);
#3092=VERTEX_POINT('',#9255);
#3093=VERTEX_POINT('',#9262);
#3094=VERTEX_POINT('',#9263);
#3095=VERTEX_POINT('',#9265);
#3096=VERTEX_POINT('',#9267);
#3097=VERTEX_POINT('',#9269);
#3098=VERTEX_POINT('',#9271);
#3099=VERTEX_POINT('',#9273);
#3100=VERTEX_POINT('',#9275);
#3101=VERTEX_POINT('',#9281);
#3102=VERTEX_POINT('',#9287);
#3103=VERTEX_POINT('',#9293);
#3104=VERTEX_POINT('',#9299);
#3105=VERTEX_POINT('',#9301);
#3106=VERTEX_POINT('',#9303);
#3107=VERTEX_POINT('',#9309);
#3108=VERTEX_POINT('',#9315);
#3109=VERTEX_POINT('',#9322);
#3110=VERTEX_POINT('',#9323);
#3111=VERTEX_POINT('',#9325);
#3112=VERTEX_POINT('',#9327);
#3113=VERTEX_POINT('',#9329);
#3114=VERTEX_POINT('',#9331);
#3115=VERTEX_POINT('',#9333);
#3116=VERTEX_POINT('',#9335);
#3117=VERTEX_POINT('',#9341);
#3118=VERTEX_POINT('',#9347);
#3119=VERTEX_POINT('',#9353);
#3120=VERTEX_POINT('',#9359);
#3121=VERTEX_POINT('',#9361);
#3122=VERTEX_POINT('',#9363);
#3123=VERTEX_POINT('',#9369);
#3124=VERTEX_POINT('',#9375);
#3125=VERTEX_POINT('',#9382);
#3126=VERTEX_POINT('',#9383);
#3127=VERTEX_POINT('',#9385);
#3128=VERTEX_POINT('',#9387);
#3129=VERTEX_POINT('',#9390);
#3130=VERTEX_POINT('',#9391);
#3131=VERTEX_POINT('',#9393);
#3132=VERTEX_POINT('',#9395);
#3133=VERTEX_POINT('',#9401);
#3134=VERTEX_POINT('',#9407);
#3135=VERTEX_POINT('',#9413);
#3136=VERTEX_POINT('',#9419);
#3137=VERTEX_POINT('',#9425);
#3138=VERTEX_POINT('',#9427);
#3139=VERTEX_POINT('',#9429);
#3140=VERTEX_POINT('',#9431);
#3141=VERTEX_POINT('',#9437);
#3142=VERTEX_POINT('',#9443);
#3143=VERTEX_POINT('',#9449);
#3144=VERTEX_POINT('',#9455);
#3145=VERTEX_POINT('',#9461);
#3146=VERTEX_POINT('',#9463);
#3147=VERTEX_POINT('',#9465);
#3148=VERTEX_POINT('',#9467);
#3149=VERTEX_POINT('',#9473);
#3150=VERTEX_POINT('',#9479);
#3151=VERTEX_POINT('',#9481);
#3152=VERTEX_POINT('',#9484);
#3153=VERTEX_POINT('',#9485);
#3154=VERTEX_POINT('',#9487);
#3155=VERTEX_POINT('',#9489);
#3156=VERTEX_POINT('',#9491);
#3157=VERTEX_POINT('',#9497);
#3158=VERTEX_POINT('',#9503);
#3159=VERTEX_POINT('',#9509);
#3160=VERTEX_POINT('',#9515);
#3161=VERTEX_POINT('',#9518);
#3162=VERTEX_POINT('',#9519);
#3163=VERTEX_POINT('',#9521);
#3164=VERTEX_POINT('',#9523);
#3165=VERTEX_POINT('',#9525);
#3166=VERTEX_POINT('',#9527);
#3167=VERTEX_POINT('',#9529);
#3168=VERTEX_POINT('',#9531);
#3169=VERTEX_POINT('',#9533);
#3170=VERTEX_POINT('',#9535);
#3171=VERTEX_POINT('',#9537);
#3172=VERTEX_POINT('',#9539);
#3173=VERTEX_POINT('',#9541);
#3174=VERTEX_POINT('',#9544);
#3175=VERTEX_POINT('',#9545);
#3176=VERTEX_POINT('',#9547);
#3177=VERTEX_POINT('',#9549);
#3178=VERTEX_POINT('',#9552);
#3179=VERTEX_POINT('',#9553);
#3180=VERTEX_POINT('',#9555);
#3181=VERTEX_POINT('',#9557);
#3182=VERTEX_POINT('',#9559);
#3183=VERTEX_POINT('',#9561);
#3184=VERTEX_POINT('',#9563);
#3185=VERTEX_POINT('',#9565);
#3186=VERTEX_POINT('',#9567);
#3187=VERTEX_POINT('',#9569);
#3188=VERTEX_POINT('',#9572);
#3189=VERTEX_POINT('',#9573);
#3190=VERTEX_POINT('',#9575);
#3191=VERTEX_POINT('',#9581);
#3192=VERTEX_POINT('',#9587);
#3193=VERTEX_POINT('',#9593);
#3194=VERTEX_POINT('',#9599);
#3195=VERTEX_POINT('',#9601);
#3196=VERTEX_POINT('',#9603);
#3197=VERTEX_POINT('',#9605);
#3198=VERTEX_POINT('',#9611);
#3199=VERTEX_POINT('',#9617);
#3200=VERTEX_POINT('',#9623);
#3201=VERTEX_POINT('',#9629);
#3202=VERTEX_POINT('',#9635);
#3203=VERTEX_POINT('',#9637);
#3204=VERTEX_POINT('',#9639);
#3205=VERTEX_POINT('',#9641);
#3206=VERTEX_POINT('',#9647);
#3207=VERTEX_POINT('',#9653);
#3208=VERTEX_POINT('',#9655);
#3209=VERTEX_POINT('',#9657);
#3210=VERTEX_POINT('',#9659);
#3211=VERTEX_POINT('',#9665);
#3212=VERTEX_POINT('',#9671);
#3213=VERTEX_POINT('',#9673);
#3214=VERTEX_POINT('',#9675);
#3215=VERTEX_POINT('',#9677);
#3216=VERTEX_POINT('',#9683);
#3217=VERTEX_POINT('',#9689);
#3218=VERTEX_POINT('',#9695);
#3219=VERTEX_POINT('',#9701);
#3220=VERTEX_POINT('',#9707);
#3221=VERTEX_POINT('',#9713);
#3222=VERTEX_POINT('',#9715);
#3223=VERTEX_POINT('',#9717);
#3224=VERTEX_POINT('',#9723);
#3225=VERTEX_POINT('',#9729);
#3226=VERTEX_POINT('',#9735);
#3227=VERTEX_POINT('',#9741);
#3228=VERTEX_POINT('',#9747);
#3229=VERTEX_POINT('',#9750);
#3230=VERTEX_POINT('',#9751);
#3231=VERTEX_POINT('',#9753);
#3232=VERTEX_POINT('',#9755);
#3233=VERTEX_POINT('',#9757);
#3234=VERTEX_POINT('',#9763);
#3235=VERTEX_POINT('',#9769);
#3236=VERTEX_POINT('',#9775);
#3237=VERTEX_POINT('',#9781);
#3238=VERTEX_POINT('',#9784);
#3239=VERTEX_POINT('',#9785);
#3240=VERTEX_POINT('',#9787);
#3241=VERTEX_POINT('',#9789);
#3242=VERTEX_POINT('',#9795);
#3243=VERTEX_POINT('',#9801);
#3244=VERTEX_POINT('',#9807);
#3245=VERTEX_POINT('',#9813);
#3246=VERTEX_POINT('',#9819);
#3247=VERTEX_POINT('',#9825);
#3248=VERTEX_POINT('',#9831);
#3249=VERTEX_POINT('',#9837);
#3250=VERTEX_POINT('',#9843);
#3251=VERTEX_POINT('',#9849);
#3252=VERTEX_POINT('',#9856);
#3253=VERTEX_POINT('',#9857);
#3254=VERTEX_POINT('',#9859);
#3255=VERTEX_POINT('',#9861);
#3256=VERTEX_POINT('',#9864);
#3257=VERTEX_POINT('',#9865);
#3258=VERTEX_POINT('',#9867);
#3259=VERTEX_POINT('',#9869);
#3260=VERTEX_POINT('',#9875);
#3261=VERTEX_POINT('',#9881);
#3262=VERTEX_POINT('',#9887);
#3263=VERTEX_POINT('',#9893);
#3264=VERTEX_POINT('',#9899);
#3265=VERTEX_POINT('',#9901);
#3266=VERTEX_POINT('',#9903);
#3267=VERTEX_POINT('',#9905);
#3268=VERTEX_POINT('',#9911);
#3269=VERTEX_POINT('',#9917);
#3270=VERTEX_POINT('',#9923);
#3271=VERTEX_POINT('',#9929);
#3272=VERTEX_POINT('',#9935);
#3273=VERTEX_POINT('',#9937);
#3274=VERTEX_POINT('',#9939);
#3275=VERTEX_POINT('',#9941);
#3276=VERTEX_POINT('',#9947);
#3277=VERTEX_POINT('',#9953);
#3278=VERTEX_POINT('',#9955);
#3279=VERTEX_POINT('',#9958);
#3280=VERTEX_POINT('',#9959);
#3281=VERTEX_POINT('',#9961);
#3282=VERTEX_POINT('',#9963);
#3283=VERTEX_POINT('',#9969);
#3284=VERTEX_POINT('',#9975);
#3285=VERTEX_POINT('',#9981);
#3286=VERTEX_POINT('',#9987);
#3287=VERTEX_POINT('',#9993);
#3288=VERTEX_POINT('',#9999);
#3289=VERTEX_POINT('',#10001);
#3290=VERTEX_POINT('',#10004);
#3291=VERTEX_POINT('',#10005);
#3292=VERTEX_POINT('',#10007);
#3293=VERTEX_POINT('',#10013);
#3294=VERTEX_POINT('',#10019);
#3295=VERTEX_POINT('',#10025);
#3296=VERTEX_POINT('',#10031);
#3297=VERTEX_POINT('',#10037);
#3298=VERTEX_POINT('',#10043);
#3299=VERTEX_POINT('',#10049);
#3300=VERTEX_POINT('',#10055);
#3301=VERTEX_POINT('',#10061);
#3302=VERTEX_POINT('',#10063);
#3303=VERTEX_POINT('',#10069);
#3304=VERTEX_POINT('',#10075);
#3305=VERTEX_POINT('',#10087);
#3306=VERTEX_POINT('',#10088);
#3307=VERTEX_POINT('',#10090);
#3308=VERTEX_POINT('',#10092);
#3309=VERTEX_POINT('',#10105);
#3310=VERTEX_POINT('',#10111);
#3311=VERTEX_POINT('',#10128);
#3312=VERTEX_POINT('',#10134);
#3313=VERTEX_POINT('',#10151);
#3314=VERTEX_POINT('',#10157);
#3315=VERTEX_POINT('',#10174);
#3316=VERTEX_POINT('',#10180);
#3317=VERTEX_POINT('',#10197);
#3318=VERTEX_POINT('',#10203);
#3319=VERTEX_POINT('',#10220);
#3320=VERTEX_POINT('',#10226);
#3321=VERTEX_POINT('',#10234);
#3322=VERTEX_POINT('',#10236);
#3323=VERTEX_POINT('',#10243);
#3324=VERTEX_POINT('',#10244);
#3325=VERTEX_POINT('',#10246);
#3326=VERTEX_POINT('',#10248);
#3327=VERTEX_POINT('',#10261);
#3328=VERTEX_POINT('',#10267);
#3329=VERTEX_POINT('',#10284);
#3330=VERTEX_POINT('',#10290);
#3331=VERTEX_POINT('',#10307);
#3332=VERTEX_POINT('',#10313);
#3333=VERTEX_POINT('',#10330);
#3334=VERTEX_POINT('',#10336);
#3335=VERTEX_POINT('',#10353);
#3336=VERTEX_POINT('',#10359);
#3337=VERTEX_POINT('',#10376);
#3338=VERTEX_POINT('',#10382);
#3339=VERTEX_POINT('',#10399);
#3340=VERTEX_POINT('',#10405);
#3341=VERTEX_POINT('',#10413);
#3342=VERTEX_POINT('',#10415);
#3343=VERTEX_POINT('',#10422);
#3344=VERTEX_POINT('',#10424);
#3345=VERTEX_POINT('',#10428);
#3346=VERTEX_POINT('',#10441);
#3347=VERTEX_POINT('',#10458);
#3348=VERTEX_POINT('',#10475);
#3349=VERTEX_POINT('',#10492);
#3350=VERTEX_POINT('',#10509);
#3351=VERTEX_POINT('',#10526);
#3352=VERTEX_POINT('',#10543);
#3353=VERTEX_POINT('',#10560);
#3354=VERTEX_POINT('',#10577);
#3355=VERTEX_POINT('',#10594);
#3356=VERTEX_POINT('',#10611);
#3357=VERTEX_POINT('',#10623);
#3358=VERTEX_POINT('',#10625);
#3359=VERTEX_POINT('',#10629);
#3360=VERTEX_POINT('',#10633);
#3361=VERTEX_POINT('',#10637);
#3362=VERTEX_POINT('',#10641);
#3363=VERTEX_POINT('',#10645);
#3364=VERTEX_POINT('',#10658);
#3365=VERTEX_POINT('',#10675);
#3366=VERTEX_POINT('',#10692);
#3367=VERTEX_POINT('',#10709);
#3368=VERTEX_POINT('',#10717);
#3369=VERTEX_POINT('',#10721);
#3370=VERTEX_POINT('',#10734);
#3371=VERTEX_POINT('',#10751);
#3372=VERTEX_POINT('',#10768);
#3373=VERTEX_POINT('',#10779);
#3374=VERTEX_POINT('',#10781);
#3375=VERTEX_POINT('',#10785);
#3376=VERTEX_POINT('',#10789);
#3377=VERTEX_POINT('',#10793);
#3378=VERTEX_POINT('',#10797);
#3379=VERTEX_POINT('',#10801);
#3380=VERTEX_POINT('',#10814);
#3381=VERTEX_POINT('',#10831);
#3382=VERTEX_POINT('',#10848);
#3383=VERTEX_POINT('',#10865);
#3384=VERTEX_POINT('',#10873);
#3385=VERTEX_POINT('',#10877);
#3386=VERTEX_POINT('',#10890);
#3387=VERTEX_POINT('',#10907);
#3388=VERTEX_POINT('',#10924);
#3389=VERTEX_POINT('',#10935);
#3390=VERTEX_POINT('',#10937);
#3391=VERTEX_POINT('',#10941);
#3392=VERTEX_POINT('',#10945);
#3393=VERTEX_POINT('',#10952);
#3394=VERTEX_POINT('',#10954);
#3395=VERTEX_POINT('',#10958);
#3396=VERTEX_POINT('',#10971);
#3397=VERTEX_POINT('',#10988);
#3398=VERTEX_POINT('',#11005);
#3399=VERTEX_POINT('',#11022);
#3400=VERTEX_POINT('',#11039);
#3401=VERTEX_POINT('',#11047);
#3402=VERTEX_POINT('',#11051);
#3403=VERTEX_POINT('',#11055);
#3404=VERTEX_POINT('',#11068);
#3405=VERTEX_POINT('',#11085);
#3406=VERTEX_POINT('',#11102);
#3407=VERTEX_POINT('',#11119);
#3408=VERTEX_POINT('',#11136);
#3409=VERTEX_POINT('',#11144);
#3410=VERTEX_POINT('',#11148);
#3411=VERTEX_POINT('',#11152);
#3412=VERTEX_POINT('',#11165);
#3413=VERTEX_POINT('',#11182);
#3414=VERTEX_POINT('',#11190);
#3415=VERTEX_POINT('',#11194);
#3416=VERTEX_POINT('',#11201);
#3417=VERTEX_POINT('',#11202);
#3418=VERTEX_POINT('',#11204);
#3419=VERTEX_POINT('',#11206);
#3420=VERTEX_POINT('',#11219);
#3421=VERTEX_POINT('',#11225);
#3422=VERTEX_POINT('',#11242);
#3423=VERTEX_POINT('',#11248);
#3424=VERTEX_POINT('',#11265);
#3425=VERTEX_POINT('',#11271);
#3426=VERTEX_POINT('',#11299);
#3427=VERTEX_POINT('',#11301);
#3428=VERTEX_POINT('',#11314);
#3429=VERTEX_POINT('',#11331);
#3430=VERTEX_POINT('',#11348);
#3431=VERTEX_POINT('',#11365);
#3432=VERTEX_POINT('',#11382);
#3433=VERTEX_POINT('',#11399);
#3434=VERTEX_POINT('',#11416);
#3435=VERTEX_POINT('',#11433);
#3436=VERTEX_POINT('',#11450);
#3437=VERTEX_POINT('',#11458);
#3438=VERTEX_POINT('',#11471);
#3439=VERTEX_POINT('',#11488);
#3440=VERTEX_POINT('',#11505);
#3441=VERTEX_POINT('',#11530);
#3442=VERTEX_POINT('',#11531);
#3443=VERTEX_POINT('',#11533);
#3444=VERTEX_POINT('',#11535);
#3445=VERTEX_POINT('',#11548);
#3446=VERTEX_POINT('',#11554);
#3447=VERTEX_POINT('',#11571);
#3448=VERTEX_POINT('',#11577);
#3449=VERTEX_POINT('',#11594);
#3450=VERTEX_POINT('',#11600);
#3451=VERTEX_POINT('',#11617);
#3452=VERTEX_POINT('',#11623);
#3453=VERTEX_POINT('',#11631);
#3454=VERTEX_POINT('',#11633);
#3455=VERTEX_POINT('',#11640);
#3456=VERTEX_POINT('',#11642);
#3457=VERTEX_POINT('',#11646);
#3458=VERTEX_POINT('',#11650);
#3459=VERTEX_POINT('',#11663);
#3460=VERTEX_POINT('',#11680);
#3461=VERTEX_POINT('',#11697);
#3462=VERTEX_POINT('',#11714);
#3463=VERTEX_POINT('',#11722);
#3464=VERTEX_POINT('',#11730);
#3465=VERTEX_POINT('',#11732);
#3466=VERTEX_POINT('',#11736);
#3467=VERTEX_POINT('',#11740);
#3468=VERTEX_POINT('',#11744);
#3469=VERTEX_POINT('',#11748);
#3470=VERTEX_POINT('',#11752);
#3471=VERTEX_POINT('',#11756);
#3472=VERTEX_POINT('',#11760);
#3473=VERTEX_POINT('',#11764);
#3474=VERTEX_POINT('',#11768);
#3475=VERTEX_POINT('',#11772);
#3476=VERTEX_POINT('',#11776);
#3477=VERTEX_POINT('',#11783);
#3478=VERTEX_POINT('',#11785);
#3479=VERTEX_POINT('',#11789);
#3480=VERTEX_POINT('',#11793);
#3481=VERTEX_POINT('',#11800);
#3482=VERTEX_POINT('',#11802);
#3483=VERTEX_POINT('',#11806);
#3484=VERTEX_POINT('',#11810);
#3485=VERTEX_POINT('',#11814);
#3486=VERTEX_POINT('',#11818);
#3487=VERTEX_POINT('',#11822);
#3488=VERTEX_POINT('',#11826);
#3489=VERTEX_POINT('',#11830);
#3490=VERTEX_POINT('',#11834);
#3491=VERTEX_POINT('',#11841);
#3492=VERTEX_POINT('',#11843);
#3493=VERTEX_POINT('',#11856);
#3494=VERTEX_POINT('',#11873);
#3495=VERTEX_POINT('',#11890);
#3496=VERTEX_POINT('',#11907);
#3497=VERTEX_POINT('',#11915);
#3498=VERTEX_POINT('',#11919);
#3499=VERTEX_POINT('',#11923);
#3500=VERTEX_POINT('',#11936);
#3501=VERTEX_POINT('',#11953);
#3502=VERTEX_POINT('',#11970);
#3503=VERTEX_POINT('',#11987);
#3504=VERTEX_POINT('',#12004);
#3505=VERTEX_POINT('',#12012);
#3506=VERTEX_POINT('',#12016);
#3507=VERTEX_POINT('',#12020);
#3508=VERTEX_POINT('',#12033);
#3509=VERTEX_POINT('',#12050);
#3510=VERTEX_POINT('',#12058);
#3511=VERTEX_POINT('',#12062);
#3512=VERTEX_POINT('',#12066);
#3513=VERTEX_POINT('',#12079);
#3514=VERTEX_POINT('',#12096);
#3515=VERTEX_POINT('',#12104);
#3516=VERTEX_POINT('',#12108);
#3517=VERTEX_POINT('',#12112);
#3518=VERTEX_POINT('',#12125);
#3519=VERTEX_POINT('',#12142);
#3520=VERTEX_POINT('',#12159);
#3521=VERTEX_POINT('',#12176);
#3522=VERTEX_POINT('',#12193);
#3523=VERTEX_POINT('',#12210);
#3524=VERTEX_POINT('',#12218);
#3525=VERTEX_POINT('',#12222);
#3526=VERTEX_POINT('',#12235);
#3527=VERTEX_POINT('',#12252);
#3528=VERTEX_POINT('',#12269);
#3529=VERTEX_POINT('',#12286);
#3530=VERTEX_POINT('',#12303);
#3531=VERTEX_POINT('',#12311);
#3532=VERTEX_POINT('',#12318);
#3533=VERTEX_POINT('',#12319);
#3534=VERTEX_POINT('',#12321);
#3535=VERTEX_POINT('',#12323);
#3536=VERTEX_POINT('',#12336);
#3537=VERTEX_POINT('',#12342);
#3538=VERTEX_POINT('',#12359);
#3539=VERTEX_POINT('',#12365);
#3540=VERTEX_POINT('',#12382);
#3541=VERTEX_POINT('',#12388);
#3542=VERTEX_POINT('',#12405);
#3543=VERTEX_POINT('',#12411);
#3544=VERTEX_POINT('',#12428);
#3545=VERTEX_POINT('',#12434);
#3546=VERTEX_POINT('',#12442);
#3547=VERTEX_POINT('',#12444);
#3548=VERTEX_POINT('',#12451);
#3549=VERTEX_POINT('',#12453);
#3550=VERTEX_POINT('',#12457);
#3551=VERTEX_POINT('',#12470);
#3552=VERTEX_POINT('',#12487);
#3553=VERTEX_POINT('',#12504);
#3554=VERTEX_POINT('',#12521);
#3555=VERTEX_POINT('',#12538);
#3556=VERTEX_POINT('',#12555);
#3557=VERTEX_POINT('',#12563);
#3558=VERTEX_POINT('',#12567);
#3559=VERTEX_POINT('',#12575);
#3560=VERTEX_POINT('',#12576);
#3561=VERTEX_POINT('',#12578);
#3562=VERTEX_POINT('',#12580);
#3563=VERTEX_POINT('',#12593);
#3564=VERTEX_POINT('',#12599);
#3565=VERTEX_POINT('',#12616);
#3566=VERTEX_POINT('',#12622);
#3567=VERTEX_POINT('',#12639);
#3568=VERTEX_POINT('',#12645);
#3569=VERTEX_POINT('',#12662);
#3570=VERTEX_POINT('',#12668);
#3571=VERTEX_POINT('',#12676);
#3572=VERTEX_POINT('',#12678);
#3573=VERTEX_POINT('',#12685);
#3574=VERTEX_POINT('',#12687);
#3575=VERTEX_POINT('',#12691);
#3576=VERTEX_POINT('',#12695);
#3577=VERTEX_POINT('',#12708);
#3578=VERTEX_POINT('',#12725);
#3579=VERTEX_POINT('',#12742);
#3580=VERTEX_POINT('',#12759);
#3581=VERTEX_POINT('',#12767);
#3582=VERTEX_POINT('',#12775);
#3583=VERTEX_POINT('',#12776);
#3584=VERTEX_POINT('',#12778);
#3585=VERTEX_POINT('',#12780);
#3586=VERTEX_POINT('',#12793);
#3587=VERTEX_POINT('',#12799);
#3588=VERTEX_POINT('',#12816);
#3589=VERTEX_POINT('',#12822);
#3590=VERTEX_POINT('',#12839);
#3591=VERTEX_POINT('',#12845);
#3592=VERTEX_POINT('',#12862);
#3593=VERTEX_POINT('',#12868);
#3594=VERTEX_POINT('',#12885);
#3595=VERTEX_POINT('',#12891);
#3596=VERTEX_POINT('',#12908);
#3597=VERTEX_POINT('',#12914);
#3598=VERTEX_POINT('',#12922);
#3599=VERTEX_POINT('',#12924);
#3600=VERTEX_POINT('',#12931);
#3601=VERTEX_POINT('',#12932);
#3602=VERTEX_POINT('',#12934);
#3603=VERTEX_POINT('',#12936);
#3604=VERTEX_POINT('',#12949);
#3605=VERTEX_POINT('',#12955);
#3606=VERTEX_POINT('',#12972);
#3607=VERTEX_POINT('',#12978);
#3608=VERTEX_POINT('',#12995);
#3609=VERTEX_POINT('',#13001);
#3610=VERTEX_POINT('',#13018);
#3611=VERTEX_POINT('',#13024);
#3612=VERTEX_POINT('',#13041);
#3613=VERTEX_POINT('',#13047);
#3614=VERTEX_POINT('',#13064);
#3615=VERTEX_POINT('',#13070);
#3616=VERTEX_POINT('',#13087);
#3617=VERTEX_POINT('',#13093);
#3618=VERTEX_POINT('',#13101);
#3619=VERTEX_POINT('',#13103);
#3620=VERTEX_POINT('',#13110);
#3621=VERTEX_POINT('',#13112);
#3622=VERTEX_POINT('',#13116);
#3623=VERTEX_POINT('',#13129);
#3624=VERTEX_POINT('',#13146);
#3625=VERTEX_POINT('',#13163);
#3626=VERTEX_POINT('',#13180);
#3627=VERTEX_POINT('',#13197);
#3628=VERTEX_POINT('',#13214);
#3629=VERTEX_POINT('',#13231);
#3630=VERTEX_POINT('',#13248);
#3631=VERTEX_POINT('',#13265);
#3632=VERTEX_POINT('',#13282);
#3633=VERTEX_POINT('',#13299);
#3634=VERTEX_POINT('',#13312);
#3635=VERTEX_POINT('',#13314);
#3636=VERTEX_POINT('',#13318);
#3637=VERTEX_POINT('',#13322);
#3638=VERTEX_POINT('',#13329);
#3639=VERTEX_POINT('',#13331);
#3640=VERTEX_POINT('',#13335);
#3641=VERTEX_POINT('',#13348);
#3642=VERTEX_POINT('',#13365);
#3643=VERTEX_POINT('',#13382);
#3644=VERTEX_POINT('',#13399);
#3645=VERTEX_POINT('',#13416);
#3646=VERTEX_POINT('',#13424);
#3647=VERTEX_POINT('',#13428);
#3648=VERTEX_POINT('',#13432);
#3649=VERTEX_POINT('',#13445);
#3650=VERTEX_POINT('',#13462);
#3651=VERTEX_POINT('',#13479);
#3652=VERTEX_POINT('',#13496);
#3653=VERTEX_POINT('',#13513);
#3654=VERTEX_POINT('',#13521);
#3655=VERTEX_POINT('',#13525);
#3656=VERTEX_POINT('',#13529);
#3657=VERTEX_POINT('',#13542);
#3658=VERTEX_POINT('',#13559);
#3659=VERTEX_POINT('',#13567);
#3660=VERTEX_POINT('',#13571);
#3661=VERTEX_POINT('',#13578);
#3662=VERTEX_POINT('',#13580);
#3663=VERTEX_POINT('',#13584);
#3664=VERTEX_POINT('',#13585);
#3665=VERTEX_POINT('',#13587);
#3666=VERTEX_POINT('',#13589);
#3667=VERTEX_POINT('',#13600);
#3668=VERTEX_POINT('',#13611);
#3669=VERTEX_POINT('',#13613);
#3670=VERTEX_POINT('',#13617);
#3671=VERTEX_POINT('',#13630);
#3672=VERTEX_POINT('',#13645);
#3673=VERTEX_POINT('',#13647);
#3674=VERTEX_POINT('',#13649);
#3675=VERTEX_POINT('',#13653);
#3676=VERTEX_POINT('',#13655);
#3677=VERTEX_POINT('',#13657);
#3678=VERTEX_POINT('',#13659);
#3679=VERTEX_POINT('',#13661);
#3680=VERTEX_POINT('',#13665);
#3681=VERTEX_POINT('',#13666);
#3682=VERTEX_POINT('',#13668);
#3683=VERTEX_POINT('',#13670);
#3684=VERTEX_POINT('',#13679);
#3685=VERTEX_POINT('',#13692);
#3686=VERTEX_POINT('',#13694);
#3687=VERTEX_POINT('',#13696);
#3688=VERTEX_POINT('',#13698);
#3689=VERTEX_POINT('',#13701);
#3690=VERTEX_POINT('',#13703);
#3691=VERTEX_POINT('',#13705);
#3692=VERTEX_POINT('',#13707);
#3693=VERTEX_POINT('',#13710);
#3694=VERTEX_POINT('',#13712);
#3695=VERTEX_POINT('',#13714);
#3696=VERTEX_POINT('',#13717);
#3697=VERTEX_POINT('',#13730);
#3698=VERTEX_POINT('',#13749);
#3699=VERTEX_POINT('',#13751);
#3700=VERTEX_POINT('',#13762);
#3701=VERTEX_POINT('',#13763);
#3702=VERTEX_POINT('',#13765);
#3703=VERTEX_POINT('',#13767);
#3704=VERTEX_POINT('',#13771);
#3705=VERTEX_POINT('',#13773);
#3706=VERTEX_POINT('',#13777);
#3707=VERTEX_POINT('',#13779);
#3708=VERTEX_POINT('',#13783);
#3709=VERTEX_POINT('',#13785);
#3710=VERTEX_POINT('',#13789);
#3711=VERTEX_POINT('',#13791);
#3712=VERTEX_POINT('',#13795);
#3713=VERTEX_POINT('',#13797);
#3714=VERTEX_POINT('',#13801);
#3715=VERTEX_POINT('',#13803);
#3716=VERTEX_POINT('',#13810);
#3717=VERTEX_POINT('',#13812);
#3718=VERTEX_POINT('',#13817);
#3719=VERTEX_POINT('',#13819);
#3720=VERTEX_POINT('',#13821);
#3721=VERTEX_POINT('',#13825);
#3722=VERTEX_POINT('',#13826);
#3723=VERTEX_POINT('',#13837);
#3724=VERTEX_POINT('',#13841);
#3725=VERTEX_POINT('',#13845);
#3726=VERTEX_POINT('',#13849);
#3727=VERTEX_POINT('',#13853);
#3728=VERTEX_POINT('',#13861);
#3729=VERTEX_POINT('',#13862);
#3730=VERTEX_POINT('',#13864);
#3731=VERTEX_POINT('',#13866);
#3732=VERTEX_POINT('',#13868);
#3733=VERTEX_POINT('',#13871);
#3734=VERTEX_POINT('',#13872);
#3735=VERTEX_POINT('',#13874);
#3736=VERTEX_POINT('',#13876);
#3737=VERTEX_POINT('',#13879);
#3738=VERTEX_POINT('',#13881);
#3739=VERTEX_POINT('',#13884);
#3740=VERTEX_POINT('',#13886);
#3741=VERTEX_POINT('',#13888);
#3742=VERTEX_POINT('',#13890);
#3743=VERTEX_POINT('',#13893);
#3744=VERTEX_POINT('',#13897);
#3745=VERTEX_POINT('',#13901);
#3746=VERTEX_POINT('',#13905);
#3747=VERTEX_POINT('',#13909);
#3748=VERTEX_POINT('',#13913);
#3749=VERTEX_POINT('',#13917);
#3750=VERTEX_POINT('',#13919);
#3751=VERTEX_POINT('',#13923);
#3752=VERTEX_POINT('',#13927);
#3753=VERTEX_POINT('',#13933);
#3754=VERTEX_POINT('',#13935);
#3755=VERTEX_POINT('',#13939);
#3756=VERTEX_POINT('',#13943);
#3757=VERTEX_POINT('',#13947);
#3758=VERTEX_POINT('',#13955);
#3759=VERTEX_POINT('',#13957);
#3760=VERTEX_POINT('',#13961);
#3761=VERTEX_POINT('',#13963);
#3762=VERTEX_POINT('',#13965);
#3763=VERTEX_POINT('',#13967);
#3764=VERTEX_POINT('',#13969);
#3765=VERTEX_POINT('',#13971);
#3766=VERTEX_POINT('',#13974);
#3767=VERTEX_POINT('',#13976);
#3768=VERTEX_POINT('',#13978);
#3769=VERTEX_POINT('',#13980);
#3770=VERTEX_POINT('',#13982);
#3771=VERTEX_POINT('',#13984);
#3772=VERTEX_POINT('',#13989);
#3773=VERTEX_POINT('',#13995);
#3774=VERTEX_POINT('',#14001);
#3775=VERTEX_POINT('',#14005);
#3776=VERTEX_POINT('',#14009);
#3777=VERTEX_POINT('',#14013);
#3778=VERTEX_POINT('',#14017);
#3779=VERTEX_POINT('',#14021);
#3780=VERTEX_POINT('',#14025);
#3781=VERTEX_POINT('',#14029);
#3782=EDGE_CURVE('',#3063,#3064,#2970,.T.);
#3783=EDGE_CURVE('',#3064,#3065,#2971,.T.);
#3784=EDGE_CURVE('',#3065,#3066,#2972,.T.);
#3785=EDGE_CURVE('',#3066,#3063,#2973,.T.);
#3786=EDGE_CURVE('',#3067,#3068,#2974,.T.);
#3787=EDGE_CURVE('',#3068,#3066,#741,.T.);
#3788=EDGE_CURVE('',#3067,#3065,#742,.T.);
#3789=EDGE_CURVE('',#3067,#3069,#2975,.T.);
#3790=EDGE_CURVE('',#3069,#3070,#2976,.T.);
#3791=EDGE_CURVE('',#3070,#3068,#2977,.T.);
#3792=EDGE_CURVE('',#3071,#3072,#2978,.T.);
#3793=EDGE_CURVE('',#3072,#3070,#743,.T.);
#3794=EDGE_CURVE('',#3071,#3069,#744,.T.);
#3795=EDGE_CURVE('',#3071,#3073,#2979,.T.);
#3796=EDGE_CURVE('',#3073,#3074,#2980,.T.);
#3797=EDGE_CURVE('',#3074,#3072,#2981,.T.);
#3798=EDGE_CURVE('',#3075,#3076,#2982,.T.);
#3799=EDGE_CURVE('',#3076,#3074,#745,.T.);
#3800=EDGE_CURVE('',#3075,#3073,#746,.T.);
#3801=EDGE_CURVE('',#3075,#3077,#2983,.T.);
#3802=EDGE_CURVE('',#3077,#3078,#2984,.T.);
#3803=EDGE_CURVE('',#3078,#3076,#2985,.T.);
#3804=EDGE_CURVE('',#3063,#3078,#747,.T.);
#3805=EDGE_CURVE('',#3064,#3077,#748,.T.);
#3806=EDGE_CURVE('',#3079,#3080,#749,.T.);
#3807=EDGE_CURVE('',#3080,#3081,#750,.T.);
#3808=EDGE_CURVE('',#3081,#3082,#232,.T.);
#3809=EDGE_CURVE('',#3082,#3083,#233,.T.);
#3810=EDGE_CURVE('',#3083,#3084,#234,.T.);
#3811=EDGE_CURVE('',#3084,#3085,#235,.T.);
#3812=EDGE_CURVE('',#3085,#3086,#236,.T.);
#3813=EDGE_CURVE('',#3086,#3087,#237,.T.);
#3814=EDGE_CURVE('',#3087,#3088,#238,.T.);
#3815=EDGE_CURVE('',#3088,#3089,#239,.T.);
#3816=EDGE_CURVE('',#3089,#3090,#240,.T.);
#3817=EDGE_CURVE('',#3090,#3091,#241,.T.);
#3818=EDGE_CURVE('',#3091,#3092,#242,.T.);
#3819=EDGE_CURVE('',#3092,#3079,#751,.T.);
#3820=EDGE_CURVE('',#3093,#3094,#752,.T.);
#3821=EDGE_CURVE('',#3094,#3095,#753,.T.);
#3822=EDGE_CURVE('',#3095,#3096,#754,.T.);
#3823=EDGE_CURVE('',#3096,#3097,#755,.T.);
#3824=EDGE_CURVE('',#3097,#3098,#756,.T.);
#3825=EDGE_CURVE('',#3098,#3099,#757,.T.);
#3826=EDGE_CURVE('',#3099,#3100,#243,.T.);
#3827=EDGE_CURVE('',#3100,#3101,#244,.T.);
#3828=EDGE_CURVE('',#3101,#3102,#245,.T.);
#3829=EDGE_CURVE('',#3102,#3103,#246,.T.);
#3830=EDGE_CURVE('',#3103,#3104,#758,.T.);
#3831=EDGE_CURVE('',#3104,#3105,#759,.T.);
#3832=EDGE_CURVE('',#3105,#3106,#247,.T.);
#3833=EDGE_CURVE('',#3106,#3107,#248,.T.);
#3834=EDGE_CURVE('',#3107,#3108,#249,.T.);
#3835=EDGE_CURVE('',#3108,#3093,#760,.T.);
#3836=EDGE_CURVE('',#3109,#3110,#761,.T.);
#3837=EDGE_CURVE('',#3110,#3111,#762,.T.);
#3838=EDGE_CURVE('',#3111,#3112,#763,.T.);
#3839=EDGE_CURVE('',#3112,#3113,#764,.T.);
#3840=EDGE_CURVE('',#3113,#3114,#765,.T.);
#3841=EDGE_CURVE('',#3114,#3115,#766,.T.);
#3842=EDGE_CURVE('',#3115,#3116,#250,.T.);
#3843=EDGE_CURVE('',#3116,#3117,#251,.T.);
#3844=EDGE_CURVE('',#3117,#3118,#252,.T.);
#3845=EDGE_CURVE('',#3118,#3119,#253,.T.);
#3846=EDGE_CURVE('',#3119,#3120,#767,.T.);
#3847=EDGE_CURVE('',#3120,#3121,#768,.T.);
#3848=EDGE_CURVE('',#3121,#3122,#254,.T.);
#3849=EDGE_CURVE('',#3122,#3123,#255,.T.);
#3850=EDGE_CURVE('',#3123,#3124,#256,.T.);
#3851=EDGE_CURVE('',#3124,#3109,#769,.T.);
#3852=EDGE_CURVE('',#3125,#3126,#770,.T.);
#3853=EDGE_CURVE('',#3126,#3127,#771,.T.);
#3854=EDGE_CURVE('',#3127,#3128,#772,.T.);
#3855=EDGE_CURVE('',#3128,#3125,#773,.T.);
#3856=EDGE_CURVE('',#3129,#3130,#774,.T.);
#3857=EDGE_CURVE('',#3130,#3131,#775,.T.);
#3858=EDGE_CURVE('',#3131,#3132,#257,.T.);
#3859=EDGE_CURVE('',#3132,#3133,#258,.T.);
#3860=EDGE_CURVE('',#3133,#3134,#259,.T.);
#3861=EDGE_CURVE('',#3134,#3135,#260,.T.);
#3862=EDGE_CURVE('',#3135,#3136,#261,.T.);
#3863=EDGE_CURVE('',#3136,#3137,#776,.T.);
#3864=EDGE_CURVE('',#3137,#3138,#777,.T.);
#3865=EDGE_CURVE('',#3138,#3139,#778,.T.);
#3866=EDGE_CURVE('',#3139,#3140,#262,.T.);
#3867=EDGE_CURVE('',#3140,#3141,#263,.T.);
#3868=EDGE_CURVE('',#3141,#3142,#264,.T.);
#3869=EDGE_CURVE('',#3142,#3143,#265,.T.);
#3870=EDGE_CURVE('',#3143,#3144,#266,.T.);
#3871=EDGE_CURVE('',#3144,#3145,#779,.T.);
#3872=EDGE_CURVE('',#3145,#3146,#780,.T.);
#3873=EDGE_CURVE('',#3146,#3147,#781,.T.);
#3874=EDGE_CURVE('',#3147,#3148,#267,.T.);
#3875=EDGE_CURVE('',#3148,#3149,#268,.T.);
#3876=EDGE_CURVE('',#3149,#3150,#782,.T.);
#3877=EDGE_CURVE('',#3150,#3151,#783,.T.);
#3878=EDGE_CURVE('',#3151,#3129,#784,.T.);
#3879=EDGE_CURVE('',#3152,#3153,#785,.T.);
#3880=EDGE_CURVE('',#3153,#3154,#786,.T.);
#3881=EDGE_CURVE('',#3154,#3155,#787,.T.);
#3882=EDGE_CURVE('',#3155,#3156,#269,.T.);
#3883=EDGE_CURVE('',#3156,#3157,#270,.T.);
#3884=EDGE_CURVE('',#3157,#3158,#271,.T.);
#3885=EDGE_CURVE('',#3158,#3159,#272,.T.);
#3886=EDGE_CURVE('',#3159,#3160,#788,.T.);
#3887=EDGE_CURVE('',#3160,#3152,#789,.T.);
#3888=EDGE_CURVE('',#3161,#3162,#790,.T.);
#3889=EDGE_CURVE('',#3162,#3163,#791,.T.);
#3890=EDGE_CURVE('',#3163,#3164,#792,.T.);
#3891=EDGE_CURVE('',#3164,#3165,#793,.T.);
#3892=EDGE_CURVE('',#3165,#3166,#794,.T.);
#3893=EDGE_CURVE('',#3166,#3167,#795,.T.);
#3894=EDGE_CURVE('',#3167,#3168,#796,.T.);
#3895=EDGE_CURVE('',#3168,#3169,#797,.T.);
#3896=EDGE_CURVE('',#3169,#3170,#798,.T.);
#3897=EDGE_CURVE('',#3170,#3171,#799,.T.);
#3898=EDGE_CURVE('',#3171,#3172,#800,.T.);
#3899=EDGE_CURVE('',#3172,#3173,#801,.T.);
#3900=EDGE_CURVE('',#3173,#3161,#802,.T.);
#3901=EDGE_CURVE('',#3174,#3175,#803,.T.);
#3902=EDGE_CURVE('',#3175,#3176,#804,.T.);
#3903=EDGE_CURVE('',#3176,#3177,#805,.T.);
#3904=EDGE_CURVE('',#3177,#3174,#806,.T.);
#3905=EDGE_CURVE('',#3178,#3179,#807,.T.);
#3906=EDGE_CURVE('',#3179,#3180,#808,.T.);
#3907=EDGE_CURVE('',#3180,#3181,#809,.T.);
#3908=EDGE_CURVE('',#3181,#3182,#810,.T.);
#3909=EDGE_CURVE('',#3182,#3183,#811,.T.);
#3910=EDGE_CURVE('',#3183,#3184,#812,.T.);
#3911=EDGE_CURVE('',#3184,#3185,#813,.T.);
#3912=EDGE_CURVE('',#3185,#3186,#814,.T.);
#3913=EDGE_CURVE('',#3186,#3187,#815,.T.);
#3914=EDGE_CURVE('',#3187,#3178,#816,.T.);
#3915=EDGE_CURVE('',#3188,#3189,#817,.T.);
#3916=EDGE_CURVE('',#3189,#3190,#273,.T.);
#3917=EDGE_CURVE('',#3190,#3191,#274,.T.);
#3918=EDGE_CURVE('',#3191,#3192,#275,.T.);
#3919=EDGE_CURVE('',#3192,#3193,#276,.T.);
#3920=EDGE_CURVE('',#3193,#3194,#818,.T.);
#3921=EDGE_CURVE('',#3194,#3195,#819,.T.);
#3922=EDGE_CURVE('',#3195,#3196,#820,.T.);
#3923=EDGE_CURVE('',#3196,#3197,#277,.T.);
#3924=EDGE_CURVE('',#3197,#3198,#278,.T.);
#3925=EDGE_CURVE('',#3198,#3199,#279,.T.);
#3926=EDGE_CURVE('',#3199,#3200,#280,.T.);
#3927=EDGE_CURVE('',#3200,#3201,#281,.T.);
#3928=EDGE_CURVE('',#3201,#3202,#821,.T.);
#3929=EDGE_CURVE('',#3202,#3203,#822,.T.);
#3930=EDGE_CURVE('',#3203,#3204,#823,.T.);
#3931=EDGE_CURVE('',#3204,#3205,#282,.T.);
#3932=EDGE_CURVE('',#3205,#3206,#283,.T.);
#3933=EDGE_CURVE('',#3206,#3207,#824,.T.);
#3934=EDGE_CURVE('',#3207,#3208,#825,.T.);
#3935=EDGE_CURVE('',#3208,#3209,#826,.T.);
#3936=EDGE_CURVE('',#3209,#3210,#284,.T.);
#3937=EDGE_CURVE('',#3210,#3211,#285,.T.);
#3938=EDGE_CURVE('',#3211,#3212,#827,.T.);
#3939=EDGE_CURVE('',#3212,#3213,#828,.T.);
#3940=EDGE_CURVE('',#3213,#3214,#829,.T.);
#3941=EDGE_CURVE('',#3214,#3215,#286,.T.);
#3942=EDGE_CURVE('',#3215,#3216,#287,.T.);
#3943=EDGE_CURVE('',#3216,#3217,#288,.T.);
#3944=EDGE_CURVE('',#3217,#3218,#289,.T.);
#3945=EDGE_CURVE('',#3218,#3219,#290,.T.);
#3946=EDGE_CURVE('',#3219,#3220,#291,.T.);
#3947=EDGE_CURVE('',#3220,#3221,#830,.T.);
#3948=EDGE_CURVE('',#3221,#3222,#831,.T.);
#3949=EDGE_CURVE('',#3222,#3223,#292,.T.);
#3950=EDGE_CURVE('',#3223,#3224,#293,.T.);
#3951=EDGE_CURVE('',#3224,#3225,#294,.T.);
#3952=EDGE_CURVE('',#3225,#3226,#295,.T.);
#3953=EDGE_CURVE('',#3226,#3227,#296,.T.);
#3954=EDGE_CURVE('',#3227,#3228,#832,.T.);
#3955=EDGE_CURVE('',#3228,#3188,#833,.T.);
#3956=EDGE_CURVE('',#3229,#3230,#834,.T.);
#3957=EDGE_CURVE('',#3230,#3231,#835,.T.);
#3958=EDGE_CURVE('',#3231,#3232,#836,.T.);
#3959=EDGE_CURVE('',#3232,#3233,#297,.T.);
#3960=EDGE_CURVE('',#3233,#3234,#298,.T.);
#3961=EDGE_CURVE('',#3234,#3235,#299,.T.);
#3962=EDGE_CURVE('',#3235,#3236,#300,.T.);
#3963=EDGE_CURVE('',#3236,#3237,#837,.T.);
#3964=EDGE_CURVE('',#3237,#3229,#838,.T.);
#3965=EDGE_CURVE('',#3238,#3239,#839,.T.);
#3966=EDGE_CURVE('',#3239,#3240,#840,.T.);
#3967=EDGE_CURVE('',#3240,#3241,#301,.T.);
#3968=EDGE_CURVE('',#3241,#3242,#302,.T.);
#3969=EDGE_CURVE('',#3242,#3243,#303,.T.);
#3970=EDGE_CURVE('',#3243,#3244,#304,.T.);
#3971=EDGE_CURVE('',#3244,#3245,#305,.T.);
#3972=EDGE_CURVE('',#3245,#3246,#306,.T.);
#3973=EDGE_CURVE('',#3246,#3247,#307,.T.);
#3974=EDGE_CURVE('',#3247,#3248,#308,.T.);
#3975=EDGE_CURVE('',#3248,#3249,#309,.T.);
#3976=EDGE_CURVE('',#3249,#3250,#310,.T.);
#3977=EDGE_CURVE('',#3250,#3251,#311,.T.);
#3978=EDGE_CURVE('',#3251,#3238,#841,.T.);
#3979=EDGE_CURVE('',#3252,#3253,#842,.T.);
#3980=EDGE_CURVE('',#3253,#3254,#843,.T.);
#3981=EDGE_CURVE('',#3254,#3255,#844,.T.);
#3982=EDGE_CURVE('',#3255,#3252,#845,.T.);
#3983=EDGE_CURVE('',#3256,#3257,#846,.T.);
#3984=EDGE_CURVE('',#3257,#3258,#847,.T.);
#3985=EDGE_CURVE('',#3258,#3259,#312,.T.);
#3986=EDGE_CURVE('',#3259,#3260,#313,.T.);
#3987=EDGE_CURVE('',#3260,#3261,#314,.T.);
#3988=EDGE_CURVE('',#3261,#3262,#315,.T.);
#3989=EDGE_CURVE('',#3262,#3263,#316,.T.);
#3990=EDGE_CURVE('',#3263,#3264,#848,.T.);
#3991=EDGE_CURVE('',#3264,#3265,#849,.T.);
#3992=EDGE_CURVE('',#3265,#3266,#850,.T.);
#3993=EDGE_CURVE('',#3266,#3267,#317,.T.);
#3994=EDGE_CURVE('',#3267,#3268,#318,.T.);
#3995=EDGE_CURVE('',#3268,#3269,#319,.T.);
#3996=EDGE_CURVE('',#3269,#3270,#320,.T.);
#3997=EDGE_CURVE('',#3270,#3271,#321,.T.);
#3998=EDGE_CURVE('',#3271,#3272,#851,.T.);
#3999=EDGE_CURVE('',#3272,#3273,#852,.T.);
#4000=EDGE_CURVE('',#3273,#3274,#853,.T.);
#4001=EDGE_CURVE('',#3274,#3275,#322,.T.);
#4002=EDGE_CURVE('',#3275,#3276,#323,.T.);
#4003=EDGE_CURVE('',#3276,#3277,#854,.T.);
#4004=EDGE_CURVE('',#3277,#3278,#855,.T.);
#4005=EDGE_CURVE('',#3278,#3256,#856,.T.);
#4006=EDGE_CURVE('',#3279,#3280,#857,.T.);
#4007=EDGE_CURVE('',#3280,#3281,#858,.T.);
#4008=EDGE_CURVE('',#3281,#3282,#324,.T.);
#4009=EDGE_CURVE('',#3282,#3283,#325,.T.);
#4010=EDGE_CURVE('',#3283,#3284,#326,.T.);
#4011=EDGE_CURVE('',#3284,#3285,#327,.T.);
#4012=EDGE_CURVE('',#3285,#3286,#328,.T.);
#4013=EDGE_CURVE('',#3286,#3287,#329,.T.);
#4014=EDGE_CURVE('',#3287,#3288,#859,.T.);
#4015=EDGE_CURVE('',#3288,#3289,#860,.T.);
#4016=EDGE_CURVE('',#3289,#3279,#861,.T.);
#4017=EDGE_CURVE('',#3290,#3291,#862,.T.);
#4018=EDGE_CURVE('',#3291,#3292,#330,.T.);
#4019=EDGE_CURVE('',#3292,#3293,#331,.T.);
#4020=EDGE_CURVE('',#3293,#3294,#332,.T.);
#4021=EDGE_CURVE('',#3294,#3295,#333,.T.);
#4022=EDGE_CURVE('',#3295,#3296,#334,.T.);
#4023=EDGE_CURVE('',#3296,#3297,#335,.T.);
#4024=EDGE_CURVE('',#3297,#3298,#336,.T.);
#4025=EDGE_CURVE('',#3298,#3299,#337,.T.);
#4026=EDGE_CURVE('',#3299,#3300,#338,.T.);
#4027=EDGE_CURVE('',#3300,#3301,#863,.T.);
#4028=EDGE_CURVE('',#3301,#3302,#339,.T.);
#4029=EDGE_CURVE('',#3302,#3303,#340,.T.);
#4030=EDGE_CURVE('',#3303,#3304,#341,.T.);
#4031=EDGE_CURVE('',#3304,#3290,#342,.T.);
#4032=EDGE_CURVE('',#3305,#3306,#864,.T.);
#4033=EDGE_CURVE('',#3305,#3307,#865,.T.);
#4034=EDGE_CURVE('',#3308,#3307,#866,.T.);
#4035=EDGE_CURVE('',#3306,#3308,#867,.T.);
#4036=EDGE_CURVE('',#3306,#3309,#343,.T.);
#4037=EDGE_CURVE('',#3310,#3308,#344,.T.);
#4038=EDGE_CURVE('',#3309,#3310,#868,.T.);
#4039=EDGE_CURVE('',#3309,#3311,#345,.T.);
#4040=EDGE_CURVE('',#3312,#3310,#346,.T.);
#4041=EDGE_CURVE('',#3311,#3312,#869,.T.);
#4042=EDGE_CURVE('',#3311,#3313,#347,.T.);
#4043=EDGE_CURVE('',#3314,#3312,#348,.T.);
#4044=EDGE_CURVE('',#3313,#3314,#870,.T.);
#4045=EDGE_CURVE('',#3313,#3315,#349,.T.);
#4046=EDGE_CURVE('',#3316,#3314,#350,.T.);
#4047=EDGE_CURVE('',#3315,#3316,#871,.T.);
#4048=EDGE_CURVE('',#3315,#3317,#351,.T.);
#4049=EDGE_CURVE('',#3318,#3316,#352,.T.);
#4050=EDGE_CURVE('',#3317,#3318,#872,.T.);
#4051=EDGE_CURVE('',#3317,#3319,#353,.T.);
#4052=EDGE_CURVE('',#3320,#3318,#354,.T.);
#4053=EDGE_CURVE('',#3319,#3320,#873,.T.);
#4054=EDGE_CURVE('',#3319,#3321,#874,.T.);
#4055=EDGE_CURVE('',#3322,#3320,#875,.T.);
#4056=EDGE_CURVE('',#3321,#3322,#876,.T.);
#4057=EDGE_CURVE('',#3321,#3305,#877,.T.);
#4058=EDGE_CURVE('',#3307,#3322,#878,.T.);
#4059=EDGE_CURVE('',#3323,#3324,#879,.T.);
#4060=EDGE_CURVE('',#3323,#3325,#880,.T.);
#4061=EDGE_CURVE('',#3326,#3325,#881,.T.);
#4062=EDGE_CURVE('',#3324,#3326,#882,.T.);
#4063=EDGE_CURVE('',#3324,#3327,#355,.T.);
#4064=EDGE_CURVE('',#3328,#3326,#356,.T.);
#4065=EDGE_CURVE('',#3327,#3328,#883,.T.);
#4066=EDGE_CURVE('',#3327,#3329,#357,.T.);
#4067=EDGE_CURVE('',#3330,#3328,#358,.T.);
#4068=EDGE_CURVE('',#3329,#3330,#884,.T.);
#4069=EDGE_CURVE('',#3329,#3331,#359,.T.);
#4070=EDGE_CURVE('',#3332,#3330,#360,.T.);
#4071=EDGE_CURVE('',#3331,#3332,#885,.T.);
#4072=EDGE_CURVE('',#3331,#3333,#361,.T.);
#4073=EDGE_CURVE('',#3334,#3332,#362,.T.);
#4074=EDGE_CURVE('',#3333,#3334,#886,.T.);
#4075=EDGE_CURVE('',#3333,#3335,#363,.T.);
#4076=EDGE_CURVE('',#3336,#3334,#364,.T.);
#4077=EDGE_CURVE('',#3335,#3336,#887,.T.);
#4078=EDGE_CURVE('',#3335,#3337,#365,.T.);
#4079=EDGE_CURVE('',#3338,#3336,#366,.T.);
#4080=EDGE_CURVE('',#3337,#3338,#888,.T.);
#4081=EDGE_CURVE('',#3337,#3339,#367,.T.);
#4082=EDGE_CURVE('',#3340,#3338,#368,.T.);
#4083=EDGE_CURVE('',#3339,#3340,#889,.T.);
#4084=EDGE_CURVE('',#3339,#3341,#890,.T.);
#4085=EDGE_CURVE('',#3342,#3340,#891,.T.);
#4086=EDGE_CURVE('',#3341,#3342,#892,.T.);
#4087=EDGE_CURVE('',#3341,#3323,#893,.T.);
#4088=EDGE_CURVE('',#3325,#3342,#894,.T.);
#4089=EDGE_CURVE('',#3079,#3343,#895,.T.);
#4090=EDGE_CURVE('',#3344,#3343,#896,.T.);
#4091=EDGE_CURVE('',#3080,#3344,#897,.T.);
#4092=EDGE_CURVE('',#3345,#3344,#898,.T.);
#4093=EDGE_CURVE('',#3081,#3345,#899,.T.);
#4094=EDGE_CURVE('',#3346,#3345,#369,.T.);
#4095=EDGE_CURVE('',#3082,#3346,#900,.T.);
#4096=EDGE_CURVE('',#3347,#3346,#370,.T.);
#4097=EDGE_CURVE('',#3083,#3347,#901,.T.);
#4098=EDGE_CURVE('',#3348,#3347,#371,.T.);
#4099=EDGE_CURVE('',#3084,#3348,#902,.T.);
#4100=EDGE_CURVE('',#3349,#3348,#372,.T.);
#4101=EDGE_CURVE('',#3085,#3349,#903,.T.);
#4102=EDGE_CURVE('',#3350,#3349,#373,.T.);
#4103=EDGE_CURVE('',#3086,#3350,#904,.T.);
#4104=EDGE_CURVE('',#3351,#3350,#374,.T.);
#4105=EDGE_CURVE('',#3087,#3351,#905,.T.);
#4106=EDGE_CURVE('',#3352,#3351,#375,.T.);
#4107=EDGE_CURVE('',#3088,#3352,#906,.T.);
#4108=EDGE_CURVE('',#3353,#3352,#376,.T.);
#4109=EDGE_CURVE('',#3089,#3353,#907,.T.);
#4110=EDGE_CURVE('',#3354,#3353,#377,.T.);
#4111=EDGE_CURVE('',#3090,#3354,#908,.T.);
#4112=EDGE_CURVE('',#3355,#3354,#378,.T.);
#4113=EDGE_CURVE('',#3091,#3355,#909,.T.);
#4114=EDGE_CURVE('',#3356,#3355,#379,.T.);
#4115=EDGE_CURVE('',#3092,#3356,#910,.T.);
#4116=EDGE_CURVE('',#3343,#3356,#911,.T.);
#4117=EDGE_CURVE('',#3093,#3357,#912,.T.);
#4118=EDGE_CURVE('',#3358,#3357,#913,.T.);
#4119=EDGE_CURVE('',#3094,#3358,#914,.T.);
#4120=EDGE_CURVE('',#3359,#3358,#915,.T.);
#4121=EDGE_CURVE('',#3095,#3359,#916,.T.);
#4122=EDGE_CURVE('',#3360,#3359,#917,.T.);
#4123=EDGE_CURVE('',#3096,#3360,#918,.T.);
#4124=EDGE_CURVE('',#3361,#3360,#919,.T.);
#4125=EDGE_CURVE('',#3097,#3361,#920,.T.);
#4126=EDGE_CURVE('',#3362,#3361,#921,.T.);
#4127=EDGE_CURVE('',#3098,#3362,#922,.T.);
#4128=EDGE_CURVE('',#3363,#3362,#923,.T.);
#4129=EDGE_CURVE('',#3099,#3363,#924,.T.);
#4130=EDGE_CURVE('',#3364,#3363,#380,.T.);
#4131=EDGE_CURVE('',#3100,#3364,#925,.T.);
#4132=EDGE_CURVE('',#3365,#3364,#381,.T.);
#4133=EDGE_CURVE('',#3101,#3365,#926,.T.);
#4134=EDGE_CURVE('',#3366,#3365,#382,.T.);
#4135=EDGE_CURVE('',#3102,#3366,#927,.T.);
#4136=EDGE_CURVE('',#3367,#3366,#383,.T.);
#4137=EDGE_CURVE('',#3103,#3367,#928,.T.);
#4138=EDGE_CURVE('',#3368,#3367,#929,.T.);
#4139=EDGE_CURVE('',#3104,#3368,#930,.T.);
#4140=EDGE_CURVE('',#3369,#3368,#931,.T.);
#4141=EDGE_CURVE('',#3105,#3369,#932,.T.);
#4142=EDGE_CURVE('',#3370,#3369,#384,.T.);
#4143=EDGE_CURVE('',#3106,#3370,#933,.T.);
#4144=EDGE_CURVE('',#3371,#3370,#385,.T.);
#4145=EDGE_CURVE('',#3107,#3371,#934,.T.);
#4146=EDGE_CURVE('',#3372,#3371,#386,.T.);
#4147=EDGE_CURVE('',#3108,#3372,#935,.T.);
#4148=EDGE_CURVE('',#3357,#3372,#936,.T.);
#4149=EDGE_CURVE('',#3109,#3373,#937,.T.);
#4150=EDGE_CURVE('',#3374,#3373,#938,.T.);
#4151=EDGE_CURVE('',#3110,#3374,#939,.T.);
#4152=EDGE_CURVE('',#3375,#3374,#940,.T.);
#4153=EDGE_CURVE('',#3111,#3375,#941,.T.);
#4154=EDGE_CURVE('',#3376,#3375,#942,.T.);
#4155=EDGE_CURVE('',#3112,#3376,#943,.T.);
#4156=EDGE_CURVE('',#3377,#3376,#944,.T.);
#4157=EDGE_CURVE('',#3113,#3377,#945,.T.);
#4158=EDGE_CURVE('',#3378,#3377,#946,.T.);
#4159=EDGE_CURVE('',#3114,#3378,#947,.T.);
#4160=EDGE_CURVE('',#3379,#3378,#948,.T.);
#4161=EDGE_CURVE('',#3115,#3379,#949,.T.);
#4162=EDGE_CURVE('',#3380,#3379,#387,.T.);
#4163=EDGE_CURVE('',#3116,#3380,#950,.T.);
#4164=EDGE_CURVE('',#3381,#3380,#388,.T.);
#4165=EDGE_CURVE('',#3117,#3381,#951,.T.);
#4166=EDGE_CURVE('',#3382,#3381,#389,.T.);
#4167=EDGE_CURVE('',#3118,#3382,#952,.T.);
#4168=EDGE_CURVE('',#3383,#3382,#390,.T.);
#4169=EDGE_CURVE('',#3119,#3383,#953,.T.);
#4170=EDGE_CURVE('',#3384,#3383,#954,.T.);
#4171=EDGE_CURVE('',#3120,#3384,#955,.T.);
#4172=EDGE_CURVE('',#3385,#3384,#956,.T.);
#4173=EDGE_CURVE('',#3121,#3385,#957,.T.);
#4174=EDGE_CURVE('',#3386,#3385,#391,.T.);
#4175=EDGE_CURVE('',#3122,#3386,#958,.T.);
#4176=EDGE_CURVE('',#3387,#3386,#392,.T.);
#4177=EDGE_CURVE('',#3123,#3387,#959,.T.);
#4178=EDGE_CURVE('',#3388,#3387,#393,.T.);
#4179=EDGE_CURVE('',#3124,#3388,#960,.T.);
#4180=EDGE_CURVE('',#3373,#3388,#961,.T.);
#4181=EDGE_CURVE('',#3125,#3389,#962,.T.);
#4182=EDGE_CURVE('',#3390,#3389,#963,.T.);
#4183=EDGE_CURVE('',#3126,#3390,#964,.T.);
#4184=EDGE_CURVE('',#3391,#3390,#965,.T.);
#4185=EDGE_CURVE('',#3127,#3391,#966,.T.);
#4186=EDGE_CURVE('',#3392,#3391,#967,.T.);
#4187=EDGE_CURVE('',#3128,#3392,#968,.T.);
#4188=EDGE_CURVE('',#3389,#3392,#969,.T.);
#4189=EDGE_CURVE('',#3129,#3393,#970,.T.);
#4190=EDGE_CURVE('',#3394,#3393,#971,.T.);
#4191=EDGE_CURVE('',#3130,#3394,#972,.T.);
#4192=EDGE_CURVE('',#3395,#3394,#973,.T.);
#4193=EDGE_CURVE('',#3131,#3395,#974,.T.);
#4194=EDGE_CURVE('',#3396,#3395,#394,.T.);
#4195=EDGE_CURVE('',#3132,#3396,#975,.T.);
#4196=EDGE_CURVE('',#3397,#3396,#395,.T.);
#4197=EDGE_CURVE('',#3133,#3397,#976,.T.);
#4198=EDGE_CURVE('',#3398,#3397,#396,.T.);
#4199=EDGE_CURVE('',#3134,#3398,#977,.T.);
#4200=EDGE_CURVE('',#3399,#3398,#397,.T.);
#4201=EDGE_CURVE('',#3135,#3399,#978,.T.);
#4202=EDGE_CURVE('',#3400,#3399,#398,.T.);
#4203=EDGE_CURVE('',#3136,#3400,#979,.T.);
#4204=EDGE_CURVE('',#3401,#3400,#980,.T.);
#4205=EDGE_CURVE('',#3137,#3401,#981,.T.);
#4206=EDGE_CURVE('',#3402,#3401,#982,.T.);
#4207=EDGE_CURVE('',#3138,#3402,#983,.T.);
#4208=EDGE_CURVE('',#3403,#3402,#984,.T.);
#4209=EDGE_CURVE('',#3139,#3403,#985,.T.);
#4210=EDGE_CURVE('',#3404,#3403,#399,.T.);
#4211=EDGE_CURVE('',#3140,#3404,#986,.T.);
#4212=EDGE_CURVE('',#3405,#3404,#400,.T.);
#4213=EDGE_CURVE('',#3141,#3405,#987,.T.);
#4214=EDGE_CURVE('',#3406,#3405,#401,.T.);
#4215=EDGE_CURVE('',#3142,#3406,#988,.T.);
#4216=EDGE_CURVE('',#3407,#3406,#402,.T.);
#4217=EDGE_CURVE('',#3143,#3407,#989,.T.);
#4218=EDGE_CURVE('',#3408,#3407,#403,.T.);
#4219=EDGE_CURVE('',#3144,#3408,#990,.T.);
#4220=EDGE_CURVE('',#3409,#3408,#991,.T.);
#4221=EDGE_CURVE('',#3145,#3409,#992,.T.);
#4222=EDGE_CURVE('',#3410,#3409,#993,.T.);
#4223=EDGE_CURVE('',#3146,#3410,#994,.T.);
#4224=EDGE_CURVE('',#3411,#3410,#995,.T.);
#4225=EDGE_CURVE('',#3147,#3411,#996,.T.);
#4226=EDGE_CURVE('',#3412,#3411,#404,.T.);
#4227=EDGE_CURVE('',#3148,#3412,#997,.T.);
#4228=EDGE_CURVE('',#3413,#3412,#405,.T.);
#4229=EDGE_CURVE('',#3149,#3413,#998,.T.);
#4230=EDGE_CURVE('',#3414,#3413,#999,.T.);
#4231=EDGE_CURVE('',#3150,#3414,#1000,.T.);
#4232=EDGE_CURVE('',#3415,#3414,#1001,.T.);
#4233=EDGE_CURVE('',#3151,#3415,#1002,.T.);
#4234=EDGE_CURVE('',#3393,#3415,#1003,.T.);
#4235=EDGE_CURVE('',#3416,#3417,#1004,.T.);
#4236=EDGE_CURVE('',#3416,#3418,#1005,.T.);
#4237=EDGE_CURVE('',#3419,#3418,#1006,.T.);
#4238=EDGE_CURVE('',#3417,#3419,#1007,.T.);
#4239=EDGE_CURVE('',#3417,#3420,#406,.T.);
#4240=EDGE_CURVE('',#3421,#3419,#407,.T.);
#4241=EDGE_CURVE('',#3420,#3421,#1008,.T.);
#4242=EDGE_CURVE('',#3420,#3422,#408,.T.);
#4243=EDGE_CURVE('',#3423,#3421,#409,.T.);
#4244=EDGE_CURVE('',#3422,#3423,#1009,.T.);
#4245=EDGE_CURVE('',#3422,#3424,#410,.T.);
#4246=EDGE_CURVE('',#3425,#3423,#411,.T.);
#4247=EDGE_CURVE('',#3424,#3425,#1010,.T.);
#4248=EDGE_CURVE('',#3424,#3416,#412,.T.);
#4249=EDGE_CURVE('',#3418,#3425,#413,.T.);
#4250=EDGE_CURVE('',#3290,#3426,#1011,.T.);
#4251=EDGE_CURVE('',#3427,#3426,#1012,.T.);
#4252=EDGE_CURVE('',#3291,#3427,#1013,.T.);
#4253=EDGE_CURVE('',#3428,#3427,#414,.T.);
#4254=EDGE_CURVE('',#3292,#3428,#1014,.T.);
#4255=EDGE_CURVE('',#3429,#3428,#415,.T.);
#4256=EDGE_CURVE('',#3293,#3429,#1015,.T.);
#4257=EDGE_CURVE('',#3430,#3429,#416,.T.);
#4258=EDGE_CURVE('',#3294,#3430,#1016,.T.);
#4259=EDGE_CURVE('',#3431,#3430,#417,.T.);
#4260=EDGE_CURVE('',#3295,#3431,#1017,.T.);
#4261=EDGE_CURVE('',#3432,#3431,#418,.T.);
#4262=EDGE_CURVE('',#3296,#3432,#1018,.T.);
#4263=EDGE_CURVE('',#3433,#3432,#419,.T.);
#4264=EDGE_CURVE('',#3297,#3433,#1019,.T.);
#4265=EDGE_CURVE('',#3434,#3433,#420,.T.);
#4266=EDGE_CURVE('',#3298,#3434,#1020,.T.);
#4267=EDGE_CURVE('',#3435,#3434,#421,.T.);
#4268=EDGE_CURVE('',#3299,#3435,#1021,.T.);
#4269=EDGE_CURVE('',#3436,#3435,#422,.T.);
#4270=EDGE_CURVE('',#3300,#3436,#1022,.T.);
#4271=EDGE_CURVE('',#3437,#3436,#1023,.T.);
#4272=EDGE_CURVE('',#3301,#3437,#1024,.T.);
#4273=EDGE_CURVE('',#3438,#3437,#423,.T.);
#4274=EDGE_CURVE('',#3302,#3438,#1025,.T.);
#4275=EDGE_CURVE('',#3439,#3438,#424,.T.);
#4276=EDGE_CURVE('',#3303,#3439,#1026,.T.);
#4277=EDGE_CURVE('',#3440,#3439,#425,.T.);
#4278=EDGE_CURVE('',#3304,#3440,#1027,.T.);
#4279=EDGE_CURVE('',#3426,#3440,#426,.T.);
#4280=EDGE_CURVE('',#3441,#3442,#1028,.T.);
#4281=EDGE_CURVE('',#3441,#3443,#1029,.T.);
#4282=EDGE_CURVE('',#3444,#3443,#1030,.T.);
#4283=EDGE_CURVE('',#3442,#3444,#1031,.T.);
#4284=EDGE_CURVE('',#3442,#3445,#427,.T.);
#4285=EDGE_CURVE('',#3446,#3444,#428,.T.);
#4286=EDGE_CURVE('',#3445,#3446,#1032,.T.);
#4287=EDGE_CURVE('',#3445,#3447,#429,.T.);
#4288=EDGE_CURVE('',#3448,#3446,#430,.T.);
#4289=EDGE_CURVE('',#3447,#3448,#1033,.T.);
#4290=EDGE_CURVE('',#3447,#3449,#431,.T.);
#4291=EDGE_CURVE('',#3450,#3448,#432,.T.);
#4292=EDGE_CURVE('',#3449,#3450,#1034,.T.);
#4293=EDGE_CURVE('',#3449,#3451,#433,.T.);
#4294=EDGE_CURVE('',#3452,#3450,#434,.T.);
#4295=EDGE_CURVE('',#3451,#3452,#1035,.T.);
#4296=EDGE_CURVE('',#3451,#3453,#1036,.T.);
#4297=EDGE_CURVE('',#3454,#3452,#1037,.T.);
#4298=EDGE_CURVE('',#3453,#3454,#1038,.T.);
#4299=EDGE_CURVE('',#3453,#3441,#1039,.T.);
#4300=EDGE_CURVE('',#3443,#3454,#1040,.T.);
#4301=EDGE_CURVE('',#3152,#3455,#1041,.T.);
#4302=EDGE_CURVE('',#3456,#3455,#1042,.T.);
#4303=EDGE_CURVE('',#3153,#3456,#1043,.T.);
#4304=EDGE_CURVE('',#3457,#3456,#1044,.T.);
#4305=EDGE_CURVE('',#3154,#3457,#1045,.T.);
#4306=EDGE_CURVE('',#3458,#3457,#1046,.T.);
#4307=EDGE_CURVE('',#3155,#3458,#1047,.T.);
#4308=EDGE_CURVE('',#3459,#3458,#435,.T.);
#4309=EDGE_CURVE('',#3156,#3459,#1048,.T.);
#4310=EDGE_CURVE('',#3460,#3459,#436,.T.);
#4311=EDGE_CURVE('',#3157,#3460,#1049,.T.);
#4312=EDGE_CURVE('',#3461,#3460,#437,.T.);
#4313=EDGE_CURVE('',#3158,#3461,#1050,.T.);
#4314=EDGE_CURVE('',#3462,#3461,#438,.T.);
#4315=EDGE_CURVE('',#3159,#3462,#1051,.T.);
#4316=EDGE_CURVE('',#3463,#3462,#1052,.T.);
#4317=EDGE_CURVE('',#3160,#3463,#1053,.T.);
#4318=EDGE_CURVE('',#3455,#3463,#1054,.T.);
#4319=EDGE_CURVE('',#3161,#3464,#1055,.T.);
#4320=EDGE_CURVE('',#3465,#3464,#1056,.T.);
#4321=EDGE_CURVE('',#3162,#3465,#1057,.T.);
#4322=EDGE_CURVE('',#3466,#3465,#1058,.T.);
#4323=EDGE_CURVE('',#3163,#3466,#1059,.T.);
#4324=EDGE_CURVE('',#3467,#3466,#1060,.T.);
#4325=EDGE_CURVE('',#3164,#3467,#1061,.T.);
#4326=EDGE_CURVE('',#3468,#3467,#1062,.T.);
#4327=EDGE_CURVE('',#3165,#3468,#1063,.T.);
#4328=EDGE_CURVE('',#3469,#3468,#1064,.T.);
#4329=EDGE_CURVE('',#3166,#3469,#1065,.T.);
#4330=EDGE_CURVE('',#3470,#3469,#1066,.T.);
#4331=EDGE_CURVE('',#3167,#3470,#1067,.T.);
#4332=EDGE_CURVE('',#3471,#3470,#1068,.T.);
#4333=EDGE_CURVE('',#3168,#3471,#1069,.T.);
#4334=EDGE_CURVE('',#3472,#3471,#1070,.T.);
#4335=EDGE_CURVE('',#3169,#3472,#1071,.T.);
#4336=EDGE_CURVE('',#3473,#3472,#1072,.T.);
#4337=EDGE_CURVE('',#3170,#3473,#1073,.T.);
#4338=EDGE_CURVE('',#3474,#3473,#1074,.T.);
#4339=EDGE_CURVE('',#3171,#3474,#1075,.T.);
#4340=EDGE_CURVE('',#3475,#3474,#1076,.T.);
#4341=EDGE_CURVE('',#3172,#3475,#1077,.T.);
#4342=EDGE_CURVE('',#3476,#3475,#1078,.T.);
#4343=EDGE_CURVE('',#3173,#3476,#1079,.T.);
#4344=EDGE_CURVE('',#3464,#3476,#1080,.T.);
#4345=EDGE_CURVE('',#3174,#3477,#1081,.T.);
#4346=EDGE_CURVE('',#3478,#3477,#1082,.T.);
#4347=EDGE_CURVE('',#3175,#3478,#1083,.T.);
#4348=EDGE_CURVE('',#3479,#3478,#1084,.T.);
#4349=EDGE_CURVE('',#3176,#3479,#1085,.T.);
#4350=EDGE_CURVE('',#3480,#3479,#1086,.T.);
#4351=EDGE_CURVE('',#3177,#3480,#1087,.T.);
#4352=EDGE_CURVE('',#3477,#3480,#1088,.T.);
#4353=EDGE_CURVE('',#3178,#3481,#1089,.T.);
#4354=EDGE_CURVE('',#3482,#3481,#1090,.T.);
#4355=EDGE_CURVE('',#3179,#3482,#1091,.T.);
#4356=EDGE_CURVE('',#3483,#3482,#1092,.T.);
#4357=EDGE_CURVE('',#3180,#3483,#1093,.T.);
#4358=EDGE_CURVE('',#3484,#3483,#1094,.T.);
#4359=EDGE_CURVE('',#3181,#3484,#1095,.T.);
#4360=EDGE_CURVE('',#3485,#3484,#1096,.T.);
#4361=EDGE_CURVE('',#3182,#3485,#1097,.T.);
#4362=EDGE_CURVE('',#3486,#3485,#1098,.T.);
#4363=EDGE_CURVE('',#3183,#3486,#1099,.T.);
#4364=EDGE_CURVE('',#3487,#3486,#1100,.T.);
#4365=EDGE_CURVE('',#3184,#3487,#1101,.T.);
#4366=EDGE_CURVE('',#3488,#3487,#1102,.T.);
#4367=EDGE_CURVE('',#3185,#3488,#1103,.T.);
#4368=EDGE_CURVE('',#3489,#3488,#1104,.T.);
#4369=EDGE_CURVE('',#3186,#3489,#1105,.T.);
#4370=EDGE_CURVE('',#3490,#3489,#1106,.T.);
#4371=EDGE_CURVE('',#3187,#3490,#1107,.T.);
#4372=EDGE_CURVE('',#3481,#3490,#1108,.T.);
#4373=EDGE_CURVE('',#3188,#3491,#1109,.T.);
#4374=EDGE_CURVE('',#3492,#3491,#1110,.T.);
#4375=EDGE_CURVE('',#3189,#3492,#1111,.T.);
#4376=EDGE_CURVE('',#3493,#3492,#439,.T.);
#4377=EDGE_CURVE('',#3190,#3493,#1112,.T.);
#4378=EDGE_CURVE('',#3494,#3493,#440,.T.);
#4379=EDGE_CURVE('',#3191,#3494,#1113,.T.);
#4380=EDGE_CURVE('',#3495,#3494,#441,.T.);
#4381=EDGE_CURVE('',#3192,#3495,#1114,.T.);
#4382=EDGE_CURVE('',#3496,#3495,#442,.T.);
#4383=EDGE_CURVE('',#3193,#3496,#1115,.T.);
#4384=EDGE_CURVE('',#3497,#3496,#1116,.T.);
#4385=EDGE_CURVE('',#3194,#3497,#1117,.T.);
#4386=EDGE_CURVE('',#3498,#3497,#1118,.T.);
#4387=EDGE_CURVE('',#3195,#3498,#1119,.T.);
#4388=EDGE_CURVE('',#3499,#3498,#1120,.T.);
#4389=EDGE_CURVE('',#3196,#3499,#1121,.T.);
#4390=EDGE_CURVE('',#3500,#3499,#443,.T.);
#4391=EDGE_CURVE('',#3197,#3500,#1122,.T.);
#4392=EDGE_CURVE('',#3501,#3500,#444,.T.);
#4393=EDGE_CURVE('',#3198,#3501,#1123,.T.);
#4394=EDGE_CURVE('',#3502,#3501,#445,.T.);
#4395=EDGE_CURVE('',#3199,#3502,#1124,.T.);
#4396=EDGE_CURVE('',#3503,#3502,#446,.T.);
#4397=EDGE_CURVE('',#3200,#3503,#1125,.T.);
#4398=EDGE_CURVE('',#3504,#3503,#447,.T.);
#4399=EDGE_CURVE('',#3201,#3504,#1126,.T.);
#4400=EDGE_CURVE('',#3505,#3504,#1127,.T.);
#4401=EDGE_CURVE('',#3202,#3505,#1128,.T.);
#4402=EDGE_CURVE('',#3506,#3505,#1129,.T.);
#4403=EDGE_CURVE('',#3203,#3506,#1130,.T.);
#4404=EDGE_CURVE('',#3507,#3506,#1131,.T.);
#4405=EDGE_CURVE('',#3204,#3507,#1132,.T.);
#4406=EDGE_CURVE('',#3508,#3507,#448,.T.);
#4407=EDGE_CURVE('',#3205,#3508,#1133,.T.);
#4408=EDGE_CURVE('',#3509,#3508,#449,.T.);
#4409=EDGE_CURVE('',#3206,#3509,#1134,.T.);
#4410=EDGE_CURVE('',#3510,#3509,#1135,.T.);
#4411=EDGE_CURVE('',#3207,#3510,#1136,.T.);
#4412=EDGE_CURVE('',#3511,#3510,#1137,.T.);
#4413=EDGE_CURVE('',#3208,#3511,#1138,.T.);
#4414=EDGE_CURVE('',#3512,#3511,#1139,.T.);
#4415=EDGE_CURVE('',#3209,#3512,#1140,.T.);
#4416=EDGE_CURVE('',#3513,#3512,#450,.T.);
#4417=EDGE_CURVE('',#3210,#3513,#1141,.T.);
#4418=EDGE_CURVE('',#3514,#3513,#451,.T.);
#4419=EDGE_CURVE('',#3211,#3514,#1142,.T.);
#4420=EDGE_CURVE('',#3515,#3514,#1143,.T.);
#4421=EDGE_CURVE('',#3212,#3515,#1144,.T.);
#4422=EDGE_CURVE('',#3516,#3515,#1145,.T.);
#4423=EDGE_CURVE('',#3213,#3516,#1146,.T.);
#4424=EDGE_CURVE('',#3517,#3516,#1147,.T.);
#4425=EDGE_CURVE('',#3214,#3517,#1148,.T.);
#4426=EDGE_CURVE('',#3518,#3517,#452,.T.);
#4427=EDGE_CURVE('',#3215,#3518,#1149,.T.);
#4428=EDGE_CURVE('',#3519,#3518,#453,.T.);
#4429=EDGE_CURVE('',#3216,#3519,#1150,.T.);
#4430=EDGE_CURVE('',#3520,#3519,#454,.T.);
#4431=EDGE_CURVE('',#3217,#3520,#1151,.T.);
#4432=EDGE_CURVE('',#3521,#3520,#455,.T.);
#4433=EDGE_CURVE('',#3218,#3521,#1152,.T.);
#4434=EDGE_CURVE('',#3522,#3521,#456,.T.);
#4435=EDGE_CURVE('',#3219,#3522,#1153,.T.);
#4436=EDGE_CURVE('',#3523,#3522,#457,.T.);
#4437=EDGE_CURVE('',#3220,#3523,#1154,.T.);
#4438=EDGE_CURVE('',#3524,#3523,#1155,.T.);
#4439=EDGE_CURVE('',#3221,#3524,#1156,.T.);
#4440=EDGE_CURVE('',#3525,#3524,#1157,.T.);
#4441=EDGE_CURVE('',#3222,#3525,#1158,.T.);
#4442=EDGE_CURVE('',#3526,#3525,#458,.T.);
#4443=EDGE_CURVE('',#3223,#3526,#1159,.T.);
#4444=EDGE_CURVE('',#3527,#3526,#459,.T.);
#4445=EDGE_CURVE('',#3224,#3527,#1160,.T.);
#4446=EDGE_CURVE('',#3528,#3527,#460,.T.);
#4447=EDGE_CURVE('',#3225,#3528,#1161,.T.);
#4448=EDGE_CURVE('',#3529,#3528,#461,.T.);
#4449=EDGE_CURVE('',#3226,#3529,#1162,.T.);
#4450=EDGE_CURVE('',#3530,#3529,#462,.T.);
#4451=EDGE_CURVE('',#3227,#3530,#1163,.T.);
#4452=EDGE_CURVE('',#3531,#3530,#1164,.T.);
#4453=EDGE_CURVE('',#3228,#3531,#1165,.T.);
#4454=EDGE_CURVE('',#3491,#3531,#1166,.T.);
#4455=EDGE_CURVE('',#3532,#3533,#1167,.T.);
#4456=EDGE_CURVE('',#3532,#3534,#1168,.T.);
#4457=EDGE_CURVE('',#3535,#3534,#1169,.T.);
#4458=EDGE_CURVE('',#3533,#3535,#1170,.T.);
#4459=EDGE_CURVE('',#3533,#3536,#463,.T.);
#4460=EDGE_CURVE('',#3537,#3535,#464,.T.);
#4461=EDGE_CURVE('',#3536,#3537,#1171,.T.);
#4462=EDGE_CURVE('',#3536,#3538,#465,.T.);
#4463=EDGE_CURVE('',#3539,#3537,#466,.T.);
#4464=EDGE_CURVE('',#3538,#3539,#1172,.T.);
#4465=EDGE_CURVE('',#3538,#3540,#467,.T.);
#4466=EDGE_CURVE('',#3541,#3539,#468,.T.);
#4467=EDGE_CURVE('',#3540,#3541,#1173,.T.);
#4468=EDGE_CURVE('',#3540,#3542,#469,.T.);
#4469=EDGE_CURVE('',#3543,#3541,#470,.T.);
#4470=EDGE_CURVE('',#3542,#3543,#1174,.T.);
#4471=EDGE_CURVE('',#3542,#3544,#471,.T.);
#4472=EDGE_CURVE('',#3545,#3543,#472,.T.);
#4473=EDGE_CURVE('',#3544,#3545,#1175,.T.);
#4474=EDGE_CURVE('',#3544,#3546,#1176,.T.);
#4475=EDGE_CURVE('',#3547,#3545,#1177,.T.);
#4476=EDGE_CURVE('',#3546,#3547,#1178,.T.);
#4477=EDGE_CURVE('',#3546,#3532,#1179,.T.);
#4478=EDGE_CURVE('',#3534,#3547,#1180,.T.);
#4479=EDGE_CURVE('',#3279,#3548,#1181,.T.);
#4480=EDGE_CURVE('',#3549,#3548,#1182,.T.);
#4481=EDGE_CURVE('',#3280,#3549,#1183,.T.);
#4482=EDGE_CURVE('',#3550,#3549,#1184,.T.);
#4483=EDGE_CURVE('',#3281,#3550,#1185,.T.);
#4484=EDGE_CURVE('',#3551,#3550,#473,.T.);
#4485=EDGE_CURVE('',#3282,#3551,#1186,.T.);
#4486=EDGE_CURVE('',#3552,#3551,#474,.T.);
#4487=EDGE_CURVE('',#3283,#3552,#1187,.T.);
#4488=EDGE_CURVE('',#3553,#3552,#475,.T.);
#4489=EDGE_CURVE('',#3284,#3553,#1188,.T.);
#4490=EDGE_CURVE('',#3554,#3553,#476,.T.);
#4491=EDGE_CURVE('',#3285,#3554,#1189,.T.);
#4492=EDGE_CURVE('',#3555,#3554,#477,.T.);
#4493=EDGE_CURVE('',#3286,#3555,#1190,.T.);
#4494=EDGE_CURVE('',#3556,#3555,#478,.T.);
#4495=EDGE_CURVE('',#3287,#3556,#1191,.T.);
#4496=EDGE_CURVE('',#3557,#3556,#1192,.T.);
#4497=EDGE_CURVE('',#3288,#3557,#1193,.T.);
#4498=EDGE_CURVE('',#3558,#3557,#1194,.T.);
#4499=EDGE_CURVE('',#3289,#3558,#1195,.T.);
#4500=EDGE_CURVE('',#3548,#3558,#1196,.T.);
#4501=EDGE_CURVE('',#3559,#3560,#1197,.T.);
#4502=EDGE_CURVE('',#3559,#3561,#1198,.T.);
#4503=EDGE_CURVE('',#3562,#3561,#1199,.T.);
#4504=EDGE_CURVE('',#3560,#3562,#1200,.T.);
#4505=EDGE_CURVE('',#3560,#3563,#479,.T.);
#4506=EDGE_CURVE('',#3564,#3562,#480,.T.);
#4507=EDGE_CURVE('',#3563,#3564,#1201,.T.);
#4508=EDGE_CURVE('',#3563,#3565,#481,.T.);
#4509=EDGE_CURVE('',#3566,#3564,#482,.T.);
#4510=EDGE_CURVE('',#3565,#3566,#1202,.T.);
#4511=EDGE_CURVE('',#3565,#3567,#483,.T.);
#4512=EDGE_CURVE('',#3568,#3566,#484,.T.);
#4513=EDGE_CURVE('',#3567,#3568,#1203,.T.);
#4514=EDGE_CURVE('',#3567,#3569,#485,.T.);
#4515=EDGE_CURVE('',#3570,#3568,#486,.T.);
#4516=EDGE_CURVE('',#3569,#3570,#1204,.T.);
#4517=EDGE_CURVE('',#3569,#3571,#1205,.T.);
#4518=EDGE_CURVE('',#3572,#3570,#1206,.T.);
#4519=EDGE_CURVE('',#3571,#3572,#1207,.T.);
#4520=EDGE_CURVE('',#3571,#3559,#1208,.T.);
#4521=EDGE_CURVE('',#3561,#3572,#1209,.T.);
#4522=EDGE_CURVE('',#3229,#3573,#1210,.T.);
#4523=EDGE_CURVE('',#3574,#3573,#1211,.T.);
#4524=EDGE_CURVE('',#3230,#3574,#1212,.T.);
#4525=EDGE_CURVE('',#3575,#3574,#1213,.T.);
#4526=EDGE_CURVE('',#3231,#3575,#1214,.T.);
#4527=EDGE_CURVE('',#3576,#3575,#1215,.T.);
#4528=EDGE_CURVE('',#3232,#3576,#1216,.T.);
#4529=EDGE_CURVE('',#3577,#3576,#487,.T.);
#4530=EDGE_CURVE('',#3233,#3577,#1217,.T.);
#4531=EDGE_CURVE('',#3578,#3577,#488,.T.);
#4532=EDGE_CURVE('',#3234,#3578,#1218,.T.);
#4533=EDGE_CURVE('',#3579,#3578,#489,.T.);
#4534=EDGE_CURVE('',#3235,#3579,#1219,.T.);
#4535=EDGE_CURVE('',#3580,#3579,#490,.T.);
#4536=EDGE_CURVE('',#3236,#3580,#1220,.T.);
#4537=EDGE_CURVE('',#3581,#3580,#1221,.T.);
#4538=EDGE_CURVE('',#3237,#3581,#1222,.T.);
#4539=EDGE_CURVE('',#3573,#3581,#1223,.T.);
#4540=EDGE_CURVE('',#3582,#3583,#1224,.T.);
#4541=EDGE_CURVE('',#3582,#3584,#1225,.T.);
#4542=EDGE_CURVE('',#3585,#3584,#1226,.T.);
#4543=EDGE_CURVE('',#3583,#3585,#1227,.T.);
#4544=EDGE_CURVE('',#3583,#3586,#491,.T.);
#4545=EDGE_CURVE('',#3587,#3585,#492,.T.);
#4546=EDGE_CURVE('',#3586,#3587,#1228,.T.);
#4547=EDGE_CURVE('',#3586,#3588,#493,.T.);
#4548=EDGE_CURVE('',#3589,#3587,#494,.T.);
#4549=EDGE_CURVE('',#3588,#3589,#1229,.T.);
#4550=EDGE_CURVE('',#3588,#3590,#495,.T.);
#4551=EDGE_CURVE('',#3591,#3589,#496,.T.);
#4552=EDGE_CURVE('',#3590,#3591,#1230,.T.);
#4553=EDGE_CURVE('',#3590,#3592,#497,.T.);
#4554=EDGE_CURVE('',#3593,#3591,#498,.T.);
#4555=EDGE_CURVE('',#3592,#3593,#1231,.T.);
#4556=EDGE_CURVE('',#3592,#3594,#499,.T.);
#4557=EDGE_CURVE('',#3595,#3593,#500,.T.);
#4558=EDGE_CURVE('',#3594,#3595,#1232,.T.);
#4559=EDGE_CURVE('',#3594,#3596,#501,.T.);
#4560=EDGE_CURVE('',#3597,#3595,#502,.T.);
#4561=EDGE_CURVE('',#3596,#3597,#1233,.T.);
#4562=EDGE_CURVE('',#3596,#3598,#1234,.T.);
#4563=EDGE_CURVE('',#3599,#3597,#1235,.T.);
#4564=EDGE_CURVE('',#3598,#3599,#1236,.T.);
#4565=EDGE_CURVE('',#3598,#3582,#1237,.T.);
#4566=EDGE_CURVE('',#3584,#3599,#1238,.T.);
#4567=EDGE_CURVE('',#3600,#3601,#1239,.T.);
#4568=EDGE_CURVE('',#3600,#3602,#1240,.T.);
#4569=EDGE_CURVE('',#3603,#3602,#1241,.T.);
#4570=EDGE_CURVE('',#3601,#3603,#1242,.T.);
#4571=EDGE_CURVE('',#3601,#3604,#503,.T.);
#4572=EDGE_CURVE('',#3605,#3603,#504,.T.);
#4573=EDGE_CURVE('',#3604,#3605,#1243,.T.);
#4574=EDGE_CURVE('',#3604,#3606,#505,.T.);
#4575=EDGE_CURVE('',#3607,#3605,#506,.T.);
#4576=EDGE_CURVE('',#3606,#3607,#1244,.T.);
#4577=EDGE_CURVE('',#3606,#3608,#507,.T.);
#4578=EDGE_CURVE('',#3609,#3607,#508,.T.);
#4579=EDGE_CURVE('',#3608,#3609,#1245,.T.);
#4580=EDGE_CURVE('',#3608,#3610,#509,.T.);
#4581=EDGE_CURVE('',#3611,#3609,#510,.T.);
#4582=EDGE_CURVE('',#3610,#3611,#1246,.T.);
#4583=EDGE_CURVE('',#3610,#3612,#511,.T.);
#4584=EDGE_CURVE('',#3613,#3611,#512,.T.);
#4585=EDGE_CURVE('',#3612,#3613,#1247,.T.);
#4586=EDGE_CURVE('',#3612,#3614,#513,.T.);
#4587=EDGE_CURVE('',#3615,#3613,#514,.T.);
#4588=EDGE_CURVE('',#3614,#3615,#1248,.T.);
#4589=EDGE_CURVE('',#3614,#3616,#515,.T.);
#4590=EDGE_CURVE('',#3617,#3615,#516,.T.);
#4591=EDGE_CURVE('',#3616,#3617,#1249,.T.);
#4592=EDGE_CURVE('',#3616,#3618,#1250,.T.);
#4593=EDGE_CURVE('',#3619,#3617,#1251,.T.);
#4594=EDGE_CURVE('',#3618,#3619,#1252,.T.);
#4595=EDGE_CURVE('',#3618,#3600,#1253,.T.);
#4596=EDGE_CURVE('',#3602,#3619,#1254,.T.);
#4597=EDGE_CURVE('',#3238,#3620,#1255,.T.);
#4598=EDGE_CURVE('',#3621,#3620,#1256,.T.);
#4599=EDGE_CURVE('',#3239,#3621,#1257,.T.);
#4600=EDGE_CURVE('',#3622,#3621,#1258,.T.);
#4601=EDGE_CURVE('',#3240,#3622,#1259,.T.);
#4602=EDGE_CURVE('',#3623,#3622,#517,.T.);
#4603=EDGE_CURVE('',#3241,#3623,#1260,.T.);
#4604=EDGE_CURVE('',#3624,#3623,#518,.T.);
#4605=EDGE_CURVE('',#3242,#3624,#1261,.T.);
#4606=EDGE_CURVE('',#3625,#3624,#519,.T.);
#4607=EDGE_CURVE('',#3243,#3625,#1262,.T.);
#4608=EDGE_CURVE('',#3626,#3625,#520,.T.);
#4609=EDGE_CURVE('',#3244,#3626,#1263,.T.);
#4610=EDGE_CURVE('',#3627,#3626,#521,.T.);
#4611=EDGE_CURVE('',#3245,#3627,#1264,.T.);
#4612=EDGE_CURVE('',#3628,#3627,#522,.T.);
#4613=EDGE_CURVE('',#3246,#3628,#1265,.T.);
#4614=EDGE_CURVE('',#3629,#3628,#523,.T.);
#4615=EDGE_CURVE('',#3247,#3629,#1266,.T.);
#4616=EDGE_CURVE('',#3630,#3629,#524,.T.);
#4617=EDGE_CURVE('',#3248,#3630,#1267,.T.);
#4618=EDGE_CURVE('',#3631,#3630,#525,.T.);
#4619=EDGE_CURVE('',#3249,#3631,#1268,.T.);
#4620=EDGE_CURVE('',#3632,#3631,#526,.T.);
#4621=EDGE_CURVE('',#3250,#3632,#1269,.T.);
#4622=EDGE_CURVE('',#3633,#3632,#527,.T.);
#4623=EDGE_CURVE('',#3251,#3633,#1270,.T.);
#4624=EDGE_CURVE('',#3620,#3633,#1271,.T.);
#4625=EDGE_CURVE('',#3252,#3634,#1272,.T.);
#4626=EDGE_CURVE('',#3635,#3634,#1273,.T.);
#4627=EDGE_CURVE('',#3253,#3635,#1274,.T.);
#4628=EDGE_CURVE('',#3636,#3635,#1275,.T.);
#4629=EDGE_CURVE('',#3254,#3636,#1276,.T.);
#4630=EDGE_CURVE('',#3637,#3636,#1277,.T.);
#4631=EDGE_CURVE('',#3255,#3637,#1278,.T.);
#4632=EDGE_CURVE('',#3634,#3637,#1279,.T.);
#4633=EDGE_CURVE('',#3256,#3638,#1280,.T.);
#4634=EDGE_CURVE('',#3639,#3638,#1281,.T.);
#4635=EDGE_CURVE('',#3257,#3639,#1282,.T.);
#4636=EDGE_CURVE('',#3640,#3639,#1283,.T.);
#4637=EDGE_CURVE('',#3258,#3640,#1284,.T.);
#4638=EDGE_CURVE('',#3641,#3640,#528,.T.);
#4639=EDGE_CURVE('',#3259,#3641,#1285,.T.);
#4640=EDGE_CURVE('',#3642,#3641,#529,.T.);
#4641=EDGE_CURVE('',#3260,#3642,#1286,.T.);
#4642=EDGE_CURVE('',#3643,#3642,#530,.T.);
#4643=EDGE_CURVE('',#3261,#3643,#1287,.T.);
#4644=EDGE_CURVE('',#3644,#3643,#531,.T.);
#4645=EDGE_CURVE('',#3262,#3644,#1288,.T.);
#4646=EDGE_CURVE('',#3645,#3644,#532,.T.);
#4647=EDGE_CURVE('',#3263,#3645,#1289,.T.);
#4648=EDGE_CURVE('',#3646,#3645,#1290,.T.);
#4649=EDGE_CURVE('',#3264,#3646,#1291,.T.);
#4650=EDGE_CURVE('',#3647,#3646,#1292,.T.);
#4651=EDGE_CURVE('',#3265,#3647,#1293,.T.);
#4652=EDGE_CURVE('',#3648,#3647,#1294,.T.);
#4653=EDGE_CURVE('',#3266,#3648,#1295,.T.);
#4654=EDGE_CURVE('',#3649,#3648,#533,.T.);
#4655=EDGE_CURVE('',#3267,#3649,#1296,.T.);
#4656=EDGE_CURVE('',#3650,#3649,#534,.T.);
#4657=EDGE_CURVE('',#3268,#3650,#1297,.T.);
#4658=EDGE_CURVE('',#3651,#3650,#535,.T.);
#4659=EDGE_CURVE('',#3269,#3651,#1298,.T.);
#4660=EDGE_CURVE('',#3652,#3651,#536,.T.);
#4661=EDGE_CURVE('',#3270,#3652,#1299,.T.);
#4662=EDGE_CURVE('',#3653,#3652,#537,.T.);
#4663=EDGE_CURVE('',#3271,#3653,#1300,.T.);
#4664=EDGE_CURVE('',#3654,#3653,#1301,.T.);
#4665=EDGE_CURVE('',#3272,#3654,#1302,.T.);
#4666=EDGE_CURVE('',#3655,#3654,#1303,.T.);
#4667=EDGE_CURVE('',#3273,#3655,#1304,.T.);
#4668=EDGE_CURVE('',#3656,#3655,#1305,.T.);
#4669=EDGE_CURVE('',#3274,#3656,#1306,.T.);
#4670=EDGE_CURVE('',#3657,#3656,#538,.T.);
#4671=EDGE_CURVE('',#3275,#3657,#1307,.T.);
#4672=EDGE_CURVE('',#3658,#3657,#539,.T.);
#4673=EDGE_CURVE('',#3276,#3658,#1308,.T.);
#4674=EDGE_CURVE('',#3659,#3658,#1309,.T.);
#4675=EDGE_CURVE('',#3277,#3659,#1310,.T.);
#4676=EDGE_CURVE('',#3660,#3659,#1311,.T.);
#4677=EDGE_CURVE('',#3278,#3660,#1312,.T.);
#4678=EDGE_CURVE('',#3638,#3660,#1313,.T.);
#4679=EDGE_CURVE('',#3661,#3661,#2986,.T.);
#4680=EDGE_CURVE('',#3661,#3662,#1314,.T.);
#4681=EDGE_CURVE('',#3662,#3662,#2987,.T.);
#4682=EDGE_CURVE('',#3663,#3664,#2988,.T.);
#4683=EDGE_CURVE('',#3664,#3665,#1315,.T.);
#4684=EDGE_CURVE('',#3665,#3666,#540,.T.);
#4685=EDGE_CURVE('',#3667,#3666,#541,.F.);
#4686=EDGE_CURVE('',#3667,#3663,#1316,.T.);
#4687=EDGE_CURVE('',#3667,#3668,#1317,.T.);
#4688=EDGE_CURVE('',#3669,#3668,#1318,.T.);
#4689=EDGE_CURVE('',#3663,#3669,#1319,.T.);
#4690=EDGE_CURVE('',#3670,#3669,#542,.T.);
#4691=EDGE_CURVE('',#3668,#3671,#543,.T.);
#4692=EDGE_CURVE('',#3671,#3670,#1320,.T.);
#4693=EDGE_CURVE('',#3672,#3670,#2989,.T.);
#4694=EDGE_CURVE('',#3673,#3672,#1321,.T.);
#4695=EDGE_CURVE('',#3674,#3673,#2990,.T.);
#4696=EDGE_CURVE('',#3674,#3663,#1322,.T.);
#4697=EDGE_CURVE('',#3671,#3675,#2991,.T.);
#4698=EDGE_CURVE('',#3675,#3676,#1323,.T.);
#4699=EDGE_CURVE('',#3676,#3677,#2992,.T.);
#4700=EDGE_CURVE('',#3678,#3677,#1324,.T.);
#4701=EDGE_CURVE('',#3678,#3679,#2993,.T.);
#4702=EDGE_CURVE('',#3679,#3672,#1325,.T.);
#4703=EDGE_CURVE('',#3680,#3681,#2994,.F.);
#4704=EDGE_CURVE('',#3680,#3682,#1326,.T.);
#4705=EDGE_CURVE('',#3682,#3683,#544,.T.);
#4706=EDGE_CURVE('',#3684,#3683,#545,.F.);
#4707=EDGE_CURVE('',#3684,#3681,#1327,.T.);
#4708=EDGE_CURVE('',#3664,#3685,#1328,.T.);
#4709=EDGE_CURVE('',#3685,#3686,#2995,.T.);
#4710=EDGE_CURVE('',#3686,#3687,#1329,.T.);
#4711=EDGE_CURVE('',#3687,#3688,#2996,.T.);
#4712=EDGE_CURVE('',#3688,#3681,#1330,.T.);
#4713=EDGE_CURVE('',#3684,#3689,#1331,.T.);
#4714=EDGE_CURVE('',#3689,#3690,#2997,.T.);
#4715=EDGE_CURVE('',#3690,#3691,#1332,.T.);
#4716=EDGE_CURVE('',#3691,#3692,#2998,.T.);
#4717=EDGE_CURVE('',#3692,#3665,#1333,.T.);
#4718=EDGE_CURVE('',#3693,#3693,#2999,.T.);
#4719=EDGE_CURVE('',#3694,#3694,#3000,.T.);
#4720=EDGE_CURVE('',#3695,#3695,#3001,.T.);
#4721=EDGE_CURVE('',#3696,#3678,#546,.T.);
#4722=EDGE_CURVE('',#3677,#3697,#547,.T.);
#4723=EDGE_CURVE('',#3697,#3696,#1334,.T.);
#4724=EDGE_CURVE('',#3698,#3676,#1335,.T.);
#4725=EDGE_CURVE('',#3699,#3698,#3002,.T.);
#4726=EDGE_CURVE('',#3683,#3699,#548,.T.);
#4727=EDGE_CURVE('',#3682,#3697,#1336,.T.);
#4728=EDGE_CURVE('',#3700,#3701,#1337,.T.);
#4729=EDGE_CURVE('',#3702,#3700,#1338,.T.);
#4730=EDGE_CURVE('',#3703,#3702,#1339,.T.);
#4731=EDGE_CURVE('',#3703,#3701,#1340,.T.);
#4732=EDGE_CURVE('',#3701,#3704,#3003,.T.);
#4733=EDGE_CURVE('',#3705,#3703,#3004,.T.);
#4734=EDGE_CURVE('',#3705,#3704,#1341,.T.);
#4735=EDGE_CURVE('',#3704,#3706,#1342,.T.);
#4736=EDGE_CURVE('',#3707,#3705,#1343,.T.);
#4737=EDGE_CURVE('',#3707,#3706,#1344,.T.);
#4738=EDGE_CURVE('',#3706,#3708,#3005,.T.);
#4739=EDGE_CURVE('',#3709,#3707,#3006,.T.);
#4740=EDGE_CURVE('',#3709,#3708,#1345,.T.);
#4741=EDGE_CURVE('',#3708,#3710,#1346,.T.);
#4742=EDGE_CURVE('',#3711,#3709,#1347,.T.);
#4743=EDGE_CURVE('',#3711,#3710,#1348,.T.);
#4744=EDGE_CURVE('',#3710,#3712,#3007,.T.);
#4745=EDGE_CURVE('',#3713,#3711,#3008,.T.);
#4746=EDGE_CURVE('',#3713,#3712,#1349,.T.);
#4747=EDGE_CURVE('',#3712,#3714,#1350,.T.);
#4748=EDGE_CURVE('',#3715,#3713,#1351,.T.);
#4749=EDGE_CURVE('',#3715,#3714,#1352,.T.);
#4750=EDGE_CURVE('',#3714,#3700,#3009,.T.);
#4751=EDGE_CURVE('',#3702,#3715,#3010,.T.);
#4752=EDGE_CURVE('',#3716,#3716,#3011,.T.);
#4753=EDGE_CURVE('',#3716,#3717,#1353,.T.);
#4754=EDGE_CURVE('',#3717,#3717,#3012,.T.);
#4755=EDGE_CURVE('',#3718,#3698,#3013,.T.);
#4756=EDGE_CURVE('',#3698,#3719,#1354,.T.);
#4757=EDGE_CURVE('',#3719,#3720,#3014,.T.);
#4758=EDGE_CURVE('',#3720,#3718,#1355,.T.);
#4759=EDGE_CURVE('',#3721,#3722,#3015,.T.);
#4760=EDGE_CURVE('',#3722,#3720,#3016,.T.);
#4761=EDGE_CURVE('',#3719,#3721,#3017,.T.);
#4762=EDGE_CURVE('',#3666,#3721,#549,.F.);
#4763=EDGE_CURVE('',#3692,#3723,#3018,.T.);
#4764=EDGE_CURVE('',#3723,#3722,#1356,.T.);
#4765=EDGE_CURVE('',#3691,#3724,#3019,.T.);
#4766=EDGE_CURVE('',#3724,#3723,#3020,.T.);
#4767=EDGE_CURVE('',#3690,#3725,#3021,.T.);
#4768=EDGE_CURVE('',#3725,#3724,#1357,.T.);
#4769=EDGE_CURVE('',#3689,#3726,#3022,.T.);
#4770=EDGE_CURVE('',#3726,#3725,#3023,.T.);
#4771=EDGE_CURVE('',#3699,#3727,#3024,.T.);
#4772=EDGE_CURVE('',#3727,#3726,#1358,.T.);
#4773=EDGE_CURVE('',#3718,#3727,#3025,.T.);
#4774=EDGE_CURVE('',#3719,#3675,#1359,.T.);
#4775=EDGE_CURVE('',#3728,#3729,#1360,.T.);
#4776=EDGE_CURVE('',#3729,#3730,#1361,.T.);
#4777=EDGE_CURVE('',#3730,#3731,#1362,.T.);
#4778=EDGE_CURVE('',#3731,#3732,#1363,.T.);
#4779=EDGE_CURVE('',#3732,#3728,#1364,.T.);
#4780=EDGE_CURVE('',#3733,#3734,#1365,.T.);
#4781=EDGE_CURVE('',#3734,#3735,#1366,.T.);
#4782=EDGE_CURVE('',#3735,#3736,#1367,.T.);
#4783=EDGE_CURVE('',#3736,#3733,#1368,.T.);
#4784=EDGE_CURVE('',#3737,#3737,#3026,.T.);
#4785=EDGE_CURVE('',#3738,#3738,#3027,.T.);
#4786=EDGE_CURVE('',#3739,#3739,#3028,.T.);
#4787=EDGE_CURVE('',#3740,#3740,#3029,.T.);
#4788=EDGE_CURVE('',#3741,#3741,#3030,.T.);
#4789=EDGE_CURVE('',#3742,#3742,#3031,.T.);
#4790=EDGE_CURVE('',#3743,#3743,#3032,.T.);
#4791=EDGE_CURVE('',#3743,#3739,#3033,.T.);
#4792=EDGE_CURVE('',#3744,#3744,#3034,.T.);
#4793=EDGE_CURVE('',#3744,#3742,#3035,.T.);
#4794=EDGE_CURVE('',#3745,#3745,#3036,.T.);
#4795=EDGE_CURVE('',#3745,#3740,#3037,.T.);
#4796=EDGE_CURVE('',#3746,#3746,#3038,.T.);
#4797=EDGE_CURVE('',#3746,#3741,#3039,.T.);
#4798=EDGE_CURVE('',#3738,#3747,#1369,.T.);
#4799=EDGE_CURVE('',#3747,#3747,#3040,.T.);
#4800=EDGE_CURVE('',#3737,#3748,#1370,.T.);
#4801=EDGE_CURVE('',#3748,#3748,#3041,.T.);
#4802=EDGE_CURVE('',#3735,#3749,#1371,.T.);
#4803=EDGE_CURVE('',#3750,#3749,#1372,.T.);
#4804=EDGE_CURVE('',#3736,#3750,#1373,.T.);
#4805=EDGE_CURVE('',#3751,#3750,#1374,.T.);
#4806=EDGE_CURVE('',#3733,#3751,#1375,.T.);
#4807=EDGE_CURVE('',#3752,#3751,#1376,.T.);
#4808=EDGE_CURVE('',#3734,#3752,#1377,.T.);
#4809=EDGE_CURVE('',#3749,#3752,#1378,.T.);
#4810=EDGE_CURVE('',#3731,#3753,#1379,.T.);
#4811=EDGE_CURVE('',#3754,#3753,#1380,.T.);
#4812=EDGE_CURVE('',#3732,#3754,#1381,.T.);
#4813=EDGE_CURVE('',#3755,#3754,#1382,.T.);
#4814=EDGE_CURVE('',#3728,#3755,#1383,.T.);
#4815=EDGE_CURVE('',#3756,#3755,#1384,.T.);
#4816=EDGE_CURVE('',#3729,#3756,#1385,.T.);
#4817=EDGE_CURVE('',#3730,#3757,#1386,.T.);
#4818=EDGE_CURVE('',#3753,#3757,#1387,.T.);
#4819=EDGE_CURVE('',#3757,#3756,#1388,.T.);
#4820=EDGE_CURVE('',#3680,#3696,#1389,.T.);
#4821=EDGE_CURVE('',#3758,#3758,#3042,.T.);
#4822=EDGE_CURVE('',#3758,#3759,#1390,.T.);
#4823=EDGE_CURVE('',#3759,#3759,#3043,.T.);
#4824=EDGE_CURVE('',#3760,#3674,#1391,.T.);
#4825=EDGE_CURVE('',#3673,#3761,#1392,.T.);
#4826=EDGE_CURVE('',#3761,#3762,#3044,.T.);
#4827=EDGE_CURVE('',#3762,#3763,#1393,.T.);
#4828=EDGE_CURVE('',#3763,#3764,#3045,.T.);
#4829=EDGE_CURVE('',#3764,#3765,#1394,.T.);
#4830=EDGE_CURVE('',#3765,#3760,#3046,.T.);
#4831=EDGE_CURVE('',#3766,#3766,#3047,.T.);
#4832=EDGE_CURVE('',#3767,#3767,#3048,.T.);
#4833=EDGE_CURVE('',#3768,#3768,#3049,.T.);
#4834=EDGE_CURVE('',#3769,#3769,#3050,.T.);
#4835=EDGE_CURVE('',#3770,#3770,#3051,.T.);
#4836=EDGE_CURVE('',#3771,#3771,#3052,.T.);
#4837=EDGE_CURVE('',#3759,#3695,#1395,.T.);
#4838=EDGE_CURVE('',#3766,#3772,#1396,.T.);
#4839=EDGE_CURVE('',#3772,#3772,#3053,.T.);
#4840=EDGE_CURVE('',#3772,#3693,#1397,.T.);
#4841=EDGE_CURVE('',#3771,#3773,#1398,.T.);
#4842=EDGE_CURVE('',#3773,#3773,#3054,.T.);
#4843=EDGE_CURVE('',#3773,#3694,#1399,.T.);
#4844=EDGE_CURVE('',#3767,#3774,#1400,.T.);
#4845=EDGE_CURVE('',#3774,#3774,#3055,.T.);
#4846=EDGE_CURVE('',#3774,#3775,#1401,.T.);
#4847=EDGE_CURVE('',#3775,#3775,#3056,.T.);
#4848=EDGE_CURVE('',#3770,#3776,#1402,.T.);
#4849=EDGE_CURVE('',#3776,#3776,#3057,.T.);
#4850=EDGE_CURVE('',#3776,#3777,#1403,.T.);
#4851=EDGE_CURVE('',#3777,#3777,#3058,.T.);
#4852=EDGE_CURVE('',#3768,#3778,#1404,.T.);
#4853=EDGE_CURVE('',#3778,#3778,#3059,.T.);
#4854=EDGE_CURVE('',#3778,#3779,#1405,.T.);
#4855=EDGE_CURVE('',#3779,#3779,#3060,.T.);
#4856=EDGE_CURVE('',#3769,#3780,#1406,.T.);
#4857=EDGE_CURVE('',#3780,#3780,#3061,.T.);
#4858=EDGE_CURVE('',#3780,#3781,#1407,.T.);
#4859=EDGE_CURVE('',#3781,#3781,#3062,.T.);
#4860=EDGE_CURVE('',#3760,#3685,#1408,.T.);
#4861=EDGE_CURVE('',#3765,#3686,#1409,.T.);
#4862=EDGE_CURVE('',#3764,#3687,#1410,.T.);
#4863=EDGE_CURVE('',#3763,#3688,#1411,.T.);
#4864=EDGE_CURVE('',#3762,#3680,#1412,.T.);
#4865=EDGE_CURVE('',#3761,#3679,#1413,.T.);
#4866=ORIENTED_EDGE('',*,*,#3782,.T.);
#4867=ORIENTED_EDGE('',*,*,#3783,.T.);
#4868=ORIENTED_EDGE('',*,*,#3784,.T.);
#4869=ORIENTED_EDGE('',*,*,#3785,.T.);
#4870=ORIENTED_EDGE('',*,*,#3786,.T.);
#4871=ORIENTED_EDGE('',*,*,#3787,.T.);
#4872=ORIENTED_EDGE('',*,*,#3784,.F.);
#4873=ORIENTED_EDGE('',*,*,#3788,.F.);
#4874=ORIENTED_EDGE('',*,*,#3786,.F.);
#4875=ORIENTED_EDGE('',*,*,#3789,.T.);
#4876=ORIENTED_EDGE('',*,*,#3790,.T.);
#4877=ORIENTED_EDGE('',*,*,#3791,.T.);
#4878=ORIENTED_EDGE('',*,*,#3792,.T.);
#4879=ORIENTED_EDGE('',*,*,#3793,.T.);
#4880=ORIENTED_EDGE('',*,*,#3790,.F.);
#4881=ORIENTED_EDGE('',*,*,#3794,.F.);
#4882=ORIENTED_EDGE('',*,*,#3792,.F.);
#4883=ORIENTED_EDGE('',*,*,#3795,.T.);
#4884=ORIENTED_EDGE('',*,*,#3796,.T.);
#4885=ORIENTED_EDGE('',*,*,#3797,.T.);
#4886=ORIENTED_EDGE('',*,*,#3798,.T.);
#4887=ORIENTED_EDGE('',*,*,#3799,.T.);
#4888=ORIENTED_EDGE('',*,*,#3796,.F.);
#4889=ORIENTED_EDGE('',*,*,#3800,.F.);
#4890=ORIENTED_EDGE('',*,*,#3798,.F.);
#4891=ORIENTED_EDGE('',*,*,#3801,.T.);
#4892=ORIENTED_EDGE('',*,*,#3802,.T.);
#4893=ORIENTED_EDGE('',*,*,#3803,.T.);
#4894=ORIENTED_EDGE('',*,*,#3782,.F.);
#4895=ORIENTED_EDGE('',*,*,#3804,.T.);
#4896=ORIENTED_EDGE('',*,*,#3802,.F.);
#4897=ORIENTED_EDGE('',*,*,#3805,.F.);
#4898=ORIENTED_EDGE('',*,*,#3785,.F.);
#4899=ORIENTED_EDGE('',*,*,#3787,.F.);
#4900=ORIENTED_EDGE('',*,*,#3791,.F.);
#4901=ORIENTED_EDGE('',*,*,#3793,.F.);
#4902=ORIENTED_EDGE('',*,*,#3797,.F.);
#4903=ORIENTED_EDGE('',*,*,#3799,.F.);
#4904=ORIENTED_EDGE('',*,*,#3803,.F.);
#4905=ORIENTED_EDGE('',*,*,#3804,.F.);
#4906=ORIENTED_EDGE('',*,*,#3806,.T.);
#4907=ORIENTED_EDGE('',*,*,#3807,.T.);
#4908=ORIENTED_EDGE('',*,*,#3808,.T.);
#4909=ORIENTED_EDGE('',*,*,#3809,.T.);
#4910=ORIENTED_EDGE('',*,*,#3810,.T.);
#4911=ORIENTED_EDGE('',*,*,#3811,.T.);
#4912=ORIENTED_EDGE('',*,*,#3812,.T.);
#4913=ORIENTED_EDGE('',*,*,#3813,.T.);
#4914=ORIENTED_EDGE('',*,*,#3814,.T.);
#4915=ORIENTED_EDGE('',*,*,#3815,.T.);
#4916=ORIENTED_EDGE('',*,*,#3816,.T.);
#4917=ORIENTED_EDGE('',*,*,#3817,.T.);
#4918=ORIENTED_EDGE('',*,*,#3818,.T.);
#4919=ORIENTED_EDGE('',*,*,#3819,.T.);
#4920=ORIENTED_EDGE('',*,*,#3820,.T.);
#4921=ORIENTED_EDGE('',*,*,#3821,.T.);
#4922=ORIENTED_EDGE('',*,*,#3822,.T.);
#4923=ORIENTED_EDGE('',*,*,#3823,.T.);
#4924=ORIENTED_EDGE('',*,*,#3824,.T.);
#4925=ORIENTED_EDGE('',*,*,#3825,.T.);
#4926=ORIENTED_EDGE('',*,*,#3826,.T.);
#4927=ORIENTED_EDGE('',*,*,#3827,.T.);
#4928=ORIENTED_EDGE('',*,*,#3828,.T.);
#4929=ORIENTED_EDGE('',*,*,#3829,.T.);
#4930=ORIENTED_EDGE('',*,*,#3830,.T.);
#4931=ORIENTED_EDGE('',*,*,#3831,.T.);
#4932=ORIENTED_EDGE('',*,*,#3832,.T.);
#4933=ORIENTED_EDGE('',*,*,#3833,.T.);
#4934=ORIENTED_EDGE('',*,*,#3834,.T.);
#4935=ORIENTED_EDGE('',*,*,#3835,.T.);
#4936=ORIENTED_EDGE('',*,*,#3836,.T.);
#4937=ORIENTED_EDGE('',*,*,#3837,.T.);
#4938=ORIENTED_EDGE('',*,*,#3838,.T.);
#4939=ORIENTED_EDGE('',*,*,#3839,.T.);
#4940=ORIENTED_EDGE('',*,*,#3840,.T.);
#4941=ORIENTED_EDGE('',*,*,#3841,.T.);
#4942=ORIENTED_EDGE('',*,*,#3842,.T.);
#4943=ORIENTED_EDGE('',*,*,#3843,.T.);
#4944=ORIENTED_EDGE('',*,*,#3844,.T.);
#4945=ORIENTED_EDGE('',*,*,#3845,.T.);
#4946=ORIENTED_EDGE('',*,*,#3846,.T.);
#4947=ORIENTED_EDGE('',*,*,#3847,.T.);
#4948=ORIENTED_EDGE('',*,*,#3848,.T.);
#4949=ORIENTED_EDGE('',*,*,#3849,.T.);
#4950=ORIENTED_EDGE('',*,*,#3850,.T.);
#4951=ORIENTED_EDGE('',*,*,#3851,.T.);
#4952=ORIENTED_EDGE('',*,*,#3852,.T.);
#4953=ORIENTED_EDGE('',*,*,#3853,.T.);
#4954=ORIENTED_EDGE('',*,*,#3854,.T.);
#4955=ORIENTED_EDGE('',*,*,#3855,.T.);
#4956=ORIENTED_EDGE('',*,*,#3856,.T.);
#4957=ORIENTED_EDGE('',*,*,#3857,.T.);
#4958=ORIENTED_EDGE('',*,*,#3858,.T.);
#4959=ORIENTED_EDGE('',*,*,#3859,.T.);
#4960=ORIENTED_EDGE('',*,*,#3860,.T.);
#4961=ORIENTED_EDGE('',*,*,#3861,.T.);
#4962=ORIENTED_EDGE('',*,*,#3862,.T.);
#4963=ORIENTED_EDGE('',*,*,#3863,.T.);
#4964=ORIENTED_EDGE('',*,*,#3864,.T.);
#4965=ORIENTED_EDGE('',*,*,#3865,.T.);
#4966=ORIENTED_EDGE('',*,*,#3866,.T.);
#4967=ORIENTED_EDGE('',*,*,#3867,.T.);
#4968=ORIENTED_EDGE('',*,*,#3868,.T.);
#4969=ORIENTED_EDGE('',*,*,#3869,.T.);
#4970=ORIENTED_EDGE('',*,*,#3870,.T.);
#4971=ORIENTED_EDGE('',*,*,#3871,.T.);
#4972=ORIENTED_EDGE('',*,*,#3872,.T.);
#4973=ORIENTED_EDGE('',*,*,#3873,.T.);
#4974=ORIENTED_EDGE('',*,*,#3874,.T.);
#4975=ORIENTED_EDGE('',*,*,#3875,.T.);
#4976=ORIENTED_EDGE('',*,*,#3876,.T.);
#4977=ORIENTED_EDGE('',*,*,#3877,.T.);
#4978=ORIENTED_EDGE('',*,*,#3878,.T.);
#4979=ORIENTED_EDGE('',*,*,#3879,.T.);
#4980=ORIENTED_EDGE('',*,*,#3880,.T.);
#4981=ORIENTED_EDGE('',*,*,#3881,.T.);
#4982=ORIENTED_EDGE('',*,*,#3882,.T.);
#4983=ORIENTED_EDGE('',*,*,#3883,.T.);
#4984=ORIENTED_EDGE('',*,*,#3884,.T.);
#4985=ORIENTED_EDGE('',*,*,#3885,.T.);
#4986=ORIENTED_EDGE('',*,*,#3886,.T.);
#4987=ORIENTED_EDGE('',*,*,#3887,.T.);
#4988=ORIENTED_EDGE('',*,*,#3888,.T.);
#4989=ORIENTED_EDGE('',*,*,#3889,.T.);
#4990=ORIENTED_EDGE('',*,*,#3890,.T.);
#4991=ORIENTED_EDGE('',*,*,#3891,.T.);
#4992=ORIENTED_EDGE('',*,*,#3892,.T.);
#4993=ORIENTED_EDGE('',*,*,#3893,.T.);
#4994=ORIENTED_EDGE('',*,*,#3894,.T.);
#4995=ORIENTED_EDGE('',*,*,#3895,.T.);
#4996=ORIENTED_EDGE('',*,*,#3896,.T.);
#4997=ORIENTED_EDGE('',*,*,#3897,.T.);
#4998=ORIENTED_EDGE('',*,*,#3898,.T.);
#4999=ORIENTED_EDGE('',*,*,#3899,.T.);
#5000=ORIENTED_EDGE('',*,*,#3900,.T.);
#5001=ORIENTED_EDGE('',*,*,#3901,.T.);
#5002=ORIENTED_EDGE('',*,*,#3902,.T.);
#5003=ORIENTED_EDGE('',*,*,#3903,.T.);
#5004=ORIENTED_EDGE('',*,*,#3904,.T.);
#5005=ORIENTED_EDGE('',*,*,#3905,.T.);
#5006=ORIENTED_EDGE('',*,*,#3906,.T.);
#5007=ORIENTED_EDGE('',*,*,#3907,.T.);
#5008=ORIENTED_EDGE('',*,*,#3908,.T.);
#5009=ORIENTED_EDGE('',*,*,#3909,.T.);
#5010=ORIENTED_EDGE('',*,*,#3910,.T.);
#5011=ORIENTED_EDGE('',*,*,#3911,.T.);
#5012=ORIENTED_EDGE('',*,*,#3912,.T.);
#5013=ORIENTED_EDGE('',*,*,#3913,.T.);
#5014=ORIENTED_EDGE('',*,*,#3914,.T.);
#5015=ORIENTED_EDGE('',*,*,#3915,.T.);
#5016=ORIENTED_EDGE('',*,*,#3916,.T.);
#5017=ORIENTED_EDGE('',*,*,#3917,.T.);
#5018=ORIENTED_EDGE('',*,*,#3918,.T.);
#5019=ORIENTED_EDGE('',*,*,#3919,.T.);
#5020=ORIENTED_EDGE('',*,*,#3920,.T.);
#5021=ORIENTED_EDGE('',*,*,#3921,.T.);
#5022=ORIENTED_EDGE('',*,*,#3922,.T.);
#5023=ORIENTED_EDGE('',*,*,#3923,.T.);
#5024=ORIENTED_EDGE('',*,*,#3924,.T.);
#5025=ORIENTED_EDGE('',*,*,#3925,.T.);
#5026=ORIENTED_EDGE('',*,*,#3926,.T.);
#5027=ORIENTED_EDGE('',*,*,#3927,.T.);
#5028=ORIENTED_EDGE('',*,*,#3928,.T.);
#5029=ORIENTED_EDGE('',*,*,#3929,.T.);
#5030=ORIENTED_EDGE('',*,*,#3930,.T.);
#5031=ORIENTED_EDGE('',*,*,#3931,.T.);
#5032=ORIENTED_EDGE('',*,*,#3932,.T.);
#5033=ORIENTED_EDGE('',*,*,#3933,.T.);
#5034=ORIENTED_EDGE('',*,*,#3934,.T.);
#5035=ORIENTED_EDGE('',*,*,#3935,.T.);
#5036=ORIENTED_EDGE('',*,*,#3936,.T.);
#5037=ORIENTED_EDGE('',*,*,#3937,.T.);
#5038=ORIENTED_EDGE('',*,*,#3938,.T.);
#5039=ORIENTED_EDGE('',*,*,#3939,.T.);
#5040=ORIENTED_EDGE('',*,*,#3940,.T.);
#5041=ORIENTED_EDGE('',*,*,#3941,.T.);
#5042=ORIENTED_EDGE('',*,*,#3942,.T.);
#5043=ORIENTED_EDGE('',*,*,#3943,.T.);
#5044=ORIENTED_EDGE('',*,*,#3944,.T.);
#5045=ORIENTED_EDGE('',*,*,#3945,.T.);
#5046=ORIENTED_EDGE('',*,*,#3946,.T.);
#5047=ORIENTED_EDGE('',*,*,#3947,.T.);
#5048=ORIENTED_EDGE('',*,*,#3948,.T.);
#5049=ORIENTED_EDGE('',*,*,#3949,.T.);
#5050=ORIENTED_EDGE('',*,*,#3950,.T.);
#5051=ORIENTED_EDGE('',*,*,#3951,.T.);
#5052=ORIENTED_EDGE('',*,*,#3952,.T.);
#5053=ORIENTED_EDGE('',*,*,#3953,.T.);
#5054=ORIENTED_EDGE('',*,*,#3954,.T.);
#5055=ORIENTED_EDGE('',*,*,#3955,.T.);
#5056=ORIENTED_EDGE('',*,*,#3956,.T.);
#5057=ORIENTED_EDGE('',*,*,#3957,.T.);
#5058=ORIENTED_EDGE('',*,*,#3958,.T.);
#5059=ORIENTED_EDGE('',*,*,#3959,.T.);
#5060=ORIENTED_EDGE('',*,*,#3960,.T.);
#5061=ORIENTED_EDGE('',*,*,#3961,.T.);
#5062=ORIENTED_EDGE('',*,*,#3962,.T.);
#5063=ORIENTED_EDGE('',*,*,#3963,.T.);
#5064=ORIENTED_EDGE('',*,*,#3964,.T.);
#5065=ORIENTED_EDGE('',*,*,#3965,.T.);
#5066=ORIENTED_EDGE('',*,*,#3966,.T.);
#5067=ORIENTED_EDGE('',*,*,#3967,.T.);
#5068=ORIENTED_EDGE('',*,*,#3968,.T.);
#5069=ORIENTED_EDGE('',*,*,#3969,.T.);
#5070=ORIENTED_EDGE('',*,*,#3970,.T.);
#5071=ORIENTED_EDGE('',*,*,#3971,.T.);
#5072=ORIENTED_EDGE('',*,*,#3972,.T.);
#5073=ORIENTED_EDGE('',*,*,#3973,.T.);
#5074=ORIENTED_EDGE('',*,*,#3974,.T.);
#5075=ORIENTED_EDGE('',*,*,#3975,.T.);
#5076=ORIENTED_EDGE('',*,*,#3976,.T.);
#5077=ORIENTED_EDGE('',*,*,#3977,.T.);
#5078=ORIENTED_EDGE('',*,*,#3978,.T.);
#5079=ORIENTED_EDGE('',*,*,#3979,.T.);
#5080=ORIENTED_EDGE('',*,*,#3980,.T.);
#5081=ORIENTED_EDGE('',*,*,#3981,.T.);
#5082=ORIENTED_EDGE('',*,*,#3982,.T.);
#5083=ORIENTED_EDGE('',*,*,#3983,.T.);
#5084=ORIENTED_EDGE('',*,*,#3984,.T.);
#5085=ORIENTED_EDGE('',*,*,#3985,.T.);
#5086=ORIENTED_EDGE('',*,*,#3986,.T.);
#5087=ORIENTED_EDGE('',*,*,#3987,.T.);
#5088=ORIENTED_EDGE('',*,*,#3988,.T.);
#5089=ORIENTED_EDGE('',*,*,#3989,.T.);
#5090=ORIENTED_EDGE('',*,*,#3990,.T.);
#5091=ORIENTED_EDGE('',*,*,#3991,.T.);
#5092=ORIENTED_EDGE('',*,*,#3992,.T.);
#5093=ORIENTED_EDGE('',*,*,#3993,.T.);
#5094=ORIENTED_EDGE('',*,*,#3994,.T.);
#5095=ORIENTED_EDGE('',*,*,#3995,.T.);
#5096=ORIENTED_EDGE('',*,*,#3996,.T.);
#5097=ORIENTED_EDGE('',*,*,#3997,.T.);
#5098=ORIENTED_EDGE('',*,*,#3998,.T.);
#5099=ORIENTED_EDGE('',*,*,#3999,.T.);
#5100=ORIENTED_EDGE('',*,*,#4000,.T.);
#5101=ORIENTED_EDGE('',*,*,#4001,.T.);
#5102=ORIENTED_EDGE('',*,*,#4002,.T.);
#5103=ORIENTED_EDGE('',*,*,#4003,.T.);
#5104=ORIENTED_EDGE('',*,*,#4004,.T.);
#5105=ORIENTED_EDGE('',*,*,#4005,.T.);
#5106=ORIENTED_EDGE('',*,*,#4006,.T.);
#5107=ORIENTED_EDGE('',*,*,#4007,.T.);
#5108=ORIENTED_EDGE('',*,*,#4008,.T.);
#5109=ORIENTED_EDGE('',*,*,#4009,.T.);
#5110=ORIENTED_EDGE('',*,*,#4010,.T.);
#5111=ORIENTED_EDGE('',*,*,#4011,.T.);
#5112=ORIENTED_EDGE('',*,*,#4012,.T.);
#5113=ORIENTED_EDGE('',*,*,#4013,.T.);
#5114=ORIENTED_EDGE('',*,*,#4014,.T.);
#5115=ORIENTED_EDGE('',*,*,#4015,.T.);
#5116=ORIENTED_EDGE('',*,*,#4016,.T.);
#5117=ORIENTED_EDGE('',*,*,#4017,.T.);
#5118=ORIENTED_EDGE('',*,*,#4018,.T.);
#5119=ORIENTED_EDGE('',*,*,#4019,.T.);
#5120=ORIENTED_EDGE('',*,*,#4020,.T.);
#5121=ORIENTED_EDGE('',*,*,#4021,.T.);
#5122=ORIENTED_EDGE('',*,*,#4022,.T.);
#5123=ORIENTED_EDGE('',*,*,#4023,.T.);
#5124=ORIENTED_EDGE('',*,*,#4024,.T.);
#5125=ORIENTED_EDGE('',*,*,#4025,.T.);
#5126=ORIENTED_EDGE('',*,*,#4026,.T.);
#5127=ORIENTED_EDGE('',*,*,#4027,.T.);
#5128=ORIENTED_EDGE('',*,*,#4028,.T.);
#5129=ORIENTED_EDGE('',*,*,#4029,.T.);
#5130=ORIENTED_EDGE('',*,*,#4030,.T.);
#5131=ORIENTED_EDGE('',*,*,#4031,.T.);
#5132=ORIENTED_EDGE('',*,*,#4032,.F.);
#5133=ORIENTED_EDGE('',*,*,#4033,.T.);
#5134=ORIENTED_EDGE('',*,*,#4034,.F.);
#5135=ORIENTED_EDGE('',*,*,#4035,.F.);
#5136=ORIENTED_EDGE('',*,*,#4036,.F.);
#5137=ORIENTED_EDGE('',*,*,#4035,.T.);
#5138=ORIENTED_EDGE('',*,*,#4037,.F.);
#5139=ORIENTED_EDGE('',*,*,#4038,.F.);
#5140=ORIENTED_EDGE('',*,*,#4039,.F.);
#5141=ORIENTED_EDGE('',*,*,#4038,.T.);
#5142=ORIENTED_EDGE('',*,*,#4040,.F.);
#5143=ORIENTED_EDGE('',*,*,#4041,.F.);
#5144=ORIENTED_EDGE('',*,*,#4042,.F.);
#5145=ORIENTED_EDGE('',*,*,#4041,.T.);
#5146=ORIENTED_EDGE('',*,*,#4043,.F.);
#5147=ORIENTED_EDGE('',*,*,#4044,.F.);
#5148=ORIENTED_EDGE('',*,*,#4045,.F.);
#5149=ORIENTED_EDGE('',*,*,#4044,.T.);
#5150=ORIENTED_EDGE('',*,*,#4046,.F.);
#5151=ORIENTED_EDGE('',*,*,#4047,.F.);
#5152=ORIENTED_EDGE('',*,*,#4048,.F.);
#5153=ORIENTED_EDGE('',*,*,#4047,.T.);
#5154=ORIENTED_EDGE('',*,*,#4049,.F.);
#5155=ORIENTED_EDGE('',*,*,#4050,.F.);
#5156=ORIENTED_EDGE('',*,*,#4051,.F.);
#5157=ORIENTED_EDGE('',*,*,#4050,.T.);
#5158=ORIENTED_EDGE('',*,*,#4052,.F.);
#5159=ORIENTED_EDGE('',*,*,#4053,.F.);
#5160=ORIENTED_EDGE('',*,*,#4054,.F.);
#5161=ORIENTED_EDGE('',*,*,#4053,.T.);
#5162=ORIENTED_EDGE('',*,*,#4055,.F.);
#5163=ORIENTED_EDGE('',*,*,#4056,.F.);
#5164=ORIENTED_EDGE('',*,*,#4057,.F.);
#5165=ORIENTED_EDGE('',*,*,#4056,.T.);
#5166=ORIENTED_EDGE('',*,*,#4058,.F.);
#5167=ORIENTED_EDGE('',*,*,#4033,.F.);
#5168=ORIENTED_EDGE('',*,*,#4059,.F.);
#5169=ORIENTED_EDGE('',*,*,#4060,.T.);
#5170=ORIENTED_EDGE('',*,*,#4061,.F.);
#5171=ORIENTED_EDGE('',*,*,#4062,.F.);
#5172=ORIENTED_EDGE('',*,*,#4063,.F.);
#5173=ORIENTED_EDGE('',*,*,#4062,.T.);
#5174=ORIENTED_EDGE('',*,*,#4064,.F.);
#5175=ORIENTED_EDGE('',*,*,#4065,.F.);
#5176=ORIENTED_EDGE('',*,*,#4066,.F.);
#5177=ORIENTED_EDGE('',*,*,#4065,.T.);
#5178=ORIENTED_EDGE('',*,*,#4067,.F.);
#5179=ORIENTED_EDGE('',*,*,#4068,.F.);
#5180=ORIENTED_EDGE('',*,*,#4069,.F.);
#5181=ORIENTED_EDGE('',*,*,#4068,.T.);
#5182=ORIENTED_EDGE('',*,*,#4070,.F.);
#5183=ORIENTED_EDGE('',*,*,#4071,.F.);
#5184=ORIENTED_EDGE('',*,*,#4072,.F.);
#5185=ORIENTED_EDGE('',*,*,#4071,.T.);
#5186=ORIENTED_EDGE('',*,*,#4073,.F.);
#5187=ORIENTED_EDGE('',*,*,#4074,.F.);
#5188=ORIENTED_EDGE('',*,*,#4075,.F.);
#5189=ORIENTED_EDGE('',*,*,#4074,.T.);
#5190=ORIENTED_EDGE('',*,*,#4076,.F.);
#5191=ORIENTED_EDGE('',*,*,#4077,.F.);
#5192=ORIENTED_EDGE('',*,*,#4078,.F.);
#5193=ORIENTED_EDGE('',*,*,#4077,.T.);
#5194=ORIENTED_EDGE('',*,*,#4079,.F.);
#5195=ORIENTED_EDGE('',*,*,#4080,.F.);
#5196=ORIENTED_EDGE('',*,*,#4081,.F.);
#5197=ORIENTED_EDGE('',*,*,#4080,.T.);
#5198=ORIENTED_EDGE('',*,*,#4082,.F.);
#5199=ORIENTED_EDGE('',*,*,#4083,.F.);
#5200=ORIENTED_EDGE('',*,*,#4084,.F.);
#5201=ORIENTED_EDGE('',*,*,#4083,.T.);
#5202=ORIENTED_EDGE('',*,*,#4085,.F.);
#5203=ORIENTED_EDGE('',*,*,#4086,.F.);
#5204=ORIENTED_EDGE('',*,*,#4087,.F.);
#5205=ORIENTED_EDGE('',*,*,#4086,.T.);
#5206=ORIENTED_EDGE('',*,*,#4088,.F.);
#5207=ORIENTED_EDGE('',*,*,#4060,.F.);
#5208=ORIENTED_EDGE('',*,*,#3806,.F.);
#5209=ORIENTED_EDGE('',*,*,#4089,.T.);
#5210=ORIENTED_EDGE('',*,*,#4090,.F.);
#5211=ORIENTED_EDGE('',*,*,#4091,.F.);
#5212=ORIENTED_EDGE('',*,*,#3807,.F.);
#5213=ORIENTED_EDGE('',*,*,#4091,.T.);
#5214=ORIENTED_EDGE('',*,*,#4092,.F.);
#5215=ORIENTED_EDGE('',*,*,#4093,.F.);
#5216=ORIENTED_EDGE('',*,*,#3808,.F.);
#5217=ORIENTED_EDGE('',*,*,#4093,.T.);
#5218=ORIENTED_EDGE('',*,*,#4094,.F.);
#5219=ORIENTED_EDGE('',*,*,#4095,.F.);
#5220=ORIENTED_EDGE('',*,*,#3809,.F.);
#5221=ORIENTED_EDGE('',*,*,#4095,.T.);
#5222=ORIENTED_EDGE('',*,*,#4096,.F.);
#5223=ORIENTED_EDGE('',*,*,#4097,.F.);
#5224=ORIENTED_EDGE('',*,*,#3810,.F.);
#5225=ORIENTED_EDGE('',*,*,#4097,.T.);
#5226=ORIENTED_EDGE('',*,*,#4098,.F.);
#5227=ORIENTED_EDGE('',*,*,#4099,.F.);
#5228=ORIENTED_EDGE('',*,*,#3811,.F.);
#5229=ORIENTED_EDGE('',*,*,#4099,.T.);
#5230=ORIENTED_EDGE('',*,*,#4100,.F.);
#5231=ORIENTED_EDGE('',*,*,#4101,.F.);
#5232=ORIENTED_EDGE('',*,*,#3812,.F.);
#5233=ORIENTED_EDGE('',*,*,#4101,.T.);
#5234=ORIENTED_EDGE('',*,*,#4102,.F.);
#5235=ORIENTED_EDGE('',*,*,#4103,.F.);
#5236=ORIENTED_EDGE('',*,*,#3813,.F.);
#5237=ORIENTED_EDGE('',*,*,#4103,.T.);
#5238=ORIENTED_EDGE('',*,*,#4104,.F.);
#5239=ORIENTED_EDGE('',*,*,#4105,.F.);
#5240=ORIENTED_EDGE('',*,*,#3814,.F.);
#5241=ORIENTED_EDGE('',*,*,#4105,.T.);
#5242=ORIENTED_EDGE('',*,*,#4106,.F.);
#5243=ORIENTED_EDGE('',*,*,#4107,.F.);
#5244=ORIENTED_EDGE('',*,*,#3815,.F.);
#5245=ORIENTED_EDGE('',*,*,#4107,.T.);
#5246=ORIENTED_EDGE('',*,*,#4108,.F.);
#5247=ORIENTED_EDGE('',*,*,#4109,.F.);
#5248=ORIENTED_EDGE('',*,*,#3816,.F.);
#5249=ORIENTED_EDGE('',*,*,#4109,.T.);
#5250=ORIENTED_EDGE('',*,*,#4110,.F.);
#5251=ORIENTED_EDGE('',*,*,#4111,.F.);
#5252=ORIENTED_EDGE('',*,*,#3817,.F.);
#5253=ORIENTED_EDGE('',*,*,#4111,.T.);
#5254=ORIENTED_EDGE('',*,*,#4112,.F.);
#5255=ORIENTED_EDGE('',*,*,#4113,.F.);
#5256=ORIENTED_EDGE('',*,*,#3818,.F.);
#5257=ORIENTED_EDGE('',*,*,#4113,.T.);
#5258=ORIENTED_EDGE('',*,*,#4114,.F.);
#5259=ORIENTED_EDGE('',*,*,#4115,.F.);
#5260=ORIENTED_EDGE('',*,*,#3819,.F.);
#5261=ORIENTED_EDGE('',*,*,#4115,.T.);
#5262=ORIENTED_EDGE('',*,*,#4116,.F.);
#5263=ORIENTED_EDGE('',*,*,#4089,.F.);
#5264=ORIENTED_EDGE('',*,*,#4116,.T.);
#5265=ORIENTED_EDGE('',*,*,#4114,.T.);
#5266=ORIENTED_EDGE('',*,*,#4112,.T.);
#5267=ORIENTED_EDGE('',*,*,#4110,.T.);
#5268=ORIENTED_EDGE('',*,*,#4108,.T.);
#5269=ORIENTED_EDGE('',*,*,#4106,.T.);
#5270=ORIENTED_EDGE('',*,*,#4104,.T.);
#5271=ORIENTED_EDGE('',*,*,#4102,.T.);
#5272=ORIENTED_EDGE('',*,*,#4100,.T.);
#5273=ORIENTED_EDGE('',*,*,#4098,.T.);
#5274=ORIENTED_EDGE('',*,*,#4096,.T.);
#5275=ORIENTED_EDGE('',*,*,#4094,.T.);
#5276=ORIENTED_EDGE('',*,*,#4092,.T.);
#5277=ORIENTED_EDGE('',*,*,#4090,.T.);
#5278=ORIENTED_EDGE('',*,*,#4088,.T.);
#5279=ORIENTED_EDGE('',*,*,#4085,.T.);
#5280=ORIENTED_EDGE('',*,*,#4082,.T.);
#5281=ORIENTED_EDGE('',*,*,#4079,.T.);
#5282=ORIENTED_EDGE('',*,*,#4076,.T.);
#5283=ORIENTED_EDGE('',*,*,#4073,.T.);
#5284=ORIENTED_EDGE('',*,*,#4070,.T.);
#5285=ORIENTED_EDGE('',*,*,#4067,.T.);
#5286=ORIENTED_EDGE('',*,*,#4064,.T.);
#5287=ORIENTED_EDGE('',*,*,#4061,.T.);
#5288=ORIENTED_EDGE('',*,*,#4058,.T.);
#5289=ORIENTED_EDGE('',*,*,#4055,.T.);
#5290=ORIENTED_EDGE('',*,*,#4052,.T.);
#5291=ORIENTED_EDGE('',*,*,#4049,.T.);
#5292=ORIENTED_EDGE('',*,*,#4046,.T.);
#5293=ORIENTED_EDGE('',*,*,#4043,.T.);
#5294=ORIENTED_EDGE('',*,*,#4040,.T.);
#5295=ORIENTED_EDGE('',*,*,#4037,.T.);
#5296=ORIENTED_EDGE('',*,*,#4034,.T.);
#5297=ORIENTED_EDGE('',*,*,#4059,.T.);
#5298=ORIENTED_EDGE('',*,*,#4063,.T.);
#5299=ORIENTED_EDGE('',*,*,#4066,.T.);
#5300=ORIENTED_EDGE('',*,*,#4069,.T.);
#5301=ORIENTED_EDGE('',*,*,#4072,.T.);
#5302=ORIENTED_EDGE('',*,*,#4075,.T.);
#5303=ORIENTED_EDGE('',*,*,#4078,.T.);
#5304=ORIENTED_EDGE('',*,*,#4081,.T.);
#5305=ORIENTED_EDGE('',*,*,#4084,.T.);
#5306=ORIENTED_EDGE('',*,*,#4087,.T.);
#5307=ORIENTED_EDGE('',*,*,#3820,.F.);
#5308=ORIENTED_EDGE('',*,*,#4117,.T.);
#5309=ORIENTED_EDGE('',*,*,#4118,.F.);
#5310=ORIENTED_EDGE('',*,*,#4119,.F.);
#5311=ORIENTED_EDGE('',*,*,#3821,.F.);
#5312=ORIENTED_EDGE('',*,*,#4119,.T.);
#5313=ORIENTED_EDGE('',*,*,#4120,.F.);
#5314=ORIENTED_EDGE('',*,*,#4121,.F.);
#5315=ORIENTED_EDGE('',*,*,#3822,.F.);
#5316=ORIENTED_EDGE('',*,*,#4121,.T.);
#5317=ORIENTED_EDGE('',*,*,#4122,.F.);
#5318=ORIENTED_EDGE('',*,*,#4123,.F.);
#5319=ORIENTED_EDGE('',*,*,#3823,.F.);
#5320=ORIENTED_EDGE('',*,*,#4123,.T.);
#5321=ORIENTED_EDGE('',*,*,#4124,.F.);
#5322=ORIENTED_EDGE('',*,*,#4125,.F.);
#5323=ORIENTED_EDGE('',*,*,#3824,.F.);
#5324=ORIENTED_EDGE('',*,*,#4125,.T.);
#5325=ORIENTED_EDGE('',*,*,#4126,.F.);
#5326=ORIENTED_EDGE('',*,*,#4127,.F.);
#5327=ORIENTED_EDGE('',*,*,#3825,.F.);
#5328=ORIENTED_EDGE('',*,*,#4127,.T.);
#5329=ORIENTED_EDGE('',*,*,#4128,.F.);
#5330=ORIENTED_EDGE('',*,*,#4129,.F.);
#5331=ORIENTED_EDGE('',*,*,#3826,.F.);
#5332=ORIENTED_EDGE('',*,*,#4129,.T.);
#5333=ORIENTED_EDGE('',*,*,#4130,.F.);
#5334=ORIENTED_EDGE('',*,*,#4131,.F.);
#5335=ORIENTED_EDGE('',*,*,#3827,.F.);
#5336=ORIENTED_EDGE('',*,*,#4131,.T.);
#5337=ORIENTED_EDGE('',*,*,#4132,.F.);
#5338=ORIENTED_EDGE('',*,*,#4133,.F.);
#5339=ORIENTED_EDGE('',*,*,#3828,.F.);
#5340=ORIENTED_EDGE('',*,*,#4133,.T.);
#5341=ORIENTED_EDGE('',*,*,#4134,.F.);
#5342=ORIENTED_EDGE('',*,*,#4135,.F.);
#5343=ORIENTED_EDGE('',*,*,#3829,.F.);
#5344=ORIENTED_EDGE('',*,*,#4135,.T.);
#5345=ORIENTED_EDGE('',*,*,#4136,.F.);
#5346=ORIENTED_EDGE('',*,*,#4137,.F.);
#5347=ORIENTED_EDGE('',*,*,#3830,.F.);
#5348=ORIENTED_EDGE('',*,*,#4137,.T.);
#5349=ORIENTED_EDGE('',*,*,#4138,.F.);
#5350=ORIENTED_EDGE('',*,*,#4139,.F.);
#5351=ORIENTED_EDGE('',*,*,#3831,.F.);
#5352=ORIENTED_EDGE('',*,*,#4139,.T.);
#5353=ORIENTED_EDGE('',*,*,#4140,.F.);
#5354=ORIENTED_EDGE('',*,*,#4141,.F.);
#5355=ORIENTED_EDGE('',*,*,#3832,.F.);
#5356=ORIENTED_EDGE('',*,*,#4141,.T.);
#5357=ORIENTED_EDGE('',*,*,#4142,.F.);
#5358=ORIENTED_EDGE('',*,*,#4143,.F.);
#5359=ORIENTED_EDGE('',*,*,#3833,.F.);
#5360=ORIENTED_EDGE('',*,*,#4143,.T.);
#5361=ORIENTED_EDGE('',*,*,#4144,.F.);
#5362=ORIENTED_EDGE('',*,*,#4145,.F.);
#5363=ORIENTED_EDGE('',*,*,#3834,.F.);
#5364=ORIENTED_EDGE('',*,*,#4145,.T.);
#5365=ORIENTED_EDGE('',*,*,#4146,.F.);
#5366=ORIENTED_EDGE('',*,*,#4147,.F.);
#5367=ORIENTED_EDGE('',*,*,#3835,.F.);
#5368=ORIENTED_EDGE('',*,*,#4147,.T.);
#5369=ORIENTED_EDGE('',*,*,#4148,.F.);
#5370=ORIENTED_EDGE('',*,*,#4117,.F.);
#5371=ORIENTED_EDGE('',*,*,#4148,.T.);
#5372=ORIENTED_EDGE('',*,*,#4146,.T.);
#5373=ORIENTED_EDGE('',*,*,#4144,.T.);
#5374=ORIENTED_EDGE('',*,*,#4142,.T.);
#5375=ORIENTED_EDGE('',*,*,#4140,.T.);
#5376=ORIENTED_EDGE('',*,*,#4138,.T.);
#5377=ORIENTED_EDGE('',*,*,#4136,.T.);
#5378=ORIENTED_EDGE('',*,*,#4134,.T.);
#5379=ORIENTED_EDGE('',*,*,#4132,.T.);
#5380=ORIENTED_EDGE('',*,*,#4130,.T.);
#5381=ORIENTED_EDGE('',*,*,#4128,.T.);
#5382=ORIENTED_EDGE('',*,*,#4126,.T.);
#5383=ORIENTED_EDGE('',*,*,#4124,.T.);
#5384=ORIENTED_EDGE('',*,*,#4122,.T.);
#5385=ORIENTED_EDGE('',*,*,#4120,.T.);
#5386=ORIENTED_EDGE('',*,*,#4118,.T.);
#5387=ORIENTED_EDGE('',*,*,#3836,.F.);
#5388=ORIENTED_EDGE('',*,*,#4149,.T.);
#5389=ORIENTED_EDGE('',*,*,#4150,.F.);
#5390=ORIENTED_EDGE('',*,*,#4151,.F.);
#5391=ORIENTED_EDGE('',*,*,#3837,.F.);
#5392=ORIENTED_EDGE('',*,*,#4151,.T.);
#5393=ORIENTED_EDGE('',*,*,#4152,.F.);
#5394=ORIENTED_EDGE('',*,*,#4153,.F.);
#5395=ORIENTED_EDGE('',*,*,#3838,.F.);
#5396=ORIENTED_EDGE('',*,*,#4153,.T.);
#5397=ORIENTED_EDGE('',*,*,#4154,.F.);
#5398=ORIENTED_EDGE('',*,*,#4155,.F.);
#5399=ORIENTED_EDGE('',*,*,#3839,.F.);
#5400=ORIENTED_EDGE('',*,*,#4155,.T.);
#5401=ORIENTED_EDGE('',*,*,#4156,.F.);
#5402=ORIENTED_EDGE('',*,*,#4157,.F.);
#5403=ORIENTED_EDGE('',*,*,#3840,.F.);
#5404=ORIENTED_EDGE('',*,*,#4157,.T.);
#5405=ORIENTED_EDGE('',*,*,#4158,.F.);
#5406=ORIENTED_EDGE('',*,*,#4159,.F.);
#5407=ORIENTED_EDGE('',*,*,#3841,.F.);
#5408=ORIENTED_EDGE('',*,*,#4159,.T.);
#5409=ORIENTED_EDGE('',*,*,#4160,.F.);
#5410=ORIENTED_EDGE('',*,*,#4161,.F.);
#5411=ORIENTED_EDGE('',*,*,#3842,.F.);
#5412=ORIENTED_EDGE('',*,*,#4161,.T.);
#5413=ORIENTED_EDGE('',*,*,#4162,.F.);
#5414=ORIENTED_EDGE('',*,*,#4163,.F.);
#5415=ORIENTED_EDGE('',*,*,#3843,.F.);
#5416=ORIENTED_EDGE('',*,*,#4163,.T.);
#5417=ORIENTED_EDGE('',*,*,#4164,.F.);
#5418=ORIENTED_EDGE('',*,*,#4165,.F.);
#5419=ORIENTED_EDGE('',*,*,#3844,.F.);
#5420=ORIENTED_EDGE('',*,*,#4165,.T.);
#5421=ORIENTED_EDGE('',*,*,#4166,.F.);
#5422=ORIENTED_EDGE('',*,*,#4167,.F.);
#5423=ORIENTED_EDGE('',*,*,#3845,.F.);
#5424=ORIENTED_EDGE('',*,*,#4167,.T.);
#5425=ORIENTED_EDGE('',*,*,#4168,.F.);
#5426=ORIENTED_EDGE('',*,*,#4169,.F.);
#5427=ORIENTED_EDGE('',*,*,#3846,.F.);
#5428=ORIENTED_EDGE('',*,*,#4169,.T.);
#5429=ORIENTED_EDGE('',*,*,#4170,.F.);
#5430=ORIENTED_EDGE('',*,*,#4171,.F.);
#5431=ORIENTED_EDGE('',*,*,#3847,.F.);
#5432=ORIENTED_EDGE('',*,*,#4171,.T.);
#5433=ORIENTED_EDGE('',*,*,#4172,.F.);
#5434=ORIENTED_EDGE('',*,*,#4173,.F.);
#5435=ORIENTED_EDGE('',*,*,#3848,.F.);
#5436=ORIENTED_EDGE('',*,*,#4173,.T.);
#5437=ORIENTED_EDGE('',*,*,#4174,.F.);
#5438=ORIENTED_EDGE('',*,*,#4175,.F.);
#5439=ORIENTED_EDGE('',*,*,#3849,.F.);
#5440=ORIENTED_EDGE('',*,*,#4175,.T.);
#5441=ORIENTED_EDGE('',*,*,#4176,.F.);
#5442=ORIENTED_EDGE('',*,*,#4177,.F.);
#5443=ORIENTED_EDGE('',*,*,#3850,.F.);
#5444=ORIENTED_EDGE('',*,*,#4177,.T.);
#5445=ORIENTED_EDGE('',*,*,#4178,.F.);
#5446=ORIENTED_EDGE('',*,*,#4179,.F.);
#5447=ORIENTED_EDGE('',*,*,#3851,.F.);
#5448=ORIENTED_EDGE('',*,*,#4179,.T.);
#5449=ORIENTED_EDGE('',*,*,#4180,.F.);
#5450=ORIENTED_EDGE('',*,*,#4149,.F.);
#5451=ORIENTED_EDGE('',*,*,#4180,.T.);
#5452=ORIENTED_EDGE('',*,*,#4178,.T.);
#5453=ORIENTED_EDGE('',*,*,#4176,.T.);
#5454=ORIENTED_EDGE('',*,*,#4174,.T.);
#5455=ORIENTED_EDGE('',*,*,#4172,.T.);
#5456=ORIENTED_EDGE('',*,*,#4170,.T.);
#5457=ORIENTED_EDGE('',*,*,#4168,.T.);
#5458=ORIENTED_EDGE('',*,*,#4166,.T.);
#5459=ORIENTED_EDGE('',*,*,#4164,.T.);
#5460=ORIENTED_EDGE('',*,*,#4162,.T.);
#5461=ORIENTED_EDGE('',*,*,#4160,.T.);
#5462=ORIENTED_EDGE('',*,*,#4158,.T.);
#5463=ORIENTED_EDGE('',*,*,#4156,.T.);
#5464=ORIENTED_EDGE('',*,*,#4154,.T.);
#5465=ORIENTED_EDGE('',*,*,#4152,.T.);
#5466=ORIENTED_EDGE('',*,*,#4150,.T.);
#5467=ORIENTED_EDGE('',*,*,#3852,.F.);
#5468=ORIENTED_EDGE('',*,*,#4181,.T.);
#5469=ORIENTED_EDGE('',*,*,#4182,.F.);
#5470=ORIENTED_EDGE('',*,*,#4183,.F.);
#5471=ORIENTED_EDGE('',*,*,#3853,.F.);
#5472=ORIENTED_EDGE('',*,*,#4183,.T.);
#5473=ORIENTED_EDGE('',*,*,#4184,.F.);
#5474=ORIENTED_EDGE('',*,*,#4185,.F.);
#5475=ORIENTED_EDGE('',*,*,#3854,.F.);
#5476=ORIENTED_EDGE('',*,*,#4185,.T.);
#5477=ORIENTED_EDGE('',*,*,#4186,.F.);
#5478=ORIENTED_EDGE('',*,*,#4187,.F.);
#5479=ORIENTED_EDGE('',*,*,#3855,.F.);
#5480=ORIENTED_EDGE('',*,*,#4187,.T.);
#5481=ORIENTED_EDGE('',*,*,#4188,.F.);
#5482=ORIENTED_EDGE('',*,*,#4181,.F.);
#5483=ORIENTED_EDGE('',*,*,#4188,.T.);
#5484=ORIENTED_EDGE('',*,*,#4186,.T.);
#5485=ORIENTED_EDGE('',*,*,#4184,.T.);
#5486=ORIENTED_EDGE('',*,*,#4182,.T.);
#5487=ORIENTED_EDGE('',*,*,#3856,.F.);
#5488=ORIENTED_EDGE('',*,*,#4189,.T.);
#5489=ORIENTED_EDGE('',*,*,#4190,.F.);
#5490=ORIENTED_EDGE('',*,*,#4191,.F.);
#5491=ORIENTED_EDGE('',*,*,#3857,.F.);
#5492=ORIENTED_EDGE('',*,*,#4191,.T.);
#5493=ORIENTED_EDGE('',*,*,#4192,.F.);
#5494=ORIENTED_EDGE('',*,*,#4193,.F.);
#5495=ORIENTED_EDGE('',*,*,#3858,.F.);
#5496=ORIENTED_EDGE('',*,*,#4193,.T.);
#5497=ORIENTED_EDGE('',*,*,#4194,.F.);
#5498=ORIENTED_EDGE('',*,*,#4195,.F.);
#5499=ORIENTED_EDGE('',*,*,#3859,.F.);
#5500=ORIENTED_EDGE('',*,*,#4195,.T.);
#5501=ORIENTED_EDGE('',*,*,#4196,.F.);
#5502=ORIENTED_EDGE('',*,*,#4197,.F.);
#5503=ORIENTED_EDGE('',*,*,#3860,.F.);
#5504=ORIENTED_EDGE('',*,*,#4197,.T.);
#5505=ORIENTED_EDGE('',*,*,#4198,.F.);
#5506=ORIENTED_EDGE('',*,*,#4199,.F.);
#5507=ORIENTED_EDGE('',*,*,#3861,.F.);
#5508=ORIENTED_EDGE('',*,*,#4199,.T.);
#5509=ORIENTED_EDGE('',*,*,#4200,.F.);
#5510=ORIENTED_EDGE('',*,*,#4201,.F.);
#5511=ORIENTED_EDGE('',*,*,#3862,.F.);
#5512=ORIENTED_EDGE('',*,*,#4201,.T.);
#5513=ORIENTED_EDGE('',*,*,#4202,.F.);
#5514=ORIENTED_EDGE('',*,*,#4203,.F.);
#5515=ORIENTED_EDGE('',*,*,#3863,.F.);
#5516=ORIENTED_EDGE('',*,*,#4203,.T.);
#5517=ORIENTED_EDGE('',*,*,#4204,.F.);
#5518=ORIENTED_EDGE('',*,*,#4205,.F.);
#5519=ORIENTED_EDGE('',*,*,#3864,.F.);
#5520=ORIENTED_EDGE('',*,*,#4205,.T.);
#5521=ORIENTED_EDGE('',*,*,#4206,.F.);
#5522=ORIENTED_EDGE('',*,*,#4207,.F.);
#5523=ORIENTED_EDGE('',*,*,#3865,.F.);
#5524=ORIENTED_EDGE('',*,*,#4207,.T.);
#5525=ORIENTED_EDGE('',*,*,#4208,.F.);
#5526=ORIENTED_EDGE('',*,*,#4209,.F.);
#5527=ORIENTED_EDGE('',*,*,#3866,.F.);
#5528=ORIENTED_EDGE('',*,*,#4209,.T.);
#5529=ORIENTED_EDGE('',*,*,#4210,.F.);
#5530=ORIENTED_EDGE('',*,*,#4211,.F.);
#5531=ORIENTED_EDGE('',*,*,#3867,.F.);
#5532=ORIENTED_EDGE('',*,*,#4211,.T.);
#5533=ORIENTED_EDGE('',*,*,#4212,.F.);
#5534=ORIENTED_EDGE('',*,*,#4213,.F.);
#5535=ORIENTED_EDGE('',*,*,#3868,.F.);
#5536=ORIENTED_EDGE('',*,*,#4213,.T.);
#5537=ORIENTED_EDGE('',*,*,#4214,.F.);
#5538=ORIENTED_EDGE('',*,*,#4215,.F.);
#5539=ORIENTED_EDGE('',*,*,#3869,.F.);
#5540=ORIENTED_EDGE('',*,*,#4215,.T.);
#5541=ORIENTED_EDGE('',*,*,#4216,.F.);
#5542=ORIENTED_EDGE('',*,*,#4217,.F.);
#5543=ORIENTED_EDGE('',*,*,#3870,.F.);
#5544=ORIENTED_EDGE('',*,*,#4217,.T.);
#5545=ORIENTED_EDGE('',*,*,#4218,.F.);
#5546=ORIENTED_EDGE('',*,*,#4219,.F.);
#5547=ORIENTED_EDGE('',*,*,#3871,.F.);
#5548=ORIENTED_EDGE('',*,*,#4219,.T.);
#5549=ORIENTED_EDGE('',*,*,#4220,.F.);
#5550=ORIENTED_EDGE('',*,*,#4221,.F.);
#5551=ORIENTED_EDGE('',*,*,#3872,.F.);
#5552=ORIENTED_EDGE('',*,*,#4221,.T.);
#5553=ORIENTED_EDGE('',*,*,#4222,.F.);
#5554=ORIENTED_EDGE('',*,*,#4223,.F.);
#5555=ORIENTED_EDGE('',*,*,#3873,.F.);
#5556=ORIENTED_EDGE('',*,*,#4223,.T.);
#5557=ORIENTED_EDGE('',*,*,#4224,.F.);
#5558=ORIENTED_EDGE('',*,*,#4225,.F.);
#5559=ORIENTED_EDGE('',*,*,#3874,.F.);
#5560=ORIENTED_EDGE('',*,*,#4225,.T.);
#5561=ORIENTED_EDGE('',*,*,#4226,.F.);
#5562=ORIENTED_EDGE('',*,*,#4227,.F.);
#5563=ORIENTED_EDGE('',*,*,#3875,.F.);
#5564=ORIENTED_EDGE('',*,*,#4227,.T.);
#5565=ORIENTED_EDGE('',*,*,#4228,.F.);
#5566=ORIENTED_EDGE('',*,*,#4229,.F.);
#5567=ORIENTED_EDGE('',*,*,#3876,.F.);
#5568=ORIENTED_EDGE('',*,*,#4229,.T.);
#5569=ORIENTED_EDGE('',*,*,#4230,.F.);
#5570=ORIENTED_EDGE('',*,*,#4231,.F.);
#5571=ORIENTED_EDGE('',*,*,#3877,.F.);
#5572=ORIENTED_EDGE('',*,*,#4231,.T.);
#5573=ORIENTED_EDGE('',*,*,#4232,.F.);
#5574=ORIENTED_EDGE('',*,*,#4233,.F.);
#5575=ORIENTED_EDGE('',*,*,#3878,.F.);
#5576=ORIENTED_EDGE('',*,*,#4233,.T.);
#5577=ORIENTED_EDGE('',*,*,#4234,.F.);
#5578=ORIENTED_EDGE('',*,*,#4189,.F.);
#5579=ORIENTED_EDGE('',*,*,#4234,.T.);
#5580=ORIENTED_EDGE('',*,*,#4232,.T.);
#5581=ORIENTED_EDGE('',*,*,#4230,.T.);
#5582=ORIENTED_EDGE('',*,*,#4228,.T.);
#5583=ORIENTED_EDGE('',*,*,#4226,.T.);
#5584=ORIENTED_EDGE('',*,*,#4224,.T.);
#5585=ORIENTED_EDGE('',*,*,#4222,.T.);
#5586=ORIENTED_EDGE('',*,*,#4220,.T.);
#5587=ORIENTED_EDGE('',*,*,#4218,.T.);
#5588=ORIENTED_EDGE('',*,*,#4216,.T.);
#5589=ORIENTED_EDGE('',*,*,#4214,.T.);
#5590=ORIENTED_EDGE('',*,*,#4212,.T.);
#5591=ORIENTED_EDGE('',*,*,#4210,.T.);
#5592=ORIENTED_EDGE('',*,*,#4208,.T.);
#5593=ORIENTED_EDGE('',*,*,#4206,.T.);
#5594=ORIENTED_EDGE('',*,*,#4204,.T.);
#5595=ORIENTED_EDGE('',*,*,#4202,.T.);
#5596=ORIENTED_EDGE('',*,*,#4200,.T.);
#5597=ORIENTED_EDGE('',*,*,#4198,.T.);
#5598=ORIENTED_EDGE('',*,*,#4196,.T.);
#5599=ORIENTED_EDGE('',*,*,#4194,.T.);
#5600=ORIENTED_EDGE('',*,*,#4192,.T.);
#5601=ORIENTED_EDGE('',*,*,#4190,.T.);
#5602=ORIENTED_EDGE('',*,*,#4235,.F.);
#5603=ORIENTED_EDGE('',*,*,#4236,.T.);
#5604=ORIENTED_EDGE('',*,*,#4237,.F.);
#5605=ORIENTED_EDGE('',*,*,#4238,.F.);
#5606=ORIENTED_EDGE('',*,*,#4239,.F.);
#5607=ORIENTED_EDGE('',*,*,#4238,.T.);
#5608=ORIENTED_EDGE('',*,*,#4240,.F.);
#5609=ORIENTED_EDGE('',*,*,#4241,.F.);
#5610=ORIENTED_EDGE('',*,*,#4242,.F.);
#5611=ORIENTED_EDGE('',*,*,#4241,.T.);
#5612=ORIENTED_EDGE('',*,*,#4243,.F.);
#5613=ORIENTED_EDGE('',*,*,#4244,.F.);
#5614=ORIENTED_EDGE('',*,*,#4245,.F.);
#5615=ORIENTED_EDGE('',*,*,#4244,.T.);
#5616=ORIENTED_EDGE('',*,*,#4246,.F.);
#5617=ORIENTED_EDGE('',*,*,#4247,.F.);
#5618=ORIENTED_EDGE('',*,*,#4248,.F.);
#5619=ORIENTED_EDGE('',*,*,#4247,.T.);
#5620=ORIENTED_EDGE('',*,*,#4249,.F.);
#5621=ORIENTED_EDGE('',*,*,#4236,.F.);
#5622=ORIENTED_EDGE('',*,*,#4017,.F.);
#5623=ORIENTED_EDGE('',*,*,#4250,.T.);
#5624=ORIENTED_EDGE('',*,*,#4251,.F.);
#5625=ORIENTED_EDGE('',*,*,#4252,.F.);
#5626=ORIENTED_EDGE('',*,*,#4018,.F.);
#5627=ORIENTED_EDGE('',*,*,#4252,.T.);
#5628=ORIENTED_EDGE('',*,*,#4253,.F.);
#5629=ORIENTED_EDGE('',*,*,#4254,.F.);
#5630=ORIENTED_EDGE('',*,*,#4019,.F.);
#5631=ORIENTED_EDGE('',*,*,#4254,.T.);
#5632=ORIENTED_EDGE('',*,*,#4255,.F.);
#5633=ORIENTED_EDGE('',*,*,#4256,.F.);
#5634=ORIENTED_EDGE('',*,*,#4020,.F.);
#5635=ORIENTED_EDGE('',*,*,#4256,.T.);
#5636=ORIENTED_EDGE('',*,*,#4257,.F.);
#5637=ORIENTED_EDGE('',*,*,#4258,.F.);
#5638=ORIENTED_EDGE('',*,*,#4021,.F.);
#5639=ORIENTED_EDGE('',*,*,#4258,.T.);
#5640=ORIENTED_EDGE('',*,*,#4259,.F.);
#5641=ORIENTED_EDGE('',*,*,#4260,.F.);
#5642=ORIENTED_EDGE('',*,*,#4022,.F.);
#5643=ORIENTED_EDGE('',*,*,#4260,.T.);
#5644=ORIENTED_EDGE('',*,*,#4261,.F.);
#5645=ORIENTED_EDGE('',*,*,#4262,.F.);
#5646=ORIENTED_EDGE('',*,*,#4023,.F.);
#5647=ORIENTED_EDGE('',*,*,#4262,.T.);
#5648=ORIENTED_EDGE('',*,*,#4263,.F.);
#5649=ORIENTED_EDGE('',*,*,#4264,.F.);
#5650=ORIENTED_EDGE('',*,*,#4024,.F.);
#5651=ORIENTED_EDGE('',*,*,#4264,.T.);
#5652=ORIENTED_EDGE('',*,*,#4265,.F.);
#5653=ORIENTED_EDGE('',*,*,#4266,.F.);
#5654=ORIENTED_EDGE('',*,*,#4025,.F.);
#5655=ORIENTED_EDGE('',*,*,#4266,.T.);
#5656=ORIENTED_EDGE('',*,*,#4267,.F.);
#5657=ORIENTED_EDGE('',*,*,#4268,.F.);
#5658=ORIENTED_EDGE('',*,*,#4026,.F.);
#5659=ORIENTED_EDGE('',*,*,#4268,.T.);
#5660=ORIENTED_EDGE('',*,*,#4269,.F.);
#5661=ORIENTED_EDGE('',*,*,#4270,.F.);
#5662=ORIENTED_EDGE('',*,*,#4027,.F.);
#5663=ORIENTED_EDGE('',*,*,#4270,.T.);
#5664=ORIENTED_EDGE('',*,*,#4271,.F.);
#5665=ORIENTED_EDGE('',*,*,#4272,.F.);
#5666=ORIENTED_EDGE('',*,*,#4028,.F.);
#5667=ORIENTED_EDGE('',*,*,#4272,.T.);
#5668=ORIENTED_EDGE('',*,*,#4273,.F.);
#5669=ORIENTED_EDGE('',*,*,#4274,.F.);
#5670=ORIENTED_EDGE('',*,*,#4029,.F.);
#5671=ORIENTED_EDGE('',*,*,#4274,.T.);
#5672=ORIENTED_EDGE('',*,*,#4275,.F.);
#5673=ORIENTED_EDGE('',*,*,#4276,.F.);
#5674=ORIENTED_EDGE('',*,*,#4030,.F.);
#5675=ORIENTED_EDGE('',*,*,#4276,.T.);
#5676=ORIENTED_EDGE('',*,*,#4277,.F.);
#5677=ORIENTED_EDGE('',*,*,#4278,.F.);
#5678=ORIENTED_EDGE('',*,*,#4031,.F.);
#5679=ORIENTED_EDGE('',*,*,#4278,.T.);
#5680=ORIENTED_EDGE('',*,*,#4279,.F.);
#5681=ORIENTED_EDGE('',*,*,#4250,.F.);
#5682=ORIENTED_EDGE('',*,*,#4279,.T.);
#5683=ORIENTED_EDGE('',*,*,#4277,.T.);
#5684=ORIENTED_EDGE('',*,*,#4275,.T.);
#5685=ORIENTED_EDGE('',*,*,#4273,.T.);
#5686=ORIENTED_EDGE('',*,*,#4271,.T.);
#5687=ORIENTED_EDGE('',*,*,#4269,.T.);
#5688=ORIENTED_EDGE('',*,*,#4267,.T.);
#5689=ORIENTED_EDGE('',*,*,#4265,.T.);
#5690=ORIENTED_EDGE('',*,*,#4263,.T.);
#5691=ORIENTED_EDGE('',*,*,#4261,.T.);
#5692=ORIENTED_EDGE('',*,*,#4259,.T.);
#5693=ORIENTED_EDGE('',*,*,#4257,.T.);
#5694=ORIENTED_EDGE('',*,*,#4255,.T.);
#5695=ORIENTED_EDGE('',*,*,#4253,.T.);
#5696=ORIENTED_EDGE('',*,*,#4251,.T.);
#5697=ORIENTED_EDGE('',*,*,#4249,.T.);
#5698=ORIENTED_EDGE('',*,*,#4246,.T.);
#5699=ORIENTED_EDGE('',*,*,#4243,.T.);
#5700=ORIENTED_EDGE('',*,*,#4240,.T.);
#5701=ORIENTED_EDGE('',*,*,#4237,.T.);
#5702=ORIENTED_EDGE('',*,*,#4032,.T.);
#5703=ORIENTED_EDGE('',*,*,#4036,.T.);
#5704=ORIENTED_EDGE('',*,*,#4039,.T.);
#5705=ORIENTED_EDGE('',*,*,#4042,.T.);
#5706=ORIENTED_EDGE('',*,*,#4045,.T.);
#5707=ORIENTED_EDGE('',*,*,#4048,.T.);
#5708=ORIENTED_EDGE('',*,*,#4051,.T.);
#5709=ORIENTED_EDGE('',*,*,#4054,.T.);
#5710=ORIENTED_EDGE('',*,*,#4057,.T.);
#5711=ORIENTED_EDGE('',*,*,#4280,.F.);
#5712=ORIENTED_EDGE('',*,*,#4281,.T.);
#5713=ORIENTED_EDGE('',*,*,#4282,.F.);
#5714=ORIENTED_EDGE('',*,*,#4283,.F.);
#5715=ORIENTED_EDGE('',*,*,#4284,.F.);
#5716=ORIENTED_EDGE('',*,*,#4283,.T.);
#5717=ORIENTED_EDGE('',*,*,#4285,.F.);
#5718=ORIENTED_EDGE('',*,*,#4286,.F.);
#5719=ORIENTED_EDGE('',*,*,#4287,.F.);
#5720=ORIENTED_EDGE('',*,*,#4286,.T.);
#5721=ORIENTED_EDGE('',*,*,#4288,.F.);
#5722=ORIENTED_EDGE('',*,*,#4289,.F.);
#5723=ORIENTED_EDGE('',*,*,#4290,.F.);
#5724=ORIENTED_EDGE('',*,*,#4289,.T.);
#5725=ORIENTED_EDGE('',*,*,#4291,.F.);
#5726=ORIENTED_EDGE('',*,*,#4292,.F.);
#5727=ORIENTED_EDGE('',*,*,#4293,.F.);
#5728=ORIENTED_EDGE('',*,*,#4292,.T.);
#5729=ORIENTED_EDGE('',*,*,#4294,.F.);
#5730=ORIENTED_EDGE('',*,*,#4295,.F.);
#5731=ORIENTED_EDGE('',*,*,#4296,.F.);
#5732=ORIENTED_EDGE('',*,*,#4295,.T.);
#5733=ORIENTED_EDGE('',*,*,#4297,.F.);
#5734=ORIENTED_EDGE('',*,*,#4298,.F.);
#5735=ORIENTED_EDGE('',*,*,#4299,.F.);
#5736=ORIENTED_EDGE('',*,*,#4298,.T.);
#5737=ORIENTED_EDGE('',*,*,#4300,.F.);
#5738=ORIENTED_EDGE('',*,*,#4281,.F.);
#5739=ORIENTED_EDGE('',*,*,#3879,.F.);
#5740=ORIENTED_EDGE('',*,*,#4301,.T.);
#5741=ORIENTED_EDGE('',*,*,#4302,.F.);
#5742=ORIENTED_EDGE('',*,*,#4303,.F.);
#5743=ORIENTED_EDGE('',*,*,#3880,.F.);
#5744=ORIENTED_EDGE('',*,*,#4303,.T.);
#5745=ORIENTED_EDGE('',*,*,#4304,.F.);
#5746=ORIENTED_EDGE('',*,*,#4305,.F.);
#5747=ORIENTED_EDGE('',*,*,#3881,.F.);
#5748=ORIENTED_EDGE('',*,*,#4305,.T.);
#5749=ORIENTED_EDGE('',*,*,#4306,.F.);
#5750=ORIENTED_EDGE('',*,*,#4307,.F.);
#5751=ORIENTED_EDGE('',*,*,#3882,.F.);
#5752=ORIENTED_EDGE('',*,*,#4307,.T.);
#5753=ORIENTED_EDGE('',*,*,#4308,.F.);
#5754=ORIENTED_EDGE('',*,*,#4309,.F.);
#5755=ORIENTED_EDGE('',*,*,#3883,.F.);
#5756=ORIENTED_EDGE('',*,*,#4309,.T.);
#5757=ORIENTED_EDGE('',*,*,#4310,.F.);
#5758=ORIENTED_EDGE('',*,*,#4311,.F.);
#5759=ORIENTED_EDGE('',*,*,#3884,.F.);
#5760=ORIENTED_EDGE('',*,*,#4311,.T.);
#5761=ORIENTED_EDGE('',*,*,#4312,.F.);
#5762=ORIENTED_EDGE('',*,*,#4313,.F.);
#5763=ORIENTED_EDGE('',*,*,#3885,.F.);
#5764=ORIENTED_EDGE('',*,*,#4313,.T.);
#5765=ORIENTED_EDGE('',*,*,#4314,.F.);
#5766=ORIENTED_EDGE('',*,*,#4315,.F.);
#5767=ORIENTED_EDGE('',*,*,#3886,.F.);
#5768=ORIENTED_EDGE('',*,*,#4315,.T.);
#5769=ORIENTED_EDGE('',*,*,#4316,.F.);
#5770=ORIENTED_EDGE('',*,*,#4317,.F.);
#5771=ORIENTED_EDGE('',*,*,#3887,.F.);
#5772=ORIENTED_EDGE('',*,*,#4317,.T.);
#5773=ORIENTED_EDGE('',*,*,#4318,.F.);
#5774=ORIENTED_EDGE('',*,*,#4301,.F.);
#5775=ORIENTED_EDGE('',*,*,#4318,.T.);
#5776=ORIENTED_EDGE('',*,*,#4316,.T.);
#5777=ORIENTED_EDGE('',*,*,#4314,.T.);
#5778=ORIENTED_EDGE('',*,*,#4312,.T.);
#5779=ORIENTED_EDGE('',*,*,#4310,.T.);
#5780=ORIENTED_EDGE('',*,*,#4308,.T.);
#5781=ORIENTED_EDGE('',*,*,#4306,.T.);
#5782=ORIENTED_EDGE('',*,*,#4304,.T.);
#5783=ORIENTED_EDGE('',*,*,#4302,.T.);
#5784=ORIENTED_EDGE('',*,*,#4300,.T.);
#5785=ORIENTED_EDGE('',*,*,#4297,.T.);
#5786=ORIENTED_EDGE('',*,*,#4294,.T.);
#5787=ORIENTED_EDGE('',*,*,#4291,.T.);
#5788=ORIENTED_EDGE('',*,*,#4288,.T.);
#5789=ORIENTED_EDGE('',*,*,#4285,.T.);
#5790=ORIENTED_EDGE('',*,*,#4282,.T.);
#5791=ORIENTED_EDGE('',*,*,#4235,.T.);
#5792=ORIENTED_EDGE('',*,*,#4239,.T.);
#5793=ORIENTED_EDGE('',*,*,#4242,.T.);
#5794=ORIENTED_EDGE('',*,*,#4245,.T.);
#5795=ORIENTED_EDGE('',*,*,#4248,.T.);
#5796=ORIENTED_EDGE('',*,*,#3888,.F.);
#5797=ORIENTED_EDGE('',*,*,#4319,.T.);
#5798=ORIENTED_EDGE('',*,*,#4320,.F.);
#5799=ORIENTED_EDGE('',*,*,#4321,.F.);
#5800=ORIENTED_EDGE('',*,*,#3889,.F.);
#5801=ORIENTED_EDGE('',*,*,#4321,.T.);
#5802=ORIENTED_EDGE('',*,*,#4322,.F.);
#5803=ORIENTED_EDGE('',*,*,#4323,.F.);
#5804=ORIENTED_EDGE('',*,*,#3890,.F.);
#5805=ORIENTED_EDGE('',*,*,#4323,.T.);
#5806=ORIENTED_EDGE('',*,*,#4324,.F.);
#5807=ORIENTED_EDGE('',*,*,#4325,.F.);
#5808=ORIENTED_EDGE('',*,*,#3891,.F.);
#5809=ORIENTED_EDGE('',*,*,#4325,.T.);
#5810=ORIENTED_EDGE('',*,*,#4326,.F.);
#5811=ORIENTED_EDGE('',*,*,#4327,.F.);
#5812=ORIENTED_EDGE('',*,*,#3892,.F.);
#5813=ORIENTED_EDGE('',*,*,#4327,.T.);
#5814=ORIENTED_EDGE('',*,*,#4328,.F.);
#5815=ORIENTED_EDGE('',*,*,#4329,.F.);
#5816=ORIENTED_EDGE('',*,*,#3893,.F.);
#5817=ORIENTED_EDGE('',*,*,#4329,.T.);
#5818=ORIENTED_EDGE('',*,*,#4330,.F.);
#5819=ORIENTED_EDGE('',*,*,#4331,.F.);
#5820=ORIENTED_EDGE('',*,*,#3894,.F.);
#5821=ORIENTED_EDGE('',*,*,#4331,.T.);
#5822=ORIENTED_EDGE('',*,*,#4332,.F.);
#5823=ORIENTED_EDGE('',*,*,#4333,.F.);
#5824=ORIENTED_EDGE('',*,*,#3895,.F.);
#5825=ORIENTED_EDGE('',*,*,#4333,.T.);
#5826=ORIENTED_EDGE('',*,*,#4334,.F.);
#5827=ORIENTED_EDGE('',*,*,#4335,.F.);
#5828=ORIENTED_EDGE('',*,*,#3896,.F.);
#5829=ORIENTED_EDGE('',*,*,#4335,.T.);
#5830=ORIENTED_EDGE('',*,*,#4336,.F.);
#5831=ORIENTED_EDGE('',*,*,#4337,.F.);
#5832=ORIENTED_EDGE('',*,*,#3897,.F.);
#5833=ORIENTED_EDGE('',*,*,#4337,.T.);
#5834=ORIENTED_EDGE('',*,*,#4338,.F.);
#5835=ORIENTED_EDGE('',*,*,#4339,.F.);
#5836=ORIENTED_EDGE('',*,*,#3898,.F.);
#5837=ORIENTED_EDGE('',*,*,#4339,.T.);
#5838=ORIENTED_EDGE('',*,*,#4340,.F.);
#5839=ORIENTED_EDGE('',*,*,#4341,.F.);
#5840=ORIENTED_EDGE('',*,*,#3899,.F.);
#5841=ORIENTED_EDGE('',*,*,#4341,.T.);
#5842=ORIENTED_EDGE('',*,*,#4342,.F.);
#5843=ORIENTED_EDGE('',*,*,#4343,.F.);
#5844=ORIENTED_EDGE('',*,*,#3900,.F.);
#5845=ORIENTED_EDGE('',*,*,#4343,.T.);
#5846=ORIENTED_EDGE('',*,*,#4344,.F.);
#5847=ORIENTED_EDGE('',*,*,#4319,.F.);
#5848=ORIENTED_EDGE('',*,*,#4344,.T.);
#5849=ORIENTED_EDGE('',*,*,#4342,.T.);
#5850=ORIENTED_EDGE('',*,*,#4340,.T.);
#5851=ORIENTED_EDGE('',*,*,#4338,.T.);
#5852=ORIENTED_EDGE('',*,*,#4336,.T.);
#5853=ORIENTED_EDGE('',*,*,#4334,.T.);
#5854=ORIENTED_EDGE('',*,*,#4332,.T.);
#5855=ORIENTED_EDGE('',*,*,#4330,.T.);
#5856=ORIENTED_EDGE('',*,*,#4328,.T.);
#5857=ORIENTED_EDGE('',*,*,#4326,.T.);
#5858=ORIENTED_EDGE('',*,*,#4324,.T.);
#5859=ORIENTED_EDGE('',*,*,#4322,.T.);
#5860=ORIENTED_EDGE('',*,*,#4320,.T.);
#5861=ORIENTED_EDGE('',*,*,#3901,.F.);
#5862=ORIENTED_EDGE('',*,*,#4345,.T.);
#5863=ORIENTED_EDGE('',*,*,#4346,.F.);
#5864=ORIENTED_EDGE('',*,*,#4347,.F.);
#5865=ORIENTED_EDGE('',*,*,#3902,.F.);
#5866=ORIENTED_EDGE('',*,*,#4347,.T.);
#5867=ORIENTED_EDGE('',*,*,#4348,.F.);
#5868=ORIENTED_EDGE('',*,*,#4349,.F.);
#5869=ORIENTED_EDGE('',*,*,#3903,.F.);
#5870=ORIENTED_EDGE('',*,*,#4349,.T.);
#5871=ORIENTED_EDGE('',*,*,#4350,.F.);
#5872=ORIENTED_EDGE('',*,*,#4351,.F.);
#5873=ORIENTED_EDGE('',*,*,#3904,.F.);
#5874=ORIENTED_EDGE('',*,*,#4351,.T.);
#5875=ORIENTED_EDGE('',*,*,#4352,.F.);
#5876=ORIENTED_EDGE('',*,*,#4345,.F.);
#5877=ORIENTED_EDGE('',*,*,#4352,.T.);
#5878=ORIENTED_EDGE('',*,*,#4350,.T.);
#5879=ORIENTED_EDGE('',*,*,#4348,.T.);
#5880=ORIENTED_EDGE('',*,*,#4346,.T.);
#5881=ORIENTED_EDGE('',*,*,#3905,.F.);
#5882=ORIENTED_EDGE('',*,*,#4353,.T.);
#5883=ORIENTED_EDGE('',*,*,#4354,.F.);
#5884=ORIENTED_EDGE('',*,*,#4355,.F.);
#5885=ORIENTED_EDGE('',*,*,#3906,.F.);
#5886=ORIENTED_EDGE('',*,*,#4355,.T.);
#5887=ORIENTED_EDGE('',*,*,#4356,.F.);
#5888=ORIENTED_EDGE('',*,*,#4357,.F.);
#5889=ORIENTED_EDGE('',*,*,#3907,.F.);
#5890=ORIENTED_EDGE('',*,*,#4357,.T.);
#5891=ORIENTED_EDGE('',*,*,#4358,.F.);
#5892=ORIENTED_EDGE('',*,*,#4359,.F.);
#5893=ORIENTED_EDGE('',*,*,#3908,.F.);
#5894=ORIENTED_EDGE('',*,*,#4359,.T.);
#5895=ORIENTED_EDGE('',*,*,#4360,.F.);
#5896=ORIENTED_EDGE('',*,*,#4361,.F.);
#5897=ORIENTED_EDGE('',*,*,#3909,.F.);
#5898=ORIENTED_EDGE('',*,*,#4361,.T.);
#5899=ORIENTED_EDGE('',*,*,#4362,.F.);
#5900=ORIENTED_EDGE('',*,*,#4363,.F.);
#5901=ORIENTED_EDGE('',*,*,#3910,.F.);
#5902=ORIENTED_EDGE('',*,*,#4363,.T.);
#5903=ORIENTED_EDGE('',*,*,#4364,.F.);
#5904=ORIENTED_EDGE('',*,*,#4365,.F.);
#5905=ORIENTED_EDGE('',*,*,#3911,.F.);
#5906=ORIENTED_EDGE('',*,*,#4365,.T.);
#5907=ORIENTED_EDGE('',*,*,#4366,.F.);
#5908=ORIENTED_EDGE('',*,*,#4367,.F.);
#5909=ORIENTED_EDGE('',*,*,#3912,.F.);
#5910=ORIENTED_EDGE('',*,*,#4367,.T.);
#5911=ORIENTED_EDGE('',*,*,#4368,.F.);
#5912=ORIENTED_EDGE('',*,*,#4369,.F.);
#5913=ORIENTED_EDGE('',*,*,#3913,.F.);
#5914=ORIENTED_EDGE('',*,*,#4369,.T.);
#5915=ORIENTED_EDGE('',*,*,#4370,.F.);
#5916=ORIENTED_EDGE('',*,*,#4371,.F.);
#5917=ORIENTED_EDGE('',*,*,#3914,.F.);
#5918=ORIENTED_EDGE('',*,*,#4371,.T.);
#5919=ORIENTED_EDGE('',*,*,#4372,.F.);
#5920=ORIENTED_EDGE('',*,*,#4353,.F.);
#5921=ORIENTED_EDGE('',*,*,#4372,.T.);
#5922=ORIENTED_EDGE('',*,*,#4370,.T.);
#5923=ORIENTED_EDGE('',*,*,#4368,.T.);
#5924=ORIENTED_EDGE('',*,*,#4366,.T.);
#5925=ORIENTED_EDGE('',*,*,#4364,.T.);
#5926=ORIENTED_EDGE('',*,*,#4362,.T.);
#5927=ORIENTED_EDGE('',*,*,#4360,.T.);
#5928=ORIENTED_EDGE('',*,*,#4358,.T.);
#5929=ORIENTED_EDGE('',*,*,#4356,.T.);
#5930=ORIENTED_EDGE('',*,*,#4354,.T.);
#5931=ORIENTED_EDGE('',*,*,#3915,.F.);
#5932=ORIENTED_EDGE('',*,*,#4373,.T.);
#5933=ORIENTED_EDGE('',*,*,#4374,.F.);
#5934=ORIENTED_EDGE('',*,*,#4375,.F.);
#5935=ORIENTED_EDGE('',*,*,#3916,.F.);
#5936=ORIENTED_EDGE('',*,*,#4375,.T.);
#5937=ORIENTED_EDGE('',*,*,#4376,.F.);
#5938=ORIENTED_EDGE('',*,*,#4377,.F.);
#5939=ORIENTED_EDGE('',*,*,#3917,.F.);
#5940=ORIENTED_EDGE('',*,*,#4377,.T.);
#5941=ORIENTED_EDGE('',*,*,#4378,.F.);
#5942=ORIENTED_EDGE('',*,*,#4379,.F.);
#5943=ORIENTED_EDGE('',*,*,#3918,.F.);
#5944=ORIENTED_EDGE('',*,*,#4379,.T.);
#5945=ORIENTED_EDGE('',*,*,#4380,.F.);
#5946=ORIENTED_EDGE('',*,*,#4381,.F.);
#5947=ORIENTED_EDGE('',*,*,#3919,.F.);
#5948=ORIENTED_EDGE('',*,*,#4381,.T.);
#5949=ORIENTED_EDGE('',*,*,#4382,.F.);
#5950=ORIENTED_EDGE('',*,*,#4383,.F.);
#5951=ORIENTED_EDGE('',*,*,#3920,.F.);
#5952=ORIENTED_EDGE('',*,*,#4383,.T.);
#5953=ORIENTED_EDGE('',*,*,#4384,.F.);
#5954=ORIENTED_EDGE('',*,*,#4385,.F.);
#5955=ORIENTED_EDGE('',*,*,#3921,.F.);
#5956=ORIENTED_EDGE('',*,*,#4385,.T.);
#5957=ORIENTED_EDGE('',*,*,#4386,.F.);
#5958=ORIENTED_EDGE('',*,*,#4387,.F.);
#5959=ORIENTED_EDGE('',*,*,#3922,.F.);
#5960=ORIENTED_EDGE('',*,*,#4387,.T.);
#5961=ORIENTED_EDGE('',*,*,#4388,.F.);
#5962=ORIENTED_EDGE('',*,*,#4389,.F.);
#5963=ORIENTED_EDGE('',*,*,#3923,.F.);
#5964=ORIENTED_EDGE('',*,*,#4389,.T.);
#5965=ORIENTED_EDGE('',*,*,#4390,.F.);
#5966=ORIENTED_EDGE('',*,*,#4391,.F.);
#5967=ORIENTED_EDGE('',*,*,#3924,.F.);
#5968=ORIENTED_EDGE('',*,*,#4391,.T.);
#5969=ORIENTED_EDGE('',*,*,#4392,.F.);
#5970=ORIENTED_EDGE('',*,*,#4393,.F.);
#5971=ORIENTED_EDGE('',*,*,#3925,.F.);
#5972=ORIENTED_EDGE('',*,*,#4393,.T.);
#5973=ORIENTED_EDGE('',*,*,#4394,.F.);
#5974=ORIENTED_EDGE('',*,*,#4395,.F.);
#5975=ORIENTED_EDGE('',*,*,#3926,.F.);
#5976=ORIENTED_EDGE('',*,*,#4395,.T.);
#5977=ORIENTED_EDGE('',*,*,#4396,.F.);
#5978=ORIENTED_EDGE('',*,*,#4397,.F.);
#5979=ORIENTED_EDGE('',*,*,#3927,.F.);
#5980=ORIENTED_EDGE('',*,*,#4397,.T.);
#5981=ORIENTED_EDGE('',*,*,#4398,.F.);
#5982=ORIENTED_EDGE('',*,*,#4399,.F.);
#5983=ORIENTED_EDGE('',*,*,#3928,.F.);
#5984=ORIENTED_EDGE('',*,*,#4399,.T.);
#5985=ORIENTED_EDGE('',*,*,#4400,.F.);
#5986=ORIENTED_EDGE('',*,*,#4401,.F.);
#5987=ORIENTED_EDGE('',*,*,#3929,.F.);
#5988=ORIENTED_EDGE('',*,*,#4401,.T.);
#5989=ORIENTED_EDGE('',*,*,#4402,.F.);
#5990=ORIENTED_EDGE('',*,*,#4403,.F.);
#5991=ORIENTED_EDGE('',*,*,#3930,.F.);
#5992=ORIENTED_EDGE('',*,*,#4403,.T.);
#5993=ORIENTED_EDGE('',*,*,#4404,.F.);
#5994=ORIENTED_EDGE('',*,*,#4405,.F.);
#5995=ORIENTED_EDGE('',*,*,#3931,.F.);
#5996=ORIENTED_EDGE('',*,*,#4405,.T.);
#5997=ORIENTED_EDGE('',*,*,#4406,.F.);
#5998=ORIENTED_EDGE('',*,*,#4407,.F.);
#5999=ORIENTED_EDGE('',*,*,#3932,.F.);
#6000=ORIENTED_EDGE('',*,*,#4407,.T.);
#6001=ORIENTED_EDGE('',*,*,#4408,.F.);
#6002=ORIENTED_EDGE('',*,*,#4409,.F.);
#6003=ORIENTED_EDGE('',*,*,#3933,.F.);
#6004=ORIENTED_EDGE('',*,*,#4409,.T.);
#6005=ORIENTED_EDGE('',*,*,#4410,.F.);
#6006=ORIENTED_EDGE('',*,*,#4411,.F.);
#6007=ORIENTED_EDGE('',*,*,#3934,.F.);
#6008=ORIENTED_EDGE('',*,*,#4411,.T.);
#6009=ORIENTED_EDGE('',*,*,#4412,.F.);
#6010=ORIENTED_EDGE('',*,*,#4413,.F.);
#6011=ORIENTED_EDGE('',*,*,#3935,.F.);
#6012=ORIENTED_EDGE('',*,*,#4413,.T.);
#6013=ORIENTED_EDGE('',*,*,#4414,.F.);
#6014=ORIENTED_EDGE('',*,*,#4415,.F.);
#6015=ORIENTED_EDGE('',*,*,#3936,.F.);
#6016=ORIENTED_EDGE('',*,*,#4415,.T.);
#6017=ORIENTED_EDGE('',*,*,#4416,.F.);
#6018=ORIENTED_EDGE('',*,*,#4417,.F.);
#6019=ORIENTED_EDGE('',*,*,#3937,.F.);
#6020=ORIENTED_EDGE('',*,*,#4417,.T.);
#6021=ORIENTED_EDGE('',*,*,#4418,.F.);
#6022=ORIENTED_EDGE('',*,*,#4419,.F.);
#6023=ORIENTED_EDGE('',*,*,#3938,.F.);
#6024=ORIENTED_EDGE('',*,*,#4419,.T.);
#6025=ORIENTED_EDGE('',*,*,#4420,.F.);
#6026=ORIENTED_EDGE('',*,*,#4421,.F.);
#6027=ORIENTED_EDGE('',*,*,#3939,.F.);
#6028=ORIENTED_EDGE('',*,*,#4421,.T.);
#6029=ORIENTED_EDGE('',*,*,#4422,.F.);
#6030=ORIENTED_EDGE('',*,*,#4423,.F.);
#6031=ORIENTED_EDGE('',*,*,#3940,.F.);
#6032=ORIENTED_EDGE('',*,*,#4423,.T.);
#6033=ORIENTED_EDGE('',*,*,#4424,.F.);
#6034=ORIENTED_EDGE('',*,*,#4425,.F.);
#6035=ORIENTED_EDGE('',*,*,#3941,.F.);
#6036=ORIENTED_EDGE('',*,*,#4425,.T.);
#6037=ORIENTED_EDGE('',*,*,#4426,.F.);
#6038=ORIENTED_EDGE('',*,*,#4427,.F.);
#6039=ORIENTED_EDGE('',*,*,#3942,.F.);
#6040=ORIENTED_EDGE('',*,*,#4427,.T.);
#6041=ORIENTED_EDGE('',*,*,#4428,.F.);
#6042=ORIENTED_EDGE('',*,*,#4429,.F.);
#6043=ORIENTED_EDGE('',*,*,#3943,.F.);
#6044=ORIENTED_EDGE('',*,*,#4429,.T.);
#6045=ORIENTED_EDGE('',*,*,#4430,.F.);
#6046=ORIENTED_EDGE('',*,*,#4431,.F.);
#6047=ORIENTED_EDGE('',*,*,#3944,.F.);
#6048=ORIENTED_EDGE('',*,*,#4431,.T.);
#6049=ORIENTED_EDGE('',*,*,#4432,.F.);
#6050=ORIENTED_EDGE('',*,*,#4433,.F.);
#6051=ORIENTED_EDGE('',*,*,#3945,.F.);
#6052=ORIENTED_EDGE('',*,*,#4433,.T.);
#6053=ORIENTED_EDGE('',*,*,#4434,.F.);
#6054=ORIENTED_EDGE('',*,*,#4435,.F.);
#6055=ORIENTED_EDGE('',*,*,#3946,.F.);
#6056=ORIENTED_EDGE('',*,*,#4435,.T.);
#6057=ORIENTED_EDGE('',*,*,#4436,.F.);
#6058=ORIENTED_EDGE('',*,*,#4437,.F.);
#6059=ORIENTED_EDGE('',*,*,#3947,.F.);
#6060=ORIENTED_EDGE('',*,*,#4437,.T.);
#6061=ORIENTED_EDGE('',*,*,#4438,.F.);
#6062=ORIENTED_EDGE('',*,*,#4439,.F.);
#6063=ORIENTED_EDGE('',*,*,#3948,.F.);
#6064=ORIENTED_EDGE('',*,*,#4439,.T.);
#6065=ORIENTED_EDGE('',*,*,#4440,.F.);
#6066=ORIENTED_EDGE('',*,*,#4441,.F.);
#6067=ORIENTED_EDGE('',*,*,#3949,.F.);
#6068=ORIENTED_EDGE('',*,*,#4441,.T.);
#6069=ORIENTED_EDGE('',*,*,#4442,.F.);
#6070=ORIENTED_EDGE('',*,*,#4443,.F.);
#6071=ORIENTED_EDGE('',*,*,#3950,.F.);
#6072=ORIENTED_EDGE('',*,*,#4443,.T.);
#6073=ORIENTED_EDGE('',*,*,#4444,.F.);
#6074=ORIENTED_EDGE('',*,*,#4445,.F.);
#6075=ORIENTED_EDGE('',*,*,#3951,.F.);
#6076=ORIENTED_EDGE('',*,*,#4445,.T.);
#6077=ORIENTED_EDGE('',*,*,#4446,.F.);
#6078=ORIENTED_EDGE('',*,*,#4447,.F.);
#6079=ORIENTED_EDGE('',*,*,#3952,.F.);
#6080=ORIENTED_EDGE('',*,*,#4447,.T.);
#6081=ORIENTED_EDGE('',*,*,#4448,.F.);
#6082=ORIENTED_EDGE('',*,*,#4449,.F.);
#6083=ORIENTED_EDGE('',*,*,#3953,.F.);
#6084=ORIENTED_EDGE('',*,*,#4449,.T.);
#6085=ORIENTED_EDGE('',*,*,#4450,.F.);
#6086=ORIENTED_EDGE('',*,*,#4451,.F.);
#6087=ORIENTED_EDGE('',*,*,#3954,.F.);
#6088=ORIENTED_EDGE('',*,*,#4451,.T.);
#6089=ORIENTED_EDGE('',*,*,#4452,.F.);
#6090=ORIENTED_EDGE('',*,*,#4453,.F.);
#6091=ORIENTED_EDGE('',*,*,#3955,.F.);
#6092=ORIENTED_EDGE('',*,*,#4453,.T.);
#6093=ORIENTED_EDGE('',*,*,#4454,.F.);
#6094=ORIENTED_EDGE('',*,*,#4373,.F.);
#6095=ORIENTED_EDGE('',*,*,#4454,.T.);
#6096=ORIENTED_EDGE('',*,*,#4452,.T.);
#6097=ORIENTED_EDGE('',*,*,#4450,.T.);
#6098=ORIENTED_EDGE('',*,*,#4448,.T.);
#6099=ORIENTED_EDGE('',*,*,#4446,.T.);
#6100=ORIENTED_EDGE('',*,*,#4444,.T.);
#6101=ORIENTED_EDGE('',*,*,#4442,.T.);
#6102=ORIENTED_EDGE('',*,*,#4440,.T.);
#6103=ORIENTED_EDGE('',*,*,#4438,.T.);
#6104=ORIENTED_EDGE('',*,*,#4436,.T.);
#6105=ORIENTED_EDGE('',*,*,#4434,.T.);
#6106=ORIENTED_EDGE('',*,*,#4432,.T.);
#6107=ORIENTED_EDGE('',*,*,#4430,.T.);
#6108=ORIENTED_EDGE('',*,*,#4428,.T.);
#6109=ORIENTED_EDGE('',*,*,#4426,.T.);
#6110=ORIENTED_EDGE('',*,*,#4424,.T.);
#6111=ORIENTED_EDGE('',*,*,#4422,.T.);
#6112=ORIENTED_EDGE('',*,*,#4420,.T.);
#6113=ORIENTED_EDGE('',*,*,#4418,.T.);
#6114=ORIENTED_EDGE('',*,*,#4416,.T.);
#6115=ORIENTED_EDGE('',*,*,#4414,.T.);
#6116=ORIENTED_EDGE('',*,*,#4412,.T.);
#6117=ORIENTED_EDGE('',*,*,#4410,.T.);
#6118=ORIENTED_EDGE('',*,*,#4408,.T.);
#6119=ORIENTED_EDGE('',*,*,#4406,.T.);
#6120=ORIENTED_EDGE('',*,*,#4404,.T.);
#6121=ORIENTED_EDGE('',*,*,#4402,.T.);
#6122=ORIENTED_EDGE('',*,*,#4400,.T.);
#6123=ORIENTED_EDGE('',*,*,#4398,.T.);
#6124=ORIENTED_EDGE('',*,*,#4396,.T.);
#6125=ORIENTED_EDGE('',*,*,#4394,.T.);
#6126=ORIENTED_EDGE('',*,*,#4392,.T.);
#6127=ORIENTED_EDGE('',*,*,#4390,.T.);
#6128=ORIENTED_EDGE('',*,*,#4388,.T.);
#6129=ORIENTED_EDGE('',*,*,#4386,.T.);
#6130=ORIENTED_EDGE('',*,*,#4384,.T.);
#6131=ORIENTED_EDGE('',*,*,#4382,.T.);
#6132=ORIENTED_EDGE('',*,*,#4380,.T.);
#6133=ORIENTED_EDGE('',*,*,#4378,.T.);
#6134=ORIENTED_EDGE('',*,*,#4376,.T.);
#6135=ORIENTED_EDGE('',*,*,#4374,.T.);
#6136=ORIENTED_EDGE('',*,*,#4455,.F.);
#6137=ORIENTED_EDGE('',*,*,#4456,.T.);
#6138=ORIENTED_EDGE('',*,*,#4457,.F.);
#6139=ORIENTED_EDGE('',*,*,#4458,.F.);
#6140=ORIENTED_EDGE('',*,*,#4459,.F.);
#6141=ORIENTED_EDGE('',*,*,#4458,.T.);
#6142=ORIENTED_EDGE('',*,*,#4460,.F.);
#6143=ORIENTED_EDGE('',*,*,#4461,.F.);
#6144=ORIENTED_EDGE('',*,*,#4462,.F.);
#6145=ORIENTED_EDGE('',*,*,#4461,.T.);
#6146=ORIENTED_EDGE('',*,*,#4463,.F.);
#6147=ORIENTED_EDGE('',*,*,#4464,.F.);
#6148=ORIENTED_EDGE('',*,*,#4465,.F.);
#6149=ORIENTED_EDGE('',*,*,#4464,.T.);
#6150=ORIENTED_EDGE('',*,*,#4466,.F.);
#6151=ORIENTED_EDGE('',*,*,#4467,.F.);
#6152=ORIENTED_EDGE('',*,*,#4468,.F.);
#6153=ORIENTED_EDGE('',*,*,#4467,.T.);
#6154=ORIENTED_EDGE('',*,*,#4469,.F.);
#6155=ORIENTED_EDGE('',*,*,#4470,.F.);
#6156=ORIENTED_EDGE('',*,*,#4471,.F.);
#6157=ORIENTED_EDGE('',*,*,#4470,.T.);
#6158=ORIENTED_EDGE('',*,*,#4472,.F.);
#6159=ORIENTED_EDGE('',*,*,#4473,.F.);
#6160=ORIENTED_EDGE('',*,*,#4474,.F.);
#6161=ORIENTED_EDGE('',*,*,#4473,.T.);
#6162=ORIENTED_EDGE('',*,*,#4475,.F.);
#6163=ORIENTED_EDGE('',*,*,#4476,.F.);
#6164=ORIENTED_EDGE('',*,*,#4477,.F.);
#6165=ORIENTED_EDGE('',*,*,#4476,.T.);
#6166=ORIENTED_EDGE('',*,*,#4478,.F.);
#6167=ORIENTED_EDGE('',*,*,#4456,.F.);
#6168=ORIENTED_EDGE('',*,*,#4006,.F.);
#6169=ORIENTED_EDGE('',*,*,#4479,.T.);
#6170=ORIENTED_EDGE('',*,*,#4480,.F.);
#6171=ORIENTED_EDGE('',*,*,#4481,.F.);
#6172=ORIENTED_EDGE('',*,*,#4007,.F.);
#6173=ORIENTED_EDGE('',*,*,#4481,.T.);
#6174=ORIENTED_EDGE('',*,*,#4482,.F.);
#6175=ORIENTED_EDGE('',*,*,#4483,.F.);
#6176=ORIENTED_EDGE('',*,*,#4008,.F.);
#6177=ORIENTED_EDGE('',*,*,#4483,.T.);
#6178=ORIENTED_EDGE('',*,*,#4484,.F.);
#6179=ORIENTED_EDGE('',*,*,#4485,.F.);
#6180=ORIENTED_EDGE('',*,*,#4009,.F.);
#6181=ORIENTED_EDGE('',*,*,#4485,.T.);
#6182=ORIENTED_EDGE('',*,*,#4486,.F.);
#6183=ORIENTED_EDGE('',*,*,#4487,.F.);
#6184=ORIENTED_EDGE('',*,*,#4010,.F.);
#6185=ORIENTED_EDGE('',*,*,#4487,.T.);
#6186=ORIENTED_EDGE('',*,*,#4488,.F.);
#6187=ORIENTED_EDGE('',*,*,#4489,.F.);
#6188=ORIENTED_EDGE('',*,*,#4011,.F.);
#6189=ORIENTED_EDGE('',*,*,#4489,.T.);
#6190=ORIENTED_EDGE('',*,*,#4490,.F.);
#6191=ORIENTED_EDGE('',*,*,#4491,.F.);
#6192=ORIENTED_EDGE('',*,*,#4012,.F.);
#6193=ORIENTED_EDGE('',*,*,#4491,.T.);
#6194=ORIENTED_EDGE('',*,*,#4492,.F.);
#6195=ORIENTED_EDGE('',*,*,#4493,.F.);
#6196=ORIENTED_EDGE('',*,*,#4013,.F.);
#6197=ORIENTED_EDGE('',*,*,#4493,.T.);
#6198=ORIENTED_EDGE('',*,*,#4494,.F.);
#6199=ORIENTED_EDGE('',*,*,#4495,.F.);
#6200=ORIENTED_EDGE('',*,*,#4014,.F.);
#6201=ORIENTED_EDGE('',*,*,#4495,.T.);
#6202=ORIENTED_EDGE('',*,*,#4496,.F.);
#6203=ORIENTED_EDGE('',*,*,#4497,.F.);
#6204=ORIENTED_EDGE('',*,*,#4015,.F.);
#6205=ORIENTED_EDGE('',*,*,#4497,.T.);
#6206=ORIENTED_EDGE('',*,*,#4498,.F.);
#6207=ORIENTED_EDGE('',*,*,#4499,.F.);
#6208=ORIENTED_EDGE('',*,*,#4016,.F.);
#6209=ORIENTED_EDGE('',*,*,#4499,.T.);
#6210=ORIENTED_EDGE('',*,*,#4500,.F.);
#6211=ORIENTED_EDGE('',*,*,#4479,.F.);
#6212=ORIENTED_EDGE('',*,*,#4500,.T.);
#6213=ORIENTED_EDGE('',*,*,#4498,.T.);
#6214=ORIENTED_EDGE('',*,*,#4496,.T.);
#6215=ORIENTED_EDGE('',*,*,#4494,.T.);
#6216=ORIENTED_EDGE('',*,*,#4492,.T.);
#6217=ORIENTED_EDGE('',*,*,#4490,.T.);
#6218=ORIENTED_EDGE('',*,*,#4488,.T.);
#6219=ORIENTED_EDGE('',*,*,#4486,.T.);
#6220=ORIENTED_EDGE('',*,*,#4484,.T.);
#6221=ORIENTED_EDGE('',*,*,#4482,.T.);
#6222=ORIENTED_EDGE('',*,*,#4480,.T.);
#6223=ORIENTED_EDGE('',*,*,#4478,.T.);
#6224=ORIENTED_EDGE('',*,*,#4475,.T.);
#6225=ORIENTED_EDGE('',*,*,#4472,.T.);
#6226=ORIENTED_EDGE('',*,*,#4469,.T.);
#6227=ORIENTED_EDGE('',*,*,#4466,.T.);
#6228=ORIENTED_EDGE('',*,*,#4463,.T.);
#6229=ORIENTED_EDGE('',*,*,#4460,.T.);
#6230=ORIENTED_EDGE('',*,*,#4457,.T.);
#6231=ORIENTED_EDGE('',*,*,#4280,.T.);
#6232=ORIENTED_EDGE('',*,*,#4284,.T.);
#6233=ORIENTED_EDGE('',*,*,#4287,.T.);
#6234=ORIENTED_EDGE('',*,*,#4290,.T.);
#6235=ORIENTED_EDGE('',*,*,#4293,.T.);
#6236=ORIENTED_EDGE('',*,*,#4296,.T.);
#6237=ORIENTED_EDGE('',*,*,#4299,.T.);
#6238=ORIENTED_EDGE('',*,*,#4501,.F.);
#6239=ORIENTED_EDGE('',*,*,#4502,.T.);
#6240=ORIENTED_EDGE('',*,*,#4503,.F.);
#6241=ORIENTED_EDGE('',*,*,#4504,.F.);
#6242=ORIENTED_EDGE('',*,*,#4505,.F.);
#6243=ORIENTED_EDGE('',*,*,#4504,.T.);
#6244=ORIENTED_EDGE('',*,*,#4506,.F.);
#6245=ORIENTED_EDGE('',*,*,#4507,.F.);
#6246=ORIENTED_EDGE('',*,*,#4508,.F.);
#6247=ORIENTED_EDGE('',*,*,#4507,.T.);
#6248=ORIENTED_EDGE('',*,*,#4509,.F.);
#6249=ORIENTED_EDGE('',*,*,#4510,.F.);
#6250=ORIENTED_EDGE('',*,*,#4511,.F.);
#6251=ORIENTED_EDGE('',*,*,#4510,.T.);
#6252=ORIENTED_EDGE('',*,*,#4512,.F.);
#6253=ORIENTED_EDGE('',*,*,#4513,.F.);
#6254=ORIENTED_EDGE('',*,*,#4514,.F.);
#6255=ORIENTED_EDGE('',*,*,#4513,.T.);
#6256=ORIENTED_EDGE('',*,*,#4515,.F.);
#6257=ORIENTED_EDGE('',*,*,#4516,.F.);
#6258=ORIENTED_EDGE('',*,*,#4517,.F.);
#6259=ORIENTED_EDGE('',*,*,#4516,.T.);
#6260=ORIENTED_EDGE('',*,*,#4518,.F.);
#6261=ORIENTED_EDGE('',*,*,#4519,.F.);
#6262=ORIENTED_EDGE('',*,*,#4520,.F.);
#6263=ORIENTED_EDGE('',*,*,#4519,.T.);
#6264=ORIENTED_EDGE('',*,*,#4521,.F.);
#6265=ORIENTED_EDGE('',*,*,#4502,.F.);
#6266=ORIENTED_EDGE('',*,*,#3956,.F.);
#6267=ORIENTED_EDGE('',*,*,#4522,.T.);
#6268=ORIENTED_EDGE('',*,*,#4523,.F.);
#6269=ORIENTED_EDGE('',*,*,#4524,.F.);
#6270=ORIENTED_EDGE('',*,*,#3957,.F.);
#6271=ORIENTED_EDGE('',*,*,#4524,.T.);
#6272=ORIENTED_EDGE('',*,*,#4525,.F.);
#6273=ORIENTED_EDGE('',*,*,#4526,.F.);
#6274=ORIENTED_EDGE('',*,*,#3958,.F.);
#6275=ORIENTED_EDGE('',*,*,#4526,.T.);
#6276=ORIENTED_EDGE('',*,*,#4527,.F.);
#6277=ORIENTED_EDGE('',*,*,#4528,.F.);
#6278=ORIENTED_EDGE('',*,*,#3959,.F.);
#6279=ORIENTED_EDGE('',*,*,#4528,.T.);
#6280=ORIENTED_EDGE('',*,*,#4529,.F.);
#6281=ORIENTED_EDGE('',*,*,#4530,.F.);
#6282=ORIENTED_EDGE('',*,*,#3960,.F.);
#6283=ORIENTED_EDGE('',*,*,#4530,.T.);
#6284=ORIENTED_EDGE('',*,*,#4531,.F.);
#6285=ORIENTED_EDGE('',*,*,#4532,.F.);
#6286=ORIENTED_EDGE('',*,*,#3961,.F.);
#6287=ORIENTED_EDGE('',*,*,#4532,.T.);
#6288=ORIENTED_EDGE('',*,*,#4533,.F.);
#6289=ORIENTED_EDGE('',*,*,#4534,.F.);
#6290=ORIENTED_EDGE('',*,*,#3962,.F.);
#6291=ORIENTED_EDGE('',*,*,#4534,.T.);
#6292=ORIENTED_EDGE('',*,*,#4535,.F.);
#6293=ORIENTED_EDGE('',*,*,#4536,.F.);
#6294=ORIENTED_EDGE('',*,*,#3963,.F.);
#6295=ORIENTED_EDGE('',*,*,#4536,.T.);
#6296=ORIENTED_EDGE('',*,*,#4537,.F.);
#6297=ORIENTED_EDGE('',*,*,#4538,.F.);
#6298=ORIENTED_EDGE('',*,*,#3964,.F.);
#6299=ORIENTED_EDGE('',*,*,#4538,.T.);
#6300=ORIENTED_EDGE('',*,*,#4539,.F.);
#6301=ORIENTED_EDGE('',*,*,#4522,.F.);
#6302=ORIENTED_EDGE('',*,*,#4539,.T.);
#6303=ORIENTED_EDGE('',*,*,#4537,.T.);
#6304=ORIENTED_EDGE('',*,*,#4535,.T.);
#6305=ORIENTED_EDGE('',*,*,#4533,.T.);
#6306=ORIENTED_EDGE('',*,*,#4531,.T.);
#6307=ORIENTED_EDGE('',*,*,#4529,.T.);
#6308=ORIENTED_EDGE('',*,*,#4527,.T.);
#6309=ORIENTED_EDGE('',*,*,#4525,.T.);
#6310=ORIENTED_EDGE('',*,*,#4523,.T.);
#6311=ORIENTED_EDGE('',*,*,#4521,.T.);
#6312=ORIENTED_EDGE('',*,*,#4518,.T.);
#6313=ORIENTED_EDGE('',*,*,#4515,.T.);
#6314=ORIENTED_EDGE('',*,*,#4512,.T.);
#6315=ORIENTED_EDGE('',*,*,#4509,.T.);
#6316=ORIENTED_EDGE('',*,*,#4506,.T.);
#6317=ORIENTED_EDGE('',*,*,#4503,.T.);
#6318=ORIENTED_EDGE('',*,*,#4455,.T.);
#6319=ORIENTED_EDGE('',*,*,#4459,.T.);
#6320=ORIENTED_EDGE('',*,*,#4462,.T.);
#6321=ORIENTED_EDGE('',*,*,#4465,.T.);
#6322=ORIENTED_EDGE('',*,*,#4468,.T.);
#6323=ORIENTED_EDGE('',*,*,#4471,.T.);
#6324=ORIENTED_EDGE('',*,*,#4474,.T.);
#6325=ORIENTED_EDGE('',*,*,#4477,.T.);
#6326=ORIENTED_EDGE('',*,*,#4540,.F.);
#6327=ORIENTED_EDGE('',*,*,#4541,.T.);
#6328=ORIENTED_EDGE('',*,*,#4542,.F.);
#6329=ORIENTED_EDGE('',*,*,#4543,.F.);
#6330=ORIENTED_EDGE('',*,*,#4544,.F.);
#6331=ORIENTED_EDGE('',*,*,#4543,.T.);
#6332=ORIENTED_EDGE('',*,*,#4545,.F.);
#6333=ORIENTED_EDGE('',*,*,#4546,.F.);
#6334=ORIENTED_EDGE('',*,*,#4547,.F.);
#6335=ORIENTED_EDGE('',*,*,#4546,.T.);
#6336=ORIENTED_EDGE('',*,*,#4548,.F.);
#6337=ORIENTED_EDGE('',*,*,#4549,.F.);
#6338=ORIENTED_EDGE('',*,*,#4550,.F.);
#6339=ORIENTED_EDGE('',*,*,#4549,.T.);
#6340=ORIENTED_EDGE('',*,*,#4551,.F.);
#6341=ORIENTED_EDGE('',*,*,#4552,.F.);
#6342=ORIENTED_EDGE('',*,*,#4553,.F.);
#6343=ORIENTED_EDGE('',*,*,#4552,.T.);
#6344=ORIENTED_EDGE('',*,*,#4554,.F.);
#6345=ORIENTED_EDGE('',*,*,#4555,.F.);
#6346=ORIENTED_EDGE('',*,*,#4556,.F.);
#6347=ORIENTED_EDGE('',*,*,#4555,.T.);
#6348=ORIENTED_EDGE('',*,*,#4557,.F.);
#6349=ORIENTED_EDGE('',*,*,#4558,.F.);
#6350=ORIENTED_EDGE('',*,*,#4559,.F.);
#6351=ORIENTED_EDGE('',*,*,#4558,.T.);
#6352=ORIENTED_EDGE('',*,*,#4560,.F.);
#6353=ORIENTED_EDGE('',*,*,#4561,.F.);
#6354=ORIENTED_EDGE('',*,*,#4562,.F.);
#6355=ORIENTED_EDGE('',*,*,#4561,.T.);
#6356=ORIENTED_EDGE('',*,*,#4563,.F.);
#6357=ORIENTED_EDGE('',*,*,#4564,.F.);
#6358=ORIENTED_EDGE('',*,*,#4565,.F.);
#6359=ORIENTED_EDGE('',*,*,#4564,.T.);
#6360=ORIENTED_EDGE('',*,*,#4566,.F.);
#6361=ORIENTED_EDGE('',*,*,#4541,.F.);
#6362=ORIENTED_EDGE('',*,*,#4567,.F.);
#6363=ORIENTED_EDGE('',*,*,#4568,.T.);
#6364=ORIENTED_EDGE('',*,*,#4569,.F.);
#6365=ORIENTED_EDGE('',*,*,#4570,.F.);
#6366=ORIENTED_EDGE('',*,*,#4571,.F.);
#6367=ORIENTED_EDGE('',*,*,#4570,.T.);
#6368=ORIENTED_EDGE('',*,*,#4572,.F.);
#6369=ORIENTED_EDGE('',*,*,#4573,.F.);
#6370=ORIENTED_EDGE('',*,*,#4574,.F.);
#6371=ORIENTED_EDGE('',*,*,#4573,.T.);
#6372=ORIENTED_EDGE('',*,*,#4575,.F.);
#6373=ORIENTED_EDGE('',*,*,#4576,.F.);
#6374=ORIENTED_EDGE('',*,*,#4577,.F.);
#6375=ORIENTED_EDGE('',*,*,#4576,.T.);
#6376=ORIENTED_EDGE('',*,*,#4578,.F.);
#6377=ORIENTED_EDGE('',*,*,#4579,.F.);
#6378=ORIENTED_EDGE('',*,*,#4580,.F.);
#6379=ORIENTED_EDGE('',*,*,#4579,.T.);
#6380=ORIENTED_EDGE('',*,*,#4581,.F.);
#6381=ORIENTED_EDGE('',*,*,#4582,.F.);
#6382=ORIENTED_EDGE('',*,*,#4583,.F.);
#6383=ORIENTED_EDGE('',*,*,#4582,.T.);
#6384=ORIENTED_EDGE('',*,*,#4584,.F.);
#6385=ORIENTED_EDGE('',*,*,#4585,.F.);
#6386=ORIENTED_EDGE('',*,*,#4586,.F.);
#6387=ORIENTED_EDGE('',*,*,#4585,.T.);
#6388=ORIENTED_EDGE('',*,*,#4587,.F.);
#6389=ORIENTED_EDGE('',*,*,#4588,.F.);
#6390=ORIENTED_EDGE('',*,*,#4589,.F.);
#6391=ORIENTED_EDGE('',*,*,#4588,.T.);
#6392=ORIENTED_EDGE('',*,*,#4590,.F.);
#6393=ORIENTED_EDGE('',*,*,#4591,.F.);
#6394=ORIENTED_EDGE('',*,*,#4592,.F.);
#6395=ORIENTED_EDGE('',*,*,#4591,.T.);
#6396=ORIENTED_EDGE('',*,*,#4593,.F.);
#6397=ORIENTED_EDGE('',*,*,#4594,.F.);
#6398=ORIENTED_EDGE('',*,*,#4595,.F.);
#6399=ORIENTED_EDGE('',*,*,#4594,.T.);
#6400=ORIENTED_EDGE('',*,*,#4596,.F.);
#6401=ORIENTED_EDGE('',*,*,#4568,.F.);
#6402=ORIENTED_EDGE('',*,*,#3965,.F.);
#6403=ORIENTED_EDGE('',*,*,#4597,.T.);
#6404=ORIENTED_EDGE('',*,*,#4598,.F.);
#6405=ORIENTED_EDGE('',*,*,#4599,.F.);
#6406=ORIENTED_EDGE('',*,*,#3966,.F.);
#6407=ORIENTED_EDGE('',*,*,#4599,.T.);
#6408=ORIENTED_EDGE('',*,*,#4600,.F.);
#6409=ORIENTED_EDGE('',*,*,#4601,.F.);
#6410=ORIENTED_EDGE('',*,*,#3967,.F.);
#6411=ORIENTED_EDGE('',*,*,#4601,.T.);
#6412=ORIENTED_EDGE('',*,*,#4602,.F.);
#6413=ORIENTED_EDGE('',*,*,#4603,.F.);
#6414=ORIENTED_EDGE('',*,*,#3968,.F.);
#6415=ORIENTED_EDGE('',*,*,#4603,.T.);
#6416=ORIENTED_EDGE('',*,*,#4604,.F.);
#6417=ORIENTED_EDGE('',*,*,#4605,.F.);
#6418=ORIENTED_EDGE('',*,*,#3969,.F.);
#6419=ORIENTED_EDGE('',*,*,#4605,.T.);
#6420=ORIENTED_EDGE('',*,*,#4606,.F.);
#6421=ORIENTED_EDGE('',*,*,#4607,.F.);
#6422=ORIENTED_EDGE('',*,*,#3970,.F.);
#6423=ORIENTED_EDGE('',*,*,#4607,.T.);
#6424=ORIENTED_EDGE('',*,*,#4608,.F.);
#6425=ORIENTED_EDGE('',*,*,#4609,.F.);
#6426=ORIENTED_EDGE('',*,*,#3971,.F.);
#6427=ORIENTED_EDGE('',*,*,#4609,.T.);
#6428=ORIENTED_EDGE('',*,*,#4610,.F.);
#6429=ORIENTED_EDGE('',*,*,#4611,.F.);
#6430=ORIENTED_EDGE('',*,*,#3972,.F.);
#6431=ORIENTED_EDGE('',*,*,#4611,.T.);
#6432=ORIENTED_EDGE('',*,*,#4612,.F.);
#6433=ORIENTED_EDGE('',*,*,#4613,.F.);
#6434=ORIENTED_EDGE('',*,*,#3973,.F.);
#6435=ORIENTED_EDGE('',*,*,#4613,.T.);
#6436=ORIENTED_EDGE('',*,*,#4614,.F.);
#6437=ORIENTED_EDGE('',*,*,#4615,.F.);
#6438=ORIENTED_EDGE('',*,*,#3974,.F.);
#6439=ORIENTED_EDGE('',*,*,#4615,.T.);
#6440=ORIENTED_EDGE('',*,*,#4616,.F.);
#6441=ORIENTED_EDGE('',*,*,#4617,.F.);
#6442=ORIENTED_EDGE('',*,*,#3975,.F.);
#6443=ORIENTED_EDGE('',*,*,#4617,.T.);
#6444=ORIENTED_EDGE('',*,*,#4618,.F.);
#6445=ORIENTED_EDGE('',*,*,#4619,.F.);
#6446=ORIENTED_EDGE('',*,*,#3976,.F.);
#6447=ORIENTED_EDGE('',*,*,#4619,.T.);
#6448=ORIENTED_EDGE('',*,*,#4620,.F.);
#6449=ORIENTED_EDGE('',*,*,#4621,.F.);
#6450=ORIENTED_EDGE('',*,*,#3977,.F.);
#6451=ORIENTED_EDGE('',*,*,#4621,.T.);
#6452=ORIENTED_EDGE('',*,*,#4622,.F.);
#6453=ORIENTED_EDGE('',*,*,#4623,.F.);
#6454=ORIENTED_EDGE('',*,*,#3978,.F.);
#6455=ORIENTED_EDGE('',*,*,#4623,.T.);
#6456=ORIENTED_EDGE('',*,*,#4624,.F.);
#6457=ORIENTED_EDGE('',*,*,#4597,.F.);
#6458=ORIENTED_EDGE('',*,*,#4624,.T.);
#6459=ORIENTED_EDGE('',*,*,#4622,.T.);
#6460=ORIENTED_EDGE('',*,*,#4620,.T.);
#6461=ORIENTED_EDGE('',*,*,#4618,.T.);
#6462=ORIENTED_EDGE('',*,*,#4616,.T.);
#6463=ORIENTED_EDGE('',*,*,#4614,.T.);
#6464=ORIENTED_EDGE('',*,*,#4612,.T.);
#6465=ORIENTED_EDGE('',*,*,#4610,.T.);
#6466=ORIENTED_EDGE('',*,*,#4608,.T.);
#6467=ORIENTED_EDGE('',*,*,#4606,.T.);
#6468=ORIENTED_EDGE('',*,*,#4604,.T.);
#6469=ORIENTED_EDGE('',*,*,#4602,.T.);
#6470=ORIENTED_EDGE('',*,*,#4600,.T.);
#6471=ORIENTED_EDGE('',*,*,#4598,.T.);
#6472=ORIENTED_EDGE('',*,*,#4596,.T.);
#6473=ORIENTED_EDGE('',*,*,#4593,.T.);
#6474=ORIENTED_EDGE('',*,*,#4590,.T.);
#6475=ORIENTED_EDGE('',*,*,#4587,.T.);
#6476=ORIENTED_EDGE('',*,*,#4584,.T.);
#6477=ORIENTED_EDGE('',*,*,#4581,.T.);
#6478=ORIENTED_EDGE('',*,*,#4578,.T.);
#6479=ORIENTED_EDGE('',*,*,#4575,.T.);
#6480=ORIENTED_EDGE('',*,*,#4572,.T.);
#6481=ORIENTED_EDGE('',*,*,#4569,.T.);
#6482=ORIENTED_EDGE('',*,*,#4566,.T.);
#6483=ORIENTED_EDGE('',*,*,#4563,.T.);
#6484=ORIENTED_EDGE('',*,*,#4560,.T.);
#6485=ORIENTED_EDGE('',*,*,#4557,.T.);
#6486=ORIENTED_EDGE('',*,*,#4554,.T.);
#6487=ORIENTED_EDGE('',*,*,#4551,.T.);
#6488=ORIENTED_EDGE('',*,*,#4548,.T.);
#6489=ORIENTED_EDGE('',*,*,#4545,.T.);
#6490=ORIENTED_EDGE('',*,*,#4542,.T.);
#6491=ORIENTED_EDGE('',*,*,#4501,.T.);
#6492=ORIENTED_EDGE('',*,*,#4505,.T.);
#6493=ORIENTED_EDGE('',*,*,#4508,.T.);
#6494=ORIENTED_EDGE('',*,*,#4511,.T.);
#6495=ORIENTED_EDGE('',*,*,#4514,.T.);
#6496=ORIENTED_EDGE('',*,*,#4517,.T.);
#6497=ORIENTED_EDGE('',*,*,#4520,.T.);
#6498=ORIENTED_EDGE('',*,*,#4567,.T.);
#6499=ORIENTED_EDGE('',*,*,#4571,.T.);
#6500=ORIENTED_EDGE('',*,*,#4574,.T.);
#6501=ORIENTED_EDGE('',*,*,#4577,.T.);
#6502=ORIENTED_EDGE('',*,*,#4580,.T.);
#6503=ORIENTED_EDGE('',*,*,#4583,.T.);
#6504=ORIENTED_EDGE('',*,*,#4586,.T.);
#6505=ORIENTED_EDGE('',*,*,#4589,.T.);
#6506=ORIENTED_EDGE('',*,*,#4592,.T.);
#6507=ORIENTED_EDGE('',*,*,#4595,.T.);
#6508=ORIENTED_EDGE('',*,*,#3979,.F.);
#6509=ORIENTED_EDGE('',*,*,#4625,.T.);
#6510=ORIENTED_EDGE('',*,*,#4626,.F.);
#6511=ORIENTED_EDGE('',*,*,#4627,.F.);
#6512=ORIENTED_EDGE('',*,*,#3980,.F.);
#6513=ORIENTED_EDGE('',*,*,#4627,.T.);
#6514=ORIENTED_EDGE('',*,*,#4628,.F.);
#6515=ORIENTED_EDGE('',*,*,#4629,.F.);
#6516=ORIENTED_EDGE('',*,*,#3981,.F.);
#6517=ORIENTED_EDGE('',*,*,#4629,.T.);
#6518=ORIENTED_EDGE('',*,*,#4630,.F.);
#6519=ORIENTED_EDGE('',*,*,#4631,.F.);
#6520=ORIENTED_EDGE('',*,*,#3982,.F.);
#6521=ORIENTED_EDGE('',*,*,#4631,.T.);
#6522=ORIENTED_EDGE('',*,*,#4632,.F.);
#6523=ORIENTED_EDGE('',*,*,#4625,.F.);
#6524=ORIENTED_EDGE('',*,*,#4632,.T.);
#6525=ORIENTED_EDGE('',*,*,#4630,.T.);
#6526=ORIENTED_EDGE('',*,*,#4628,.T.);
#6527=ORIENTED_EDGE('',*,*,#4626,.T.);
#6528=ORIENTED_EDGE('',*,*,#3983,.F.);
#6529=ORIENTED_EDGE('',*,*,#4633,.T.);
#6530=ORIENTED_EDGE('',*,*,#4634,.F.);
#6531=ORIENTED_EDGE('',*,*,#4635,.F.);
#6532=ORIENTED_EDGE('',*,*,#3984,.F.);
#6533=ORIENTED_EDGE('',*,*,#4635,.T.);
#6534=ORIENTED_EDGE('',*,*,#4636,.F.);
#6535=ORIENTED_EDGE('',*,*,#4637,.F.);
#6536=ORIENTED_EDGE('',*,*,#3985,.F.);
#6537=ORIENTED_EDGE('',*,*,#4637,.T.);
#6538=ORIENTED_EDGE('',*,*,#4638,.F.);
#6539=ORIENTED_EDGE('',*,*,#4639,.F.);
#6540=ORIENTED_EDGE('',*,*,#3986,.F.);
#6541=ORIENTED_EDGE('',*,*,#4639,.T.);
#6542=ORIENTED_EDGE('',*,*,#4640,.F.);
#6543=ORIENTED_EDGE('',*,*,#4641,.F.);
#6544=ORIENTED_EDGE('',*,*,#3987,.F.);
#6545=ORIENTED_EDGE('',*,*,#4641,.T.);
#6546=ORIENTED_EDGE('',*,*,#4642,.F.);
#6547=ORIENTED_EDGE('',*,*,#4643,.F.);
#6548=ORIENTED_EDGE('',*,*,#3988,.F.);
#6549=ORIENTED_EDGE('',*,*,#4643,.T.);
#6550=ORIENTED_EDGE('',*,*,#4644,.F.);
#6551=ORIENTED_EDGE('',*,*,#4645,.F.);
#6552=ORIENTED_EDGE('',*,*,#3989,.F.);
#6553=ORIENTED_EDGE('',*,*,#4645,.T.);
#6554=ORIENTED_EDGE('',*,*,#4646,.F.);
#6555=ORIENTED_EDGE('',*,*,#4647,.F.);
#6556=ORIENTED_EDGE('',*,*,#3990,.F.);
#6557=ORIENTED_EDGE('',*,*,#4647,.T.);
#6558=ORIENTED_EDGE('',*,*,#4648,.F.);
#6559=ORIENTED_EDGE('',*,*,#4649,.F.);
#6560=ORIENTED_EDGE('',*,*,#3991,.F.);
#6561=ORIENTED_EDGE('',*,*,#4649,.T.);
#6562=ORIENTED_EDGE('',*,*,#4650,.F.);
#6563=ORIENTED_EDGE('',*,*,#4651,.F.);
#6564=ORIENTED_EDGE('',*,*,#3992,.F.);
#6565=ORIENTED_EDGE('',*,*,#4651,.T.);
#6566=ORIENTED_EDGE('',*,*,#4652,.F.);
#6567=ORIENTED_EDGE('',*,*,#4653,.F.);
#6568=ORIENTED_EDGE('',*,*,#3993,.F.);
#6569=ORIENTED_EDGE('',*,*,#4653,.T.);
#6570=ORIENTED_EDGE('',*,*,#4654,.F.);
#6571=ORIENTED_EDGE('',*,*,#4655,.F.);
#6572=ORIENTED_EDGE('',*,*,#3994,.F.);
#6573=ORIENTED_EDGE('',*,*,#4655,.T.);
#6574=ORIENTED_EDGE('',*,*,#4656,.F.);
#6575=ORIENTED_EDGE('',*,*,#4657,.F.);
#6576=ORIENTED_EDGE('',*,*,#3995,.F.);
#6577=ORIENTED_EDGE('',*,*,#4657,.T.);
#6578=ORIENTED_EDGE('',*,*,#4658,.F.);
#6579=ORIENTED_EDGE('',*,*,#4659,.F.);
#6580=ORIENTED_EDGE('',*,*,#3996,.F.);
#6581=ORIENTED_EDGE('',*,*,#4659,.T.);
#6582=ORIENTED_EDGE('',*,*,#4660,.F.);
#6583=ORIENTED_EDGE('',*,*,#4661,.F.);
#6584=ORIENTED_EDGE('',*,*,#3997,.F.);
#6585=ORIENTED_EDGE('',*,*,#4661,.T.);
#6586=ORIENTED_EDGE('',*,*,#4662,.F.);
#6587=ORIENTED_EDGE('',*,*,#4663,.F.);
#6588=ORIENTED_EDGE('',*,*,#3998,.F.);
#6589=ORIENTED_EDGE('',*,*,#4663,.T.);
#6590=ORIENTED_EDGE('',*,*,#4664,.F.);
#6591=ORIENTED_EDGE('',*,*,#4665,.F.);
#6592=ORIENTED_EDGE('',*,*,#3999,.F.);
#6593=ORIENTED_EDGE('',*,*,#4665,.T.);
#6594=ORIENTED_EDGE('',*,*,#4666,.F.);
#6595=ORIENTED_EDGE('',*,*,#4667,.F.);
#6596=ORIENTED_EDGE('',*,*,#4000,.F.);
#6597=ORIENTED_EDGE('',*,*,#4667,.T.);
#6598=ORIENTED_EDGE('',*,*,#4668,.F.);
#6599=ORIENTED_EDGE('',*,*,#4669,.F.);
#6600=ORIENTED_EDGE('',*,*,#4001,.F.);
#6601=ORIENTED_EDGE('',*,*,#4669,.T.);
#6602=ORIENTED_EDGE('',*,*,#4670,.F.);
#6603=ORIENTED_EDGE('',*,*,#4671,.F.);
#6604=ORIENTED_EDGE('',*,*,#4002,.F.);
#6605=ORIENTED_EDGE('',*,*,#4671,.T.);
#6606=ORIENTED_EDGE('',*,*,#4672,.F.);
#6607=ORIENTED_EDGE('',*,*,#4673,.F.);
#6608=ORIENTED_EDGE('',*,*,#4003,.F.);
#6609=ORIENTED_EDGE('',*,*,#4673,.T.);
#6610=ORIENTED_EDGE('',*,*,#4674,.F.);
#6611=ORIENTED_EDGE('',*,*,#4675,.F.);
#6612=ORIENTED_EDGE('',*,*,#4004,.F.);
#6613=ORIENTED_EDGE('',*,*,#4675,.T.);
#6614=ORIENTED_EDGE('',*,*,#4676,.F.);
#6615=ORIENTED_EDGE('',*,*,#4677,.F.);
#6616=ORIENTED_EDGE('',*,*,#4005,.F.);
#6617=ORIENTED_EDGE('',*,*,#4677,.T.);
#6618=ORIENTED_EDGE('',*,*,#4678,.F.);
#6619=ORIENTED_EDGE('',*,*,#4633,.F.);
#6620=ORIENTED_EDGE('',*,*,#4678,.T.);
#6621=ORIENTED_EDGE('',*,*,#4676,.T.);
#6622=ORIENTED_EDGE('',*,*,#4674,.T.);
#6623=ORIENTED_EDGE('',*,*,#4672,.T.);
#6624=ORIENTED_EDGE('',*,*,#4670,.T.);
#6625=ORIENTED_EDGE('',*,*,#4668,.T.);
#6626=ORIENTED_EDGE('',*,*,#4666,.T.);
#6627=ORIENTED_EDGE('',*,*,#4664,.T.);
#6628=ORIENTED_EDGE('',*,*,#4662,.T.);
#6629=ORIENTED_EDGE('',*,*,#4660,.T.);
#6630=ORIENTED_EDGE('',*,*,#4658,.T.);
#6631=ORIENTED_EDGE('',*,*,#4656,.T.);
#6632=ORIENTED_EDGE('',*,*,#4654,.T.);
#6633=ORIENTED_EDGE('',*,*,#4652,.T.);
#6634=ORIENTED_EDGE('',*,*,#4650,.T.);
#6635=ORIENTED_EDGE('',*,*,#4648,.T.);
#6636=ORIENTED_EDGE('',*,*,#4646,.T.);
#6637=ORIENTED_EDGE('',*,*,#4644,.T.);
#6638=ORIENTED_EDGE('',*,*,#4642,.T.);
#6639=ORIENTED_EDGE('',*,*,#4640,.T.);
#6640=ORIENTED_EDGE('',*,*,#4638,.T.);
#6641=ORIENTED_EDGE('',*,*,#4636,.T.);
#6642=ORIENTED_EDGE('',*,*,#4634,.T.);
#6643=ORIENTED_EDGE('',*,*,#4679,.F.);
#6644=ORIENTED_EDGE('',*,*,#4680,.T.);
#6645=ORIENTED_EDGE('',*,*,#4681,.T.);
#6646=ORIENTED_EDGE('',*,*,#4680,.F.);
#6647=ORIENTED_EDGE('',*,*,#4682,.T.);
#6648=ORIENTED_EDGE('',*,*,#4683,.T.);
#6649=ORIENTED_EDGE('',*,*,#4684,.T.);
#6650=ORIENTED_EDGE('',*,*,#4685,.F.);
#6651=ORIENTED_EDGE('',*,*,#4686,.T.);
#6652=ORIENTED_EDGE('',*,*,#4686,.F.);
#6653=ORIENTED_EDGE('',*,*,#4687,.T.);
#6654=ORIENTED_EDGE('',*,*,#4688,.F.);
#6655=ORIENTED_EDGE('',*,*,#4689,.F.);
#6656=ORIENTED_EDGE('',*,*,#4690,.T.);
#6657=ORIENTED_EDGE('',*,*,#4688,.T.);
#6658=ORIENTED_EDGE('',*,*,#4691,.T.);
#6659=ORIENTED_EDGE('',*,*,#4692,.T.);
#6660=ORIENTED_EDGE('',*,*,#4690,.F.);
#6661=ORIENTED_EDGE('',*,*,#4693,.F.);
#6662=ORIENTED_EDGE('',*,*,#4694,.F.);
#6663=ORIENTED_EDGE('',*,*,#4695,.F.);
#6664=ORIENTED_EDGE('',*,*,#4696,.T.);
#6665=ORIENTED_EDGE('',*,*,#4689,.T.);
#6666=ORIENTED_EDGE('',*,*,#4692,.F.);
#6667=ORIENTED_EDGE('',*,*,#4697,.T.);
#6668=ORIENTED_EDGE('',*,*,#4698,.T.);
#6669=ORIENTED_EDGE('',*,*,#4699,.T.);
#6670=ORIENTED_EDGE('',*,*,#4700,.F.);
#6671=ORIENTED_EDGE('',*,*,#4701,.T.);
#6672=ORIENTED_EDGE('',*,*,#4702,.T.);
#6673=ORIENTED_EDGE('',*,*,#4693,.T.);
#6674=ORIENTED_EDGE('',*,*,#4679,.T.);
#6675=ORIENTED_EDGE('',*,*,#4703,.F.);
#6676=ORIENTED_EDGE('',*,*,#4704,.T.);
#6677=ORIENTED_EDGE('',*,*,#4705,.T.);
#6678=ORIENTED_EDGE('',*,*,#4706,.F.);
#6679=ORIENTED_EDGE('',*,*,#4707,.T.);
#6680=ORIENTED_EDGE('',*,*,#4683,.F.);
#6681=ORIENTED_EDGE('',*,*,#4708,.T.);
#6682=ORIENTED_EDGE('',*,*,#4709,.T.);
#6683=ORIENTED_EDGE('',*,*,#4710,.T.);
#6684=ORIENTED_EDGE('',*,*,#4711,.T.);
#6685=ORIENTED_EDGE('',*,*,#4712,.T.);
#6686=ORIENTED_EDGE('',*,*,#4707,.F.);
#6687=ORIENTED_EDGE('',*,*,#4713,.T.);
#6688=ORIENTED_EDGE('',*,*,#4714,.T.);
#6689=ORIENTED_EDGE('',*,*,#4715,.T.);
#6690=ORIENTED_EDGE('',*,*,#4716,.T.);
#6691=ORIENTED_EDGE('',*,*,#4717,.T.);
#6692=ORIENTED_EDGE('',*,*,#4718,.T.);
#6693=ORIENTED_EDGE('',*,*,#4719,.T.);
#6694=ORIENTED_EDGE('',*,*,#4720,.T.);
#6695=ORIENTED_EDGE('',*,*,#4721,.T.);
#6696=ORIENTED_EDGE('',*,*,#4700,.T.);
#6697=ORIENTED_EDGE('',*,*,#4722,.T.);
#6698=ORIENTED_EDGE('',*,*,#4723,.T.);
#6699=ORIENTED_EDGE('',*,*,#4722,.F.);
#6700=ORIENTED_EDGE('',*,*,#4699,.F.);
#6701=ORIENTED_EDGE('',*,*,#4724,.F.);
#6702=ORIENTED_EDGE('',*,*,#4725,.F.);
#6703=ORIENTED_EDGE('',*,*,#4726,.F.);
#6704=ORIENTED_EDGE('',*,*,#4705,.F.);
#6705=ORIENTED_EDGE('',*,*,#4727,.T.);
#6706=ORIENTED_EDGE('',*,*,#4540,.T.);
#6707=ORIENTED_EDGE('',*,*,#4544,.T.);
#6708=ORIENTED_EDGE('',*,*,#4547,.T.);
#6709=ORIENTED_EDGE('',*,*,#4550,.T.);
#6710=ORIENTED_EDGE('',*,*,#4553,.T.);
#6711=ORIENTED_EDGE('',*,*,#4556,.T.);
#6712=ORIENTED_EDGE('',*,*,#4559,.T.);
#6713=ORIENTED_EDGE('',*,*,#4562,.T.);
#6714=ORIENTED_EDGE('',*,*,#4565,.T.);
#6715=ORIENTED_EDGE('',*,*,#4728,.F.);
#6716=ORIENTED_EDGE('',*,*,#4729,.F.);
#6717=ORIENTED_EDGE('',*,*,#4730,.F.);
#6718=ORIENTED_EDGE('',*,*,#4731,.T.);
#6719=ORIENTED_EDGE('',*,*,#4732,.F.);
#6720=ORIENTED_EDGE('',*,*,#4731,.F.);
#6721=ORIENTED_EDGE('',*,*,#4733,.F.);
#6722=ORIENTED_EDGE('',*,*,#4734,.T.);
#6723=ORIENTED_EDGE('',*,*,#4735,.F.);
#6724=ORIENTED_EDGE('',*,*,#4734,.F.);
#6725=ORIENTED_EDGE('',*,*,#4736,.F.);
#6726=ORIENTED_EDGE('',*,*,#4737,.T.);
#6727=ORIENTED_EDGE('',*,*,#4738,.F.);
#6728=ORIENTED_EDGE('',*,*,#4737,.F.);
#6729=ORIENTED_EDGE('',*,*,#4739,.F.);
#6730=ORIENTED_EDGE('',*,*,#4740,.T.);
#6731=ORIENTED_EDGE('',*,*,#4741,.F.);
#6732=ORIENTED_EDGE('',*,*,#4740,.F.);
#6733=ORIENTED_EDGE('',*,*,#4742,.F.);
#6734=ORIENTED_EDGE('',*,*,#4743,.T.);
#6735=ORIENTED_EDGE('',*,*,#4744,.F.);
#6736=ORIENTED_EDGE('',*,*,#4743,.F.);
#6737=ORIENTED_EDGE('',*,*,#4745,.F.);
#6738=ORIENTED_EDGE('',*,*,#4746,.T.);
#6739=ORIENTED_EDGE('',*,*,#4747,.F.);
#6740=ORIENTED_EDGE('',*,*,#4746,.F.);
#6741=ORIENTED_EDGE('',*,*,#4748,.F.);
#6742=ORIENTED_EDGE('',*,*,#4749,.T.);
#6743=ORIENTED_EDGE('',*,*,#4750,.F.);
#6744=ORIENTED_EDGE('',*,*,#4749,.F.);
#6745=ORIENTED_EDGE('',*,*,#4751,.F.);
#6746=ORIENTED_EDGE('',*,*,#4729,.T.);
#6747=ORIENTED_EDGE('',*,*,#4752,.F.);
#6748=ORIENTED_EDGE('',*,*,#4753,.T.);
#6749=ORIENTED_EDGE('',*,*,#4754,.F.);
#6750=ORIENTED_EDGE('',*,*,#4753,.F.);
#6751=ORIENTED_EDGE('',*,*,#4681,.F.);
#6752=ORIENTED_EDGE('',*,*,#4755,.T.);
#6753=ORIENTED_EDGE('',*,*,#4756,.T.);
#6754=ORIENTED_EDGE('',*,*,#4757,.T.);
#6755=ORIENTED_EDGE('',*,*,#4758,.T.);
#6756=ORIENTED_EDGE('',*,*,#4759,.T.);
#6757=ORIENTED_EDGE('',*,*,#4760,.T.);
#6758=ORIENTED_EDGE('',*,*,#4757,.F.);
#6759=ORIENTED_EDGE('',*,*,#4761,.T.);
#6760=ORIENTED_EDGE('',*,*,#4759,.F.);
#6761=ORIENTED_EDGE('',*,*,#4762,.F.);
#6762=ORIENTED_EDGE('',*,*,#4684,.F.);
#6763=ORIENTED_EDGE('',*,*,#4717,.F.);
#6764=ORIENTED_EDGE('',*,*,#4763,.T.);
#6765=ORIENTED_EDGE('',*,*,#4764,.T.);
#6766=ORIENTED_EDGE('',*,*,#4763,.F.);
#6767=ORIENTED_EDGE('',*,*,#4716,.F.);
#6768=ORIENTED_EDGE('',*,*,#4765,.T.);
#6769=ORIENTED_EDGE('',*,*,#4766,.T.);
#6770=ORIENTED_EDGE('',*,*,#4765,.F.);
#6771=ORIENTED_EDGE('',*,*,#4715,.F.);
#6772=ORIENTED_EDGE('',*,*,#4767,.T.);
#6773=ORIENTED_EDGE('',*,*,#4768,.T.);
#6774=ORIENTED_EDGE('',*,*,#4767,.F.);
#6775=ORIENTED_EDGE('',*,*,#4714,.F.);
#6776=ORIENTED_EDGE('',*,*,#4769,.T.);
#6777=ORIENTED_EDGE('',*,*,#4770,.T.);
#6778=ORIENTED_EDGE('',*,*,#4769,.F.);
#6779=ORIENTED_EDGE('',*,*,#4713,.F.);
#6780=ORIENTED_EDGE('',*,*,#4706,.T.);
#6781=ORIENTED_EDGE('',*,*,#4726,.T.);
#6782=ORIENTED_EDGE('',*,*,#4771,.T.);
#6783=ORIENTED_EDGE('',*,*,#4772,.T.);
#6784=ORIENTED_EDGE('',*,*,#4771,.F.);
#6785=ORIENTED_EDGE('',*,*,#4725,.T.);
#6786=ORIENTED_EDGE('',*,*,#4755,.F.);
#6787=ORIENTED_EDGE('',*,*,#4773,.T.);
#6788=ORIENTED_EDGE('',*,*,#4691,.F.);
#6789=ORIENTED_EDGE('',*,*,#4687,.F.);
#6790=ORIENTED_EDGE('',*,*,#4685,.T.);
#6791=ORIENTED_EDGE('',*,*,#4762,.T.);
#6792=ORIENTED_EDGE('',*,*,#4761,.F.);
#6793=ORIENTED_EDGE('',*,*,#4774,.T.);
#6794=ORIENTED_EDGE('',*,*,#4697,.F.);
#6795=ORIENTED_EDGE('',*,*,#4756,.F.);
#6796=ORIENTED_EDGE('',*,*,#4724,.T.);
#6797=ORIENTED_EDGE('',*,*,#4698,.F.);
#6798=ORIENTED_EDGE('',*,*,#4774,.F.);
#6799=ORIENTED_EDGE('',*,*,#4741,.T.);
#6800=ORIENTED_EDGE('',*,*,#4744,.T.);
#6801=ORIENTED_EDGE('',*,*,#4747,.T.);
#6802=ORIENTED_EDGE('',*,*,#4750,.T.);
#6803=ORIENTED_EDGE('',*,*,#4728,.T.);
#6804=ORIENTED_EDGE('',*,*,#4732,.T.);
#6805=ORIENTED_EDGE('',*,*,#4735,.T.);
#6806=ORIENTED_EDGE('',*,*,#4738,.T.);
#6807=ORIENTED_EDGE('',*,*,#4754,.T.);
#6808=ORIENTED_EDGE('',*,*,#4775,.T.);
#6809=ORIENTED_EDGE('',*,*,#4776,.T.);
#6810=ORIENTED_EDGE('',*,*,#4777,.T.);
#6811=ORIENTED_EDGE('',*,*,#4778,.T.);
#6812=ORIENTED_EDGE('',*,*,#4779,.T.);
#6813=ORIENTED_EDGE('',*,*,#4780,.T.);
#6814=ORIENTED_EDGE('',*,*,#4781,.T.);
#6815=ORIENTED_EDGE('',*,*,#4782,.T.);
#6816=ORIENTED_EDGE('',*,*,#4783,.T.);
#6817=ORIENTED_EDGE('',*,*,#4784,.T.);
#6818=ORIENTED_EDGE('',*,*,#4785,.T.);
#6819=ORIENTED_EDGE('',*,*,#4758,.F.);
#6820=ORIENTED_EDGE('',*,*,#4760,.F.);
#6821=ORIENTED_EDGE('',*,*,#4764,.F.);
#6822=ORIENTED_EDGE('',*,*,#4766,.F.);
#6823=ORIENTED_EDGE('',*,*,#4768,.F.);
#6824=ORIENTED_EDGE('',*,*,#4770,.F.);
#6825=ORIENTED_EDGE('',*,*,#4772,.F.);
#6826=ORIENTED_EDGE('',*,*,#4773,.F.);
#6827=ORIENTED_EDGE('',*,*,#4786,.F.);
#6828=ORIENTED_EDGE('',*,*,#4787,.F.);
#6829=ORIENTED_EDGE('',*,*,#4788,.F.);
#6830=ORIENTED_EDGE('',*,*,#4789,.F.);
#6831=ORIENTED_EDGE('',*,*,#4790,.F.);
#6832=ORIENTED_EDGE('',*,*,#4791,.T.);
#6833=ORIENTED_EDGE('',*,*,#4786,.T.);
#6834=ORIENTED_EDGE('',*,*,#4791,.F.);
#6835=ORIENTED_EDGE('',*,*,#4792,.F.);
#6836=ORIENTED_EDGE('',*,*,#4793,.T.);
#6837=ORIENTED_EDGE('',*,*,#4789,.T.);
#6838=ORIENTED_EDGE('',*,*,#4793,.F.);
#6839=ORIENTED_EDGE('',*,*,#4794,.F.);
#6840=ORIENTED_EDGE('',*,*,#4795,.T.);
#6841=ORIENTED_EDGE('',*,*,#4787,.T.);
#6842=ORIENTED_EDGE('',*,*,#4795,.F.);
#6843=ORIENTED_EDGE('',*,*,#4796,.F.);
#6844=ORIENTED_EDGE('',*,*,#4797,.T.);
#6845=ORIENTED_EDGE('',*,*,#4788,.T.);
#6846=ORIENTED_EDGE('',*,*,#4797,.F.);
#6847=ORIENTED_EDGE('',*,*,#4785,.F.);
#6848=ORIENTED_EDGE('',*,*,#4798,.T.);
#6849=ORIENTED_EDGE('',*,*,#4799,.F.);
#6850=ORIENTED_EDGE('',*,*,#4798,.F.);
#6851=ORIENTED_EDGE('',*,*,#4784,.F.);
#6852=ORIENTED_EDGE('',*,*,#4800,.T.);
#6853=ORIENTED_EDGE('',*,*,#4801,.F.);
#6854=ORIENTED_EDGE('',*,*,#4800,.F.);
#6855=ORIENTED_EDGE('',*,*,#4782,.F.);
#6856=ORIENTED_EDGE('',*,*,#4802,.T.);
#6857=ORIENTED_EDGE('',*,*,#4803,.F.);
#6858=ORIENTED_EDGE('',*,*,#4804,.F.);
#6859=ORIENTED_EDGE('',*,*,#4783,.F.);
#6860=ORIENTED_EDGE('',*,*,#4804,.T.);
#6861=ORIENTED_EDGE('',*,*,#4805,.F.);
#6862=ORIENTED_EDGE('',*,*,#4806,.F.);
#6863=ORIENTED_EDGE('',*,*,#4780,.F.);
#6864=ORIENTED_EDGE('',*,*,#4806,.T.);
#6865=ORIENTED_EDGE('',*,*,#4807,.F.);
#6866=ORIENTED_EDGE('',*,*,#4808,.F.);
#6867=ORIENTED_EDGE('',*,*,#4781,.F.);
#6868=ORIENTED_EDGE('',*,*,#4808,.T.);
#6869=ORIENTED_EDGE('',*,*,#4809,.F.);
#6870=ORIENTED_EDGE('',*,*,#4802,.F.);
#6871=ORIENTED_EDGE('',*,*,#4778,.F.);
#6872=ORIENTED_EDGE('',*,*,#4810,.T.);
#6873=ORIENTED_EDGE('',*,*,#4811,.F.);
#6874=ORIENTED_EDGE('',*,*,#4812,.F.);
#6875=ORIENTED_EDGE('',*,*,#4779,.F.);
#6876=ORIENTED_EDGE('',*,*,#4812,.T.);
#6877=ORIENTED_EDGE('',*,*,#4813,.F.);
#6878=ORIENTED_EDGE('',*,*,#4814,.F.);
#6879=ORIENTED_EDGE('',*,*,#4775,.F.);
#6880=ORIENTED_EDGE('',*,*,#4814,.T.);
#6881=ORIENTED_EDGE('',*,*,#4815,.F.);
#6882=ORIENTED_EDGE('',*,*,#4816,.F.);
#6883=ORIENTED_EDGE('',*,*,#4777,.F.);
#6884=ORIENTED_EDGE('',*,*,#4817,.T.);
#6885=ORIENTED_EDGE('',*,*,#4818,.F.);
#6886=ORIENTED_EDGE('',*,*,#4810,.F.);
#6887=ORIENTED_EDGE('',*,*,#4776,.F.);
#6888=ORIENTED_EDGE('',*,*,#4816,.T.);
#6889=ORIENTED_EDGE('',*,*,#4819,.F.);
#6890=ORIENTED_EDGE('',*,*,#4817,.F.);
#6891=ORIENTED_EDGE('',*,*,#4704,.F.);
#6892=ORIENTED_EDGE('',*,*,#4820,.T.);
#6893=ORIENTED_EDGE('',*,*,#4723,.F.);
#6894=ORIENTED_EDGE('',*,*,#4727,.F.);
#6895=ORIENTED_EDGE('',*,*,#4821,.T.);
#6896=ORIENTED_EDGE('',*,*,#4822,.T.);
#6897=ORIENTED_EDGE('',*,*,#4823,.T.);
#6898=ORIENTED_EDGE('',*,*,#4822,.F.);
#6899=ORIENTED_EDGE('',*,*,#4824,.T.);
#6900=ORIENTED_EDGE('',*,*,#4695,.T.);
#6901=ORIENTED_EDGE('',*,*,#4825,.T.);
#6902=ORIENTED_EDGE('',*,*,#4826,.T.);
#6903=ORIENTED_EDGE('',*,*,#4827,.T.);
#6904=ORIENTED_EDGE('',*,*,#4828,.T.);
#6905=ORIENTED_EDGE('',*,*,#4829,.T.);
#6906=ORIENTED_EDGE('',*,*,#4830,.T.);
#6907=ORIENTED_EDGE('',*,*,#4831,.F.);
#6908=ORIENTED_EDGE('',*,*,#4832,.F.);
#6909=ORIENTED_EDGE('',*,*,#4833,.F.);
#6910=ORIENTED_EDGE('',*,*,#4834,.F.);
#6911=ORIENTED_EDGE('',*,*,#4835,.F.);
#6912=ORIENTED_EDGE('',*,*,#4836,.F.);
#6913=ORIENTED_EDGE('',*,*,#4821,.F.);
#6914=ORIENTED_EDGE('',*,*,#4823,.F.);
#6915=ORIENTED_EDGE('',*,*,#4837,.T.);
#6916=ORIENTED_EDGE('',*,*,#4720,.F.);
#6917=ORIENTED_EDGE('',*,*,#4837,.F.);
#6918=ORIENTED_EDGE('',*,*,#4831,.T.);
#6919=ORIENTED_EDGE('',*,*,#4838,.T.);
#6920=ORIENTED_EDGE('',*,*,#4839,.T.);
#6921=ORIENTED_EDGE('',*,*,#4838,.F.);
#6922=ORIENTED_EDGE('',*,*,#4839,.F.);
#6923=ORIENTED_EDGE('',*,*,#4840,.T.);
#6924=ORIENTED_EDGE('',*,*,#4718,.F.);
#6925=ORIENTED_EDGE('',*,*,#4840,.F.);
#6926=ORIENTED_EDGE('',*,*,#4836,.T.);
#6927=ORIENTED_EDGE('',*,*,#4841,.T.);
#6928=ORIENTED_EDGE('',*,*,#4842,.T.);
#6929=ORIENTED_EDGE('',*,*,#4841,.F.);
#6930=ORIENTED_EDGE('',*,*,#4842,.F.);
#6931=ORIENTED_EDGE('',*,*,#4843,.T.);
#6932=ORIENTED_EDGE('',*,*,#4719,.F.);
#6933=ORIENTED_EDGE('',*,*,#4843,.F.);
#6934=ORIENTED_EDGE('',*,*,#4832,.T.);
#6935=ORIENTED_EDGE('',*,*,#4844,.T.);
#6936=ORIENTED_EDGE('',*,*,#4845,.T.);
#6937=ORIENTED_EDGE('',*,*,#4844,.F.);
#6938=ORIENTED_EDGE('',*,*,#4845,.F.);
#6939=ORIENTED_EDGE('',*,*,#4846,.T.);
#6940=ORIENTED_EDGE('',*,*,#4847,.F.);
#6941=ORIENTED_EDGE('',*,*,#4846,.F.);
#6942=ORIENTED_EDGE('',*,*,#4835,.T.);
#6943=ORIENTED_EDGE('',*,*,#4848,.T.);
#6944=ORIENTED_EDGE('',*,*,#4849,.T.);
#6945=ORIENTED_EDGE('',*,*,#4848,.F.);
#6946=ORIENTED_EDGE('',*,*,#4849,.F.);
#6947=ORIENTED_EDGE('',*,*,#4850,.T.);
#6948=ORIENTED_EDGE('',*,*,#4851,.F.);
#6949=ORIENTED_EDGE('',*,*,#4850,.F.);
#6950=ORIENTED_EDGE('',*,*,#4833,.T.);
#6951=ORIENTED_EDGE('',*,*,#4852,.T.);
#6952=ORIENTED_EDGE('',*,*,#4853,.T.);
#6953=ORIENTED_EDGE('',*,*,#4852,.F.);
#6954=ORIENTED_EDGE('',*,*,#4853,.F.);
#6955=ORIENTED_EDGE('',*,*,#4854,.T.);
#6956=ORIENTED_EDGE('',*,*,#4855,.F.);
#6957=ORIENTED_EDGE('',*,*,#4854,.F.);
#6958=ORIENTED_EDGE('',*,*,#4834,.T.);
#6959=ORIENTED_EDGE('',*,*,#4856,.T.);
#6960=ORIENTED_EDGE('',*,*,#4857,.T.);
#6961=ORIENTED_EDGE('',*,*,#4856,.F.);
#6962=ORIENTED_EDGE('',*,*,#4857,.F.);
#6963=ORIENTED_EDGE('',*,*,#4858,.T.);
#6964=ORIENTED_EDGE('',*,*,#4859,.F.);
#6965=ORIENTED_EDGE('',*,*,#4858,.F.);
#6966=ORIENTED_EDGE('',*,*,#4794,.T.);
#6967=ORIENTED_EDGE('',*,*,#4851,.T.);
#6968=ORIENTED_EDGE('',*,*,#4792,.T.);
#6969=ORIENTED_EDGE('',*,*,#4859,.T.);
#6970=ORIENTED_EDGE('',*,*,#4796,.T.);
#6971=ORIENTED_EDGE('',*,*,#4847,.T.);
#6972=ORIENTED_EDGE('',*,*,#4790,.T.);
#6973=ORIENTED_EDGE('',*,*,#4855,.T.);
#6974=ORIENTED_EDGE('',*,*,#4860,.F.);
#6975=ORIENTED_EDGE('',*,*,#4830,.F.);
#6976=ORIENTED_EDGE('',*,*,#4861,.T.);
#6977=ORIENTED_EDGE('',*,*,#4709,.F.);
#6978=ORIENTED_EDGE('',*,*,#4861,.F.);
#6979=ORIENTED_EDGE('',*,*,#4829,.F.);
#6980=ORIENTED_EDGE('',*,*,#4862,.T.);
#6981=ORIENTED_EDGE('',*,*,#4710,.F.);
#6982=ORIENTED_EDGE('',*,*,#4862,.F.);
#6983=ORIENTED_EDGE('',*,*,#4828,.F.);
#6984=ORIENTED_EDGE('',*,*,#4863,.T.);
#6985=ORIENTED_EDGE('',*,*,#4711,.F.);
#6986=ORIENTED_EDGE('',*,*,#4863,.F.);
#6987=ORIENTED_EDGE('',*,*,#4827,.F.);
#6988=ORIENTED_EDGE('',*,*,#4864,.T.);
#6989=ORIENTED_EDGE('',*,*,#4703,.T.);
#6990=ORIENTED_EDGE('',*,*,#4712,.F.);
#6991=ORIENTED_EDGE('',*,*,#4721,.F.);
#6992=ORIENTED_EDGE('',*,*,#4820,.F.);
#6993=ORIENTED_EDGE('',*,*,#4864,.F.);
#6994=ORIENTED_EDGE('',*,*,#4826,.F.);
#6995=ORIENTED_EDGE('',*,*,#4865,.T.);
#6996=ORIENTED_EDGE('',*,*,#4701,.F.);
#6997=ORIENTED_EDGE('',*,*,#4865,.F.);
#6998=ORIENTED_EDGE('',*,*,#4825,.F.);
#6999=ORIENTED_EDGE('',*,*,#4694,.T.);
#7000=ORIENTED_EDGE('',*,*,#4702,.F.);
#7001=ORIENTED_EDGE('',*,*,#3805,.T.);
#7002=ORIENTED_EDGE('',*,*,#3801,.F.);
#7003=ORIENTED_EDGE('',*,*,#3800,.T.);
#7004=ORIENTED_EDGE('',*,*,#3795,.F.);
#7005=ORIENTED_EDGE('',*,*,#3794,.T.);
#7006=ORIENTED_EDGE('',*,*,#3789,.F.);
#7007=ORIENTED_EDGE('',*,*,#3788,.T.);
#7008=ORIENTED_EDGE('',*,*,#3783,.F.);
#7009=ORIENTED_EDGE('',*,*,#4742,.T.);
#7010=ORIENTED_EDGE('',*,*,#4739,.T.);
#7011=ORIENTED_EDGE('',*,*,#4736,.T.);
#7012=ORIENTED_EDGE('',*,*,#4733,.T.);
#7013=ORIENTED_EDGE('',*,*,#4730,.T.);
#7014=ORIENTED_EDGE('',*,*,#4751,.T.);
#7015=ORIENTED_EDGE('',*,*,#4748,.T.);
#7016=ORIENTED_EDGE('',*,*,#4745,.T.);
#7017=ORIENTED_EDGE('',*,*,#4752,.T.);
#7018=ORIENTED_EDGE('',*,*,#4799,.T.);
#7019=ORIENTED_EDGE('',*,*,#4801,.T.);
#7020=ORIENTED_EDGE('',*,*,#4807,.T.);
#7021=ORIENTED_EDGE('',*,*,#4805,.T.);
#7022=ORIENTED_EDGE('',*,*,#4803,.T.);
#7023=ORIENTED_EDGE('',*,*,#4809,.T.);
#7024=ORIENTED_EDGE('',*,*,#4815,.T.);
#7025=ORIENTED_EDGE('',*,*,#4813,.T.);
#7026=ORIENTED_EDGE('',*,*,#4811,.T.);
#7027=ORIENTED_EDGE('',*,*,#4818,.T.);
#7028=ORIENTED_EDGE('',*,*,#4819,.T.);
#7029=ORIENTED_EDGE('',*,*,#4696,.F.);
#7030=ORIENTED_EDGE('',*,*,#4824,.F.);
#7031=ORIENTED_EDGE('',*,*,#4860,.T.);
#7032=ORIENTED_EDGE('',*,*,#4708,.F.);
#7033=ORIENTED_EDGE('',*,*,#4682,.F.);
#7034=TOROIDAL_SURFACE('',#7457,2.2,0.8);
#7035=TOROIDAL_SURFACE('',#7464,2.2,0.8);
#7036=TOROIDAL_SURFACE('',#7470,2.2,0.8);
#7037=TOROIDAL_SURFACE('',#7476,2.2,0.8);
#7038=TOROIDAL_SURFACE('',#7693,8.99999999999999,2.);
#7039=TOROIDAL_SURFACE('',#7699,9.,2.);
#7040=TOROIDAL_SURFACE('',#7704,8.99999999999999,2.);
#7041=TOROIDAL_SURFACE('',#7709,8.99999999999999,2.);
#7042=TOROIDAL_SURFACE('',#7720,4.5,2.);
#7043=TOROIDAL_SURFACE('',#7723,4.5,2.);
#7044=TOROIDAL_SURFACE('',#7726,4.5,2.);
#7045=TOROIDAL_SURFACE('',#7729,4.5,2.);
#7046=ADVANCED_FACE('',(#2120),#7034,.F.);
#7047=ADVANCED_FACE('',(#2121),#2087,.F.);
#7048=ADVANCED_FACE('',(#2122),#7035,.F.);
#7049=ADVANCED_FACE('',(#2123),#2088,.F.);
#7050=ADVANCED_FACE('',(#2124),#7036,.F.);
#7051=ADVANCED_FACE('',(#2125),#2089,.F.);
#7052=ADVANCED_FACE('',(#2126),#7037,.F.);
#7053=ADVANCED_FACE('',(#2127),#2090,.F.);
#7054=ADVANCED_FACE('',(#2128,#176,#177,#178,#179,#180,#181,#182,#183,#184,
#185,#186,#187,#188,#189,#190,#191),#550,.F.);
#7055=ADVANCED_FACE('',(#2129),#551,.T.);
#7056=ADVANCED_FACE('',(#2130),#22,.T.);
#7057=ADVANCED_FACE('',(#2131),#23,.T.);
#7058=ADVANCED_FACE('',(#2132),#24,.T.);
#7059=ADVANCED_FACE('',(#2133),#25,.T.);
#7060=ADVANCED_FACE('',(#2134),#26,.T.);
#7061=ADVANCED_FACE('',(#2135),#27,.T.);
#7062=ADVANCED_FACE('',(#2136),#552,.T.);
#7063=ADVANCED_FACE('',(#2137),#553,.T.);
#7064=ADVANCED_FACE('',(#2138),#554,.T.);
#7065=ADVANCED_FACE('',(#2139),#28,.T.);
#7066=ADVANCED_FACE('',(#2140),#29,.T.);
#7067=ADVANCED_FACE('',(#2141),#30,.T.);
#7068=ADVANCED_FACE('',(#2142),#31,.T.);
#7069=ADVANCED_FACE('',(#2143),#32,.T.);
#7070=ADVANCED_FACE('',(#2144),#33,.T.);
#7071=ADVANCED_FACE('',(#2145),#34,.T.);
#7072=ADVANCED_FACE('',(#2146),#555,.T.);
#7073=ADVANCED_FACE('',(#2147),#556,.T.);
#7074=ADVANCED_FACE('',(#2148),#557,.T.);
#7075=ADVANCED_FACE('',(#2149),#558,.T.);
#7076=ADVANCED_FACE('',(#2150),#35,.T.);
#7077=ADVANCED_FACE('',(#2151),#36,.T.);
#7078=ADVANCED_FACE('',(#2152),#37,.T.);
#7079=ADVANCED_FACE('',(#2153),#38,.T.);
#7080=ADVANCED_FACE('',(#2154),#39,.T.);
#7081=ADVANCED_FACE('',(#2155),#40,.T.);
#7082=ADVANCED_FACE('',(#2156),#41,.T.);
#7083=ADVANCED_FACE('',(#2157),#42,.T.);
#7084=ADVANCED_FACE('',(#2158),#43,.T.);
#7085=ADVANCED_FACE('',(#2159),#44,.T.);
#7086=ADVANCED_FACE('',(#2160),#45,.T.);
#7087=ADVANCED_FACE('',(#2161),#559,.T.);
#7088=ADVANCED_FACE('',(#2162,#192,#193),#560,.T.);
#7089=ADVANCED_FACE('',(#2163),#561,.F.);
#7090=ADVANCED_FACE('',(#2164),#562,.T.);
#7091=ADVANCED_FACE('',(#2165),#563,.T.);
#7092=ADVANCED_FACE('',(#2166),#564,.T.);
#7093=ADVANCED_FACE('',(#2167),#565,.T.);
#7094=ADVANCED_FACE('',(#2168),#566,.T.);
#7095=ADVANCED_FACE('',(#2169),#567,.T.);
#7096=ADVANCED_FACE('',(#2170),#46,.T.);
#7097=ADVANCED_FACE('',(#2171),#47,.T.);
#7098=ADVANCED_FACE('',(#2172),#48,.T.);
#7099=ADVANCED_FACE('',(#2173),#49,.T.);
#7100=ADVANCED_FACE('',(#2174),#568,.T.);
#7101=ADVANCED_FACE('',(#2175),#569,.T.);
#7102=ADVANCED_FACE('',(#2176),#50,.T.);
#7103=ADVANCED_FACE('',(#2177),#51,.T.);
#7104=ADVANCED_FACE('',(#2178),#52,.T.);
#7105=ADVANCED_FACE('',(#2179),#570,.T.);
#7106=ADVANCED_FACE('',(#2180),#571,.T.);
#7107=ADVANCED_FACE('',(#2181),#572,.T.);
#7108=ADVANCED_FACE('',(#2182),#573,.T.);
#7109=ADVANCED_FACE('',(#2183),#574,.T.);
#7110=ADVANCED_FACE('',(#2184),#575,.T.);
#7111=ADVANCED_FACE('',(#2185),#576,.T.);
#7112=ADVANCED_FACE('',(#2186),#577,.T.);
#7113=ADVANCED_FACE('',(#2187),#53,.T.);
#7114=ADVANCED_FACE('',(#2188),#54,.T.);
#7115=ADVANCED_FACE('',(#2189),#55,.T.);
#7116=ADVANCED_FACE('',(#2190),#56,.T.);
#7117=ADVANCED_FACE('',(#2191),#578,.T.);
#7118=ADVANCED_FACE('',(#2192),#579,.T.);
#7119=ADVANCED_FACE('',(#2193),#57,.T.);
#7120=ADVANCED_FACE('',(#2194),#58,.T.);
#7121=ADVANCED_FACE('',(#2195),#59,.T.);
#7122=ADVANCED_FACE('',(#2196),#580,.T.);
#7123=ADVANCED_FACE('',(#2197),#581,.T.);
#7124=ADVANCED_FACE('',(#2198),#582,.T.);
#7125=ADVANCED_FACE('',(#2199),#583,.T.);
#7126=ADVANCED_FACE('',(#2200),#584,.T.);
#7127=ADVANCED_FACE('',(#2201),#585,.T.);
#7128=ADVANCED_FACE('',(#2202),#586,.T.);
#7129=ADVANCED_FACE('',(#2203),#587,.T.);
#7130=ADVANCED_FACE('',(#2204),#588,.T.);
#7131=ADVANCED_FACE('',(#2205),#60,.T.);
#7132=ADVANCED_FACE('',(#2206),#61,.T.);
#7133=ADVANCED_FACE('',(#2207),#62,.T.);
#7134=ADVANCED_FACE('',(#2208),#63,.T.);
#7135=ADVANCED_FACE('',(#2209),#64,.T.);
#7136=ADVANCED_FACE('',(#2210),#589,.T.);
#7137=ADVANCED_FACE('',(#2211),#590,.T.);
#7138=ADVANCED_FACE('',(#2212),#591,.T.);
#7139=ADVANCED_FACE('',(#2213),#65,.T.);
#7140=ADVANCED_FACE('',(#2214),#66,.T.);
#7141=ADVANCED_FACE('',(#2215),#67,.T.);
#7142=ADVANCED_FACE('',(#2216),#68,.T.);
#7143=ADVANCED_FACE('',(#2217),#69,.T.);
#7144=ADVANCED_FACE('',(#2218),#592,.T.);
#7145=ADVANCED_FACE('',(#2219),#593,.T.);
#7146=ADVANCED_FACE('',(#2220),#594,.T.);
#7147=ADVANCED_FACE('',(#2221),#70,.T.);
#7148=ADVANCED_FACE('',(#2222),#71,.T.);
#7149=ADVANCED_FACE('',(#2223),#595,.T.);
#7150=ADVANCED_FACE('',(#2224),#596,.T.);
#7151=ADVANCED_FACE('',(#2225),#597,.T.);
#7152=ADVANCED_FACE('',(#2226),#598,.T.);
#7153=ADVANCED_FACE('',(#2227),#599,.T.);
#7154=ADVANCED_FACE('',(#2228),#72,.T.);
#7155=ADVANCED_FACE('',(#2229),#73,.T.);
#7156=ADVANCED_FACE('',(#2230),#74,.T.);
#7157=ADVANCED_FACE('',(#2231),#75,.T.);
#7158=ADVANCED_FACE('',(#2232),#600,.T.);
#7159=ADVANCED_FACE('',(#2233),#76,.T.);
#7160=ADVANCED_FACE('',(#2234),#77,.T.);
#7161=ADVANCED_FACE('',(#2235),#78,.T.);
#7162=ADVANCED_FACE('',(#2236),#79,.T.);
#7163=ADVANCED_FACE('',(#2237),#80,.T.);
#7164=ADVANCED_FACE('',(#2238),#81,.T.);
#7165=ADVANCED_FACE('',(#2239),#82,.T.);
#7166=ADVANCED_FACE('',(#2240),#83,.T.);
#7167=ADVANCED_FACE('',(#2241),#84,.T.);
#7168=ADVANCED_FACE('',(#2242),#601,.T.);
#7169=ADVANCED_FACE('',(#2243),#85,.T.);
#7170=ADVANCED_FACE('',(#2244),#86,.T.);
#7171=ADVANCED_FACE('',(#2245),#87,.T.);
#7172=ADVANCED_FACE('',(#2246),#88,.T.);
#7173=ADVANCED_FACE('',(#2247,#194),#602,.T.);
#7174=ADVANCED_FACE('',(#2248),#603,.F.);
#7175=ADVANCED_FACE('',(#2249),#604,.T.);
#7176=ADVANCED_FACE('',(#2250),#89,.T.);
#7177=ADVANCED_FACE('',(#2251),#90,.T.);
#7178=ADVANCED_FACE('',(#2252),#91,.T.);
#7179=ADVANCED_FACE('',(#2253),#92,.T.);
#7180=ADVANCED_FACE('',(#2254),#605,.T.);
#7181=ADVANCED_FACE('',(#2255),#606,.T.);
#7182=ADVANCED_FACE('',(#2256),#607,.T.);
#7183=ADVANCED_FACE('',(#2257),#608,.T.);
#7184=ADVANCED_FACE('',(#2258),#609,.T.);
#7185=ADVANCED_FACE('',(#2259),#93,.T.);
#7186=ADVANCED_FACE('',(#2260),#94,.T.);
#7187=ADVANCED_FACE('',(#2261),#95,.T.);
#7188=ADVANCED_FACE('',(#2262),#96,.T.);
#7189=ADVANCED_FACE('',(#2263),#610,.T.);
#7190=ADVANCED_FACE('',(#2264),#611,.T.);
#7191=ADVANCED_FACE('',(#2265,#195),#612,.T.);
#7192=ADVANCED_FACE('',(#2266),#613,.F.);
#7193=ADVANCED_FACE('',(#2267),#614,.T.);
#7194=ADVANCED_FACE('',(#2268),#615,.T.);
#7195=ADVANCED_FACE('',(#2269),#616,.T.);
#7196=ADVANCED_FACE('',(#2270),#617,.T.);
#7197=ADVANCED_FACE('',(#2271),#618,.T.);
#7198=ADVANCED_FACE('',(#2272),#619,.T.);
#7199=ADVANCED_FACE('',(#2273),#620,.T.);
#7200=ADVANCED_FACE('',(#2274),#621,.T.);
#7201=ADVANCED_FACE('',(#2275),#622,.T.);
#7202=ADVANCED_FACE('',(#2276),#623,.T.);
#7203=ADVANCED_FACE('',(#2277),#624,.T.);
#7204=ADVANCED_FACE('',(#2278),#625,.T.);
#7205=ADVANCED_FACE('',(#2279),#626,.T.);
#7206=ADVANCED_FACE('',(#2280),#627,.T.);
#7207=ADVANCED_FACE('',(#2281),#628,.T.);
#7208=ADVANCED_FACE('',(#2282),#629,.T.);
#7209=ADVANCED_FACE('',(#2283),#630,.T.);
#7210=ADVANCED_FACE('',(#2284),#631,.T.);
#7211=ADVANCED_FACE('',(#2285),#632,.T.);
#7212=ADVANCED_FACE('',(#2286),#633,.T.);
#7213=ADVANCED_FACE('',(#2287),#634,.T.);
#7214=ADVANCED_FACE('',(#2288),#635,.T.);
#7215=ADVANCED_FACE('',(#2289),#636,.T.);
#7216=ADVANCED_FACE('',(#2290),#637,.T.);
#7217=ADVANCED_FACE('',(#2291),#638,.T.);
#7218=ADVANCED_FACE('',(#2292),#639,.T.);
#7219=ADVANCED_FACE('',(#2293),#640,.T.);
#7220=ADVANCED_FACE('',(#2294),#641,.T.);
#7221=ADVANCED_FACE('',(#2295),#642,.T.);
#7222=ADVANCED_FACE('',(#2296),#643,.T.);
#7223=ADVANCED_FACE('',(#2297),#644,.T.);
#7224=ADVANCED_FACE('',(#2298),#97,.T.);
#7225=ADVANCED_FACE('',(#2299),#98,.T.);
#7226=ADVANCED_FACE('',(#2300),#99,.T.);
#7227=ADVANCED_FACE('',(#2301),#100,.T.);
#7228=ADVANCED_FACE('',(#2302),#645,.T.);
#7229=ADVANCED_FACE('',(#2303),#646,.T.);
#7230=ADVANCED_FACE('',(#2304),#647,.T.);
#7231=ADVANCED_FACE('',(#2305),#101,.T.);
#7232=ADVANCED_FACE('',(#2306),#102,.T.);
#7233=ADVANCED_FACE('',(#2307),#103,.T.);
#7234=ADVANCED_FACE('',(#2308),#104,.T.);
#7235=ADVANCED_FACE('',(#2309),#105,.T.);
#7236=ADVANCED_FACE('',(#2310),#648,.T.);
#7237=ADVANCED_FACE('',(#2311),#649,.T.);
#7238=ADVANCED_FACE('',(#2312),#650,.T.);
#7239=ADVANCED_FACE('',(#2313),#106,.T.);
#7240=ADVANCED_FACE('',(#2314),#107,.T.);
#7241=ADVANCED_FACE('',(#2315),#651,.T.);
#7242=ADVANCED_FACE('',(#2316),#652,.T.);
#7243=ADVANCED_FACE('',(#2317),#653,.T.);
#7244=ADVANCED_FACE('',(#2318),#108,.T.);
#7245=ADVANCED_FACE('',(#2319),#109,.T.);
#7246=ADVANCED_FACE('',(#2320),#654,.T.);
#7247=ADVANCED_FACE('',(#2321),#655,.T.);
#7248=ADVANCED_FACE('',(#2322),#656,.T.);
#7249=ADVANCED_FACE('',(#2323),#110,.T.);
#7250=ADVANCED_FACE('',(#2324),#111,.T.);
#7251=ADVANCED_FACE('',(#2325),#112,.T.);
#7252=ADVANCED_FACE('',(#2326),#113,.T.);
#7253=ADVANCED_FACE('',(#2327),#114,.T.);
#7254=ADVANCED_FACE('',(#2328),#115,.T.);
#7255=ADVANCED_FACE('',(#2329),#657,.T.);
#7256=ADVANCED_FACE('',(#2330),#658,.T.);
#7257=ADVANCED_FACE('',(#2331),#116,.T.);
#7258=ADVANCED_FACE('',(#2332),#117,.T.);
#7259=ADVANCED_FACE('',(#2333),#118,.T.);
#7260=ADVANCED_FACE('',(#2334),#119,.T.);
#7261=ADVANCED_FACE('',(#2335),#120,.T.);
#7262=ADVANCED_FACE('',(#2336),#659,.T.);
#7263=ADVANCED_FACE('',(#2337),#660,.T.);
#7264=ADVANCED_FACE('',(#2338),#661,.T.);
#7265=ADVANCED_FACE('',(#2339),#662,.T.);
#7266=ADVANCED_FACE('',(#2340),#121,.T.);
#7267=ADVANCED_FACE('',(#2341),#122,.T.);
#7268=ADVANCED_FACE('',(#2342),#123,.T.);
#7269=ADVANCED_FACE('',(#2343),#124,.T.);
#7270=ADVANCED_FACE('',(#2344),#125,.T.);
#7271=ADVANCED_FACE('',(#2345),#663,.T.);
#7272=ADVANCED_FACE('',(#2346),#664,.T.);
#7273=ADVANCED_FACE('',(#2347),#665,.T.);
#7274=ADVANCED_FACE('',(#2348),#666,.T.);
#7275=ADVANCED_FACE('',(#2349),#126,.T.);
#7276=ADVANCED_FACE('',(#2350),#127,.T.);
#7277=ADVANCED_FACE('',(#2351),#128,.T.);
#7278=ADVANCED_FACE('',(#2352),#129,.T.);
#7279=ADVANCED_FACE('',(#2353),#130,.T.);
#7280=ADVANCED_FACE('',(#2354),#131,.T.);
#7281=ADVANCED_FACE('',(#2355),#667,.T.);
#7282=ADVANCED_FACE('',(#2356),#668,.T.);
#7283=ADVANCED_FACE('',(#2357),#669,.T.);
#7284=ADVANCED_FACE('',(#2358,#196),#670,.T.);
#7285=ADVANCED_FACE('',(#2359),#671,.F.);
#7286=ADVANCED_FACE('',(#2360),#672,.T.);
#7287=ADVANCED_FACE('',(#2361),#132,.T.);
#7288=ADVANCED_FACE('',(#2362),#133,.T.);
#7289=ADVANCED_FACE('',(#2363),#134,.T.);
#7290=ADVANCED_FACE('',(#2364),#135,.T.);
#7291=ADVANCED_FACE('',(#2365),#673,.T.);
#7292=ADVANCED_FACE('',(#2366),#674,.T.);
#7293=ADVANCED_FACE('',(#2367),#675,.T.);
#7294=ADVANCED_FACE('',(#2368),#676,.T.);
#7295=ADVANCED_FACE('',(#2369),#677,.T.);
#7296=ADVANCED_FACE('',(#2370),#136,.T.);
#7297=ADVANCED_FACE('',(#2371),#137,.T.);
#7298=ADVANCED_FACE('',(#2372),#138,.T.);
#7299=ADVANCED_FACE('',(#2373),#139,.T.);
#7300=ADVANCED_FACE('',(#2374),#678,.T.);
#7301=ADVANCED_FACE('',(#2375),#679,.T.);
#7302=ADVANCED_FACE('',(#2376,#197),#680,.T.);
#7303=ADVANCED_FACE('',(#2377),#681,.F.);
#7304=ADVANCED_FACE('',(#2378),#682,.T.);
#7305=ADVANCED_FACE('',(#2379),#140,.T.);
#7306=ADVANCED_FACE('',(#2380),#141,.T.);
#7307=ADVANCED_FACE('',(#2381),#142,.T.);
#7308=ADVANCED_FACE('',(#2382),#143,.T.);
#7309=ADVANCED_FACE('',(#2383),#144,.T.);
#7310=ADVANCED_FACE('',(#2384),#145,.T.);
#7311=ADVANCED_FACE('',(#2385),#683,.T.);
#7312=ADVANCED_FACE('',(#2386),#684,.T.);
#7313=ADVANCED_FACE('',(#2387),#685,.T.);
#7314=ADVANCED_FACE('',(#2388),#146,.T.);
#7315=ADVANCED_FACE('',(#2389),#147,.T.);
#7316=ADVANCED_FACE('',(#2390),#148,.T.);
#7317=ADVANCED_FACE('',(#2391),#149,.T.);
#7318=ADVANCED_FACE('',(#2392),#150,.T.);
#7319=ADVANCED_FACE('',(#2393),#151,.T.);
#7320=ADVANCED_FACE('',(#2394),#152,.T.);
#7321=ADVANCED_FACE('',(#2395),#686,.T.);
#7322=ADVANCED_FACE('',(#2396),#687,.T.);
#7323=ADVANCED_FACE('',(#2397),#688,.T.);
#7324=ADVANCED_FACE('',(#2398),#689,.T.);
#7325=ADVANCED_FACE('',(#2399),#153,.T.);
#7326=ADVANCED_FACE('',(#2400),#154,.T.);
#7327=ADVANCED_FACE('',(#2401),#155,.T.);
#7328=ADVANCED_FACE('',(#2402),#156,.T.);
#7329=ADVANCED_FACE('',(#2403),#157,.T.);
#7330=ADVANCED_FACE('',(#2404),#158,.T.);
#7331=ADVANCED_FACE('',(#2405),#159,.T.);
#7332=ADVANCED_FACE('',(#2406),#160,.T.);
#7333=ADVANCED_FACE('',(#2407),#161,.T.);
#7334=ADVANCED_FACE('',(#2408),#162,.T.);
#7335=ADVANCED_FACE('',(#2409),#163,.T.);
#7336=ADVANCED_FACE('',(#2410),#690,.T.);
#7337=ADVANCED_FACE('',(#2411,#198,#199),#691,.T.);
#7338=ADVANCED_FACE('',(#2412),#692,.F.);
#7339=ADVANCED_FACE('',(#2413),#693,.F.);
#7340=ADVANCED_FACE('',(#2414),#694,.T.);
#7341=ADVANCED_FACE('',(#2415),#695,.T.);
#7342=ADVANCED_FACE('',(#2416),#696,.T.);
#7343=ADVANCED_FACE('',(#2417),#697,.T.);
#7344=ADVANCED_FACE('',(#2418),#698,.T.);
#7345=ADVANCED_FACE('',(#2419),#699,.T.);
#7346=ADVANCED_FACE('',(#2420),#700,.T.);
#7347=ADVANCED_FACE('',(#2421),#164,.T.);
#7348=ADVANCED_FACE('',(#2422),#165,.T.);
#7349=ADVANCED_FACE('',(#2423),#166,.T.);
#7350=ADVANCED_FACE('',(#2424),#167,.T.);
#7351=ADVANCED_FACE('',(#2425),#168,.T.);
#7352=ADVANCED_FACE('',(#2426),#701,.T.);
#7353=ADVANCED_FACE('',(#2427),#702,.T.);
#7354=ADVANCED_FACE('',(#2428),#703,.T.);
#7355=ADVANCED_FACE('',(#2429),#169,.T.);
#7356=ADVANCED_FACE('',(#2430),#170,.T.);
#7357=ADVANCED_FACE('',(#2431),#171,.T.);
#7358=ADVANCED_FACE('',(#2432),#172,.T.);
#7359=ADVANCED_FACE('',(#2433),#173,.T.);
#7360=ADVANCED_FACE('',(#2434),#704,.T.);
#7361=ADVANCED_FACE('',(#2435),#705,.T.);
#7362=ADVANCED_FACE('',(#2436),#706,.T.);
#7363=ADVANCED_FACE('',(#2437),#174,.T.);
#7364=ADVANCED_FACE('',(#2438),#175,.T.);
#7365=ADVANCED_FACE('',(#2439),#707,.T.);
#7366=ADVANCED_FACE('',(#2440),#708,.T.);
#7367=ADVANCED_FACE('',(#2441),#709,.T.);
#7368=ADVANCED_FACE('',(#2442),#710,.T.);
#7369=ADVANCED_FACE('',(#2443),#2091,.F.);
#7370=ADVANCED_FACE('',(#2444),#2092,.F.);
#7371=ADVANCED_FACE('',(#2445),#711,.T.);
#7372=ADVANCED_FACE('',(#2446),#2093,.T.);
#7373=ADVANCED_FACE('',(#2447),#2094,.T.);
#7374=ADVANCED_FACE('',(#2448,#200),#712,.T.);
#7375=ADVANCED_FACE('',(#2449),#2095,.F.);
#7376=ADVANCED_FACE('',(#2450,#201,#202,#203),#713,.T.);
#7377=ADVANCED_FACE('',(#2451),#2096,.T.);
#7378=ADVANCED_FACE('',(#2452),#2097,.F.);
#7379=ADVANCED_FACE('',(#2453),#714,.F.);
#7380=ADVANCED_FACE('',(#2454),#715,.F.);
#7381=ADVANCED_FACE('',(#2455),#2098,.F.);
#7382=ADVANCED_FACE('',(#2456),#716,.F.);
#7383=ADVANCED_FACE('',(#2457),#2099,.F.);
#7384=ADVANCED_FACE('',(#2458),#717,.F.);
#7385=ADVANCED_FACE('',(#2459),#2100,.F.);
#7386=ADVANCED_FACE('',(#2460),#718,.F.);
#7387=ADVANCED_FACE('',(#2461),#2101,.F.);
#7388=ADVANCED_FACE('',(#2462),#2102,.F.);
#7389=ADVANCED_FACE('',(#2463),#719,.T.);
#7390=ADVANCED_FACE('',(#2464),#2103,.F.);
#7391=ADVANCED_FACE('',(#2465),#7038,.F.);
#7392=ADVANCED_FACE('',(#2466),#2104,.F.);
#7393=ADVANCED_FACE('',(#2467),#7039,.F.);
#7394=ADVANCED_FACE('',(#2468),#2105,.F.);
#7395=ADVANCED_FACE('',(#2469),#7040,.F.);
#7396=ADVANCED_FACE('',(#2470),#2106,.F.);
#7397=ADVANCED_FACE('',(#2471),#7041,.F.);
#7398=ADVANCED_FACE('',(#2472),#2107,.F.);
#7399=ADVANCED_FACE('',(#2473,#204,#205,#206,#207,#208,#209),#720,.T.);
#7400=ADVANCED_FACE('',(#2474,#210,#211,#212,#213),#721,.T.);
#7401=ADVANCED_FACE('',(#2475),#7042,.F.);
#7402=ADVANCED_FACE('',(#2476),#7043,.F.);
#7403=ADVANCED_FACE('',(#2477),#7044,.F.);
#7404=ADVANCED_FACE('',(#2478),#7045,.F.);
#7405=ADVANCED_FACE('',(#2479),#2108,.F.);
#7406=ADVANCED_FACE('',(#2480),#2109,.F.);
#7407=ADVANCED_FACE('',(#2481),#722,.F.);
#7408=ADVANCED_FACE('',(#2482),#723,.F.);
#7409=ADVANCED_FACE('',(#2483),#724,.F.);
#7410=ADVANCED_FACE('',(#2484),#725,.F.);
#7411=ADVANCED_FACE('',(#2485),#726,.F.);
#7412=ADVANCED_FACE('',(#2486),#727,.F.);
#7413=ADVANCED_FACE('',(#2487),#728,.F.);
#7414=ADVANCED_FACE('',(#2488),#729,.F.);
#7415=ADVANCED_FACE('',(#2489),#730,.F.);
#7416=ADVANCED_FACE('',(#2490),#731,.T.);
#7417=ADVANCED_FACE('',(#2491),#15,.F.);
#7418=ADVANCED_FACE('',(#2492,#214,#215,#216,#217,#218,#219,#220),#732,
 .F.);
#7419=ADVANCED_FACE('',(#2493),#2110,.F.);
#7420=ADVANCED_FACE('',(#2494),#16,.F.);
#7421=ADVANCED_FACE('',(#2495),#2111,.F.);
#7422=ADVANCED_FACE('',(#2496),#17,.F.);
#7423=ADVANCED_FACE('',(#2497),#2112,.F.);
#7424=ADVANCED_FACE('',(#2498),#18,.F.);
#7425=ADVANCED_FACE('',(#2499),#2113,.F.);
#7426=ADVANCED_FACE('',(#2500),#19,.F.);
#7427=ADVANCED_FACE('',(#2501),#2114,.F.);
#7428=ADVANCED_FACE('',(#2502),#20,.F.);
#7429=ADVANCED_FACE('',(#2503),#2115,.F.);
#7430=ADVANCED_FACE('',(#2504),#21,.F.);
#7431=ADVANCED_FACE('',(#2505),#2116,.F.);
#7432=ADVANCED_FACE('',(#2506,#221),#733,.T.);
#7433=ADVANCED_FACE('',(#2507,#222),#734,.T.);
#7434=ADVANCED_FACE('',(#2508,#223),#735,.T.);
#7435=ADVANCED_FACE('',(#2509,#224),#736,.T.);
#7436=ADVANCED_FACE('',(#2510),#2117,.T.);
#7437=ADVANCED_FACE('',(#2511),#737,.T.);
#7438=ADVANCED_FACE('',(#2512),#2118,.T.);
#7439=ADVANCED_FACE('',(#2513),#738,.T.);
#7440=ADVANCED_FACE('',(#2514),#2119,.T.);
#7441=ADVANCED_FACE('',(#2515,#225,#226,#227,#228,#229,#230,#231),#739,
 .T.);
#7442=ADVANCED_FACE('',(#2516),#740,.T.);
#7443=CLOSED_SHELL('',(#7046,#7047,#7048,#7049,#7050,#7051,#7052,#7053,
#7054,#7055,#7056,#7057,#7058,#7059,#7060,#7061,#7062,#7063,#7064,#7065,
#7066,#7067,#7068,#7069,#7070,#7071,#7072,#7073,#7074,#7075,#7076,#7077,
#7078,#7079,#7080,#7081,#7082,#7083,#7084,#7085,#7086,#7087,#7088,#7089,
#7090,#7091,#7092,#7093,#7094,#7095,#7096,#7097,#7098,#7099,#7100,#7101,
#7102,#7103,#7104,#7105,#7106,#7107,#7108,#7109,#7110,#7111,#7112,#7113,
#7114,#7115,#7116,#7117,#7118,#7119,#7120,#7121,#7122,#7123,#7124,#7125,
#7126,#7127,#7128,#7129,#7130,#7131,#7132,#7133,#7134,#7135,#7136,#7137,
#7138,#7139,#7140,#7141,#7142,#7143,#7144,#7145,#7146,#7147,#7148,#7149,
#7150,#7151,#7152,#7153,#7154,#7155,#7156,#7157,#7158,#7159,#7160,#7161,
#7162,#7163,#7164,#7165,#7166,#7167,#7168,#7169,#7170,#7171,#7172,#7173,
#7174,#7175,#7176,#7177,#7178,#7179,#7180,#7181,#7182,#7183,#7184,#7185,
#7186,#7187,#7188,#7189,#7190,#7191,#7192,#7193,#7194,#7195,#7196,#7197,
#7198,#7199,#7200,#7201,#7202,#7203,#7204,#7205,#7206,#7207,#7208,#7209,
#7210,#7211,#7212,#7213,#7214,#7215,#7216,#7217,#7218,#7219,#7220,#7221,
#7222,#7223,#7224,#7225,#7226,#7227,#7228,#7229,#7230,#7231,#7232,#7233,
#7234,#7235,#7236,#7237,#7238,#7239,#7240,#7241,#7242,#7243,#7244,#7245,
#7246,#7247,#7248,#7249,#7250,#7251,#7252,#7253,#7254,#7255,#7256,#7257,
#7258,#7259,#7260,#7261,#7262,#7263,#7264,#7265,#7266,#7267,#7268,#7269,
#7270,#7271,#7272,#7273,#7274,#7275,#7276,#7277,#7278,#7279,#7280,#7281,
#7282,#7283,#7284,#7285,#7286,#7287,#7288,#7289,#7290,#7291,#7292,#7293,
#7294,#7295,#7296,#7297,#7298,#7299,#7300,#7301,#7302,#7303,#7304,#7305,
#7306,#7307,#7308,#7309,#7310,#7311,#7312,#7313,#7314,#7315,#7316,#7317,
#7318,#7319,#7320,#7321,#7322,#7323,#7324,#7325,#7326,#7327,#7328,#7329,
#7330,#7331,#7332,#7333,#7334,#7335,#7336,#7337,#7338,#7339,#7340,#7341,
#7342,#7343,#7344,#7345,#7346,#7347,#7348,#7349,#7350,#7351,#7352,#7353,
#7354,#7355,#7356,#7357,#7358,#7359,#7360,#7361,#7362,#7363,#7364,#7365,
#7366,#7367,#7368,#7369,#7370,#7371,#7372,#7373,#7374,#7375,#7376,#7377,
#7378,#7379,#7380,#7381,#7382,#7383,#7384,#7385,#7386,#7387,#7388,#7389,
#7390,#7391,#7392,#7393,#7394,#7395,#7396,#7397,#7398,#7399,#7400,#7401,
#7402,#7403,#7404,#7405,#7406,#7407,#7408,#7409,#7410,#7411,#7412,#7413,
#7414,#7415,#7416,#7417,#7418,#7419,#7420,#7421,#7422,#7423,#7424,#7425,
#7426,#7427,#7428,#7429,#7430,#7431,#7432,#7433,#7434,#7435,#7436,#7437,
#7438,#7439,#7440,#7441,#7442));
#7444=DERIVED_UNIT_ELEMENT(#7446,1.);
#7445=DERIVED_UNIT_ELEMENT(#14054,-3.);
#7446=(
MASS_UNIT()
NAMED_UNIT(*)
SI_UNIT(.KILO.,.GRAM.)
);
#7447=DERIVED_UNIT((#7444,#7445));
#7448=MEASURE_REPRESENTATION_ITEM('density measure',
POSITIVE_RATIO_MEASURE(7850.),#7447);
#7449=PROPERTY_DEFINITION_REPRESENTATION(#7454,#7451);
#7450=PROPERTY_DEFINITION_REPRESENTATION(#7455,#7452);
#7451=REPRESENTATION('material name',(#7453),#14051);
#7452=REPRESENTATION('density',(#7448),#14051);
#7453=DESCRIPTIVE_REPRESENTATION_ITEM('Steel','Steel');
#7454=PROPERTY_DEFINITION('material property','material name',#14061);
#7455=PROPERTY_DEFINITION('material property','density of part',#14061);
#7456=AXIS2_PLACEMENT_3D('',#9140,#7793,#7794);
#7457=AXIS2_PLACEMENT_3D('',#9141,#7795,#7796);
#7458=AXIS2_PLACEMENT_3D('',#9144,#7797,#7798);
#7459=AXIS2_PLACEMENT_3D('',#9146,#7799,#7800);
#7460=AXIS2_PLACEMENT_3D('',#9148,#7801,#7802);
#7461=AXIS2_PLACEMENT_3D('',#9149,#7803,#7804);
#7462=AXIS2_PLACEMENT_3D('',#9150,#7805,#7806);
#7463=AXIS2_PLACEMENT_3D('',#9153,#7807,#7808);
#7464=AXIS2_PLACEMENT_3D('',#9156,#7811,#7812);
#7465=AXIS2_PLACEMENT_3D('',#9158,#7813,#7814);
#7466=AXIS2_PLACEMENT_3D('',#9160,#7815,#7816);
#7467=AXIS2_PLACEMENT_3D('',#9161,#7817,#7818);
#7468=AXIS2_PLACEMENT_3D('',#9162,#7819,#7820);
#7469=AXIS2_PLACEMENT_3D('',#9165,#7821,#7822);
#7470=AXIS2_PLACEMENT_3D('',#9168,#7825,#7826);
#7471=AXIS2_PLACEMENT_3D('',#9170,#7827,#7828);
#7472=AXIS2_PLACEMENT_3D('',#9172,#7829,#7830);
#7473=AXIS2_PLACEMENT_3D('',#9173,#7831,#7832);
#7474=AXIS2_PLACEMENT_3D('',#9174,#7833,#7834);
#7475=AXIS2_PLACEMENT_3D('',#9177,#7835,#7836);
#7476=AXIS2_PLACEMENT_3D('',#9180,#7839,#7840);
#7477=AXIS2_PLACEMENT_3D('',#9182,#7841,#7842);
#7478=AXIS2_PLACEMENT_3D('',#9184,#7843,#7844);
#7479=AXIS2_PLACEMENT_3D('',#9185,#7845,#7846);
#7480=AXIS2_PLACEMENT_3D('',#9186,#7847,#7848);
#7481=AXIS2_PLACEMENT_3D('',#9189,#7851,#7852);
#7482=AXIS2_PLACEMENT_3D('',#10086,#7968,#7969);
#7483=AXIS2_PLACEMENT_3D('',#10233,#7980,#7981);
#7484=AXIS2_PLACEMENT_3D('',#10239,#7985,#7986);
#7485=AXIS2_PLACEMENT_3D('',#10242,#7989,#7990);
#7486=AXIS2_PLACEMENT_3D('',#10412,#8002,#8003);
#7487=AXIS2_PLACEMENT_3D('',#10418,#8007,#8008);
#7488=AXIS2_PLACEMENT_3D('',#10421,#8011,#8012);
#7489=AXIS2_PLACEMENT_3D('',#10427,#8016,#8017);
#7490=AXIS2_PLACEMENT_3D('',#10618,#8031,#8032);
#7491=AXIS2_PLACEMENT_3D('',#10620,#8034,#8035);
#7492=AXIS2_PLACEMENT_3D('',#10621,#8036,#8037);
#7493=AXIS2_PLACEMENT_3D('',#10622,#8038,#8039);
#7494=AXIS2_PLACEMENT_3D('',#10628,#8043,#8044);
#7495=AXIS2_PLACEMENT_3D('',#10632,#8047,#8048);
#7496=AXIS2_PLACEMENT_3D('',#10636,#8051,#8052);
#7497=AXIS2_PLACEMENT_3D('',#10640,#8055,#8056);
#7498=AXIS2_PLACEMENT_3D('',#10644,#8059,#8060);
#7499=AXIS2_PLACEMENT_3D('',#10716,#8067,#8068);
#7500=AXIS2_PLACEMENT_3D('',#10720,#8071,#8072);
#7501=AXIS2_PLACEMENT_3D('',#10775,#8078,#8079);
#7502=AXIS2_PLACEMENT_3D('',#10777,#8081,#8082);
#7503=AXIS2_PLACEMENT_3D('',#10778,#8083,#8084);
#7504=AXIS2_PLACEMENT_3D('',#10784,#8088,#8089);
#7505=AXIS2_PLACEMENT_3D('',#10788,#8092,#8093);
#7506=AXIS2_PLACEMENT_3D('',#10792,#8096,#8097);
#7507=AXIS2_PLACEMENT_3D('',#10796,#8100,#8101);
#7508=AXIS2_PLACEMENT_3D('',#10800,#8104,#8105);
#7509=AXIS2_PLACEMENT_3D('',#10872,#8112,#8113);
#7510=AXIS2_PLACEMENT_3D('',#10876,#8116,#8117);
#7511=AXIS2_PLACEMENT_3D('',#10931,#8123,#8124);
#7512=AXIS2_PLACEMENT_3D('',#10933,#8126,#8127);
#7513=AXIS2_PLACEMENT_3D('',#10934,#8128,#8129);
#7514=AXIS2_PLACEMENT_3D('',#10940,#8133,#8134);
#7515=AXIS2_PLACEMENT_3D('',#10944,#8137,#8138);
#7516=AXIS2_PLACEMENT_3D('',#10948,#8141,#8142);
#7517=AXIS2_PLACEMENT_3D('',#10950,#8144,#8145);
#7518=AXIS2_PLACEMENT_3D('',#10951,#8146,#8147);
#7519=AXIS2_PLACEMENT_3D('',#10957,#8151,#8152);
#7520=AXIS2_PLACEMENT_3D('',#11046,#8160,#8161);
#7521=AXIS2_PLACEMENT_3D('',#11050,#8164,#8165);
#7522=AXIS2_PLACEMENT_3D('',#11054,#8168,#8169);
#7523=AXIS2_PLACEMENT_3D('',#11143,#8177,#8178);
#7524=AXIS2_PLACEMENT_3D('',#11147,#8181,#8182);
#7525=AXIS2_PLACEMENT_3D('',#11151,#8185,#8186);
#7526=AXIS2_PLACEMENT_3D('',#11189,#8191,#8192);
#7527=AXIS2_PLACEMENT_3D('',#11193,#8195,#8196);
#7528=AXIS2_PLACEMENT_3D('',#11197,#8199,#8200);
#7529=AXIS2_PLACEMENT_3D('',#11199,#8202,#8203);
#7530=AXIS2_PLACEMENT_3D('',#11200,#8204,#8205);
#7531=AXIS2_PLACEMENT_3D('',#11298,#8213,#8214);
#7532=AXIS2_PLACEMENT_3D('',#11457,#8227,#8228);
#7533=AXIS2_PLACEMENT_3D('',#11527,#8234,#8235);
#7534=AXIS2_PLACEMENT_3D('',#11528,#8236,#8237);
#7535=AXIS2_PLACEMENT_3D('',#11529,#8238,#8239);
#7536=AXIS2_PLACEMENT_3D('',#11630,#8248,#8249);
#7537=AXIS2_PLACEMENT_3D('',#11636,#8253,#8254);
#7538=AXIS2_PLACEMENT_3D('',#11639,#8257,#8258);
#7539=AXIS2_PLACEMENT_3D('',#11645,#8262,#8263);
#7540=AXIS2_PLACEMENT_3D('',#11649,#8266,#8267);
#7541=AXIS2_PLACEMENT_3D('',#11721,#8274,#8275);
#7542=AXIS2_PLACEMENT_3D('',#11725,#8278,#8279);
#7543=AXIS2_PLACEMENT_3D('',#11727,#8281,#8282);
#7544=AXIS2_PLACEMENT_3D('',#11728,#8283,#8284);
#7545=AXIS2_PLACEMENT_3D('',#11729,#8285,#8286);
#7546=AXIS2_PLACEMENT_3D('',#11735,#8290,#8291);
#7547=AXIS2_PLACEMENT_3D('',#11739,#8294,#8295);
#7548=AXIS2_PLACEMENT_3D('',#11743,#8298,#8299);
#7549=AXIS2_PLACEMENT_3D('',#11747,#8302,#8303);
#7550=AXIS2_PLACEMENT_3D('',#11751,#8306,#8307);
#7551=AXIS2_PLACEMENT_3D('',#11755,#8310,#8311);
#7552=AXIS2_PLACEMENT_3D('',#11759,#8314,#8315);
#7553=AXIS2_PLACEMENT_3D('',#11763,#8318,#8319);
#7554=AXIS2_PLACEMENT_3D('',#11767,#8322,#8323);
#7555=AXIS2_PLACEMENT_3D('',#11771,#8326,#8327);
#7556=AXIS2_PLACEMENT_3D('',#11775,#8330,#8331);
#7557=AXIS2_PLACEMENT_3D('',#11779,#8334,#8335);
#7558=AXIS2_PLACEMENT_3D('',#11781,#8337,#8338);
#7559=AXIS2_PLACEMENT_3D('',#11782,#8339,#8340);
#7560=AXIS2_PLACEMENT_3D('',#11788,#8344,#8345);
#7561=AXIS2_PLACEMENT_3D('',#11792,#8348,#8349);
#7562=AXIS2_PLACEMENT_3D('',#11796,#8352,#8353);
#7563=AXIS2_PLACEMENT_3D('',#11798,#8355,#8356);
#7564=AXIS2_PLACEMENT_3D('',#11799,#8357,#8358);
#7565=AXIS2_PLACEMENT_3D('',#11805,#8362,#8363);
#7566=AXIS2_PLACEMENT_3D('',#11809,#8366,#8367);
#7567=AXIS2_PLACEMENT_3D('',#11813,#8370,#8371);
#7568=AXIS2_PLACEMENT_3D('',#11817,#8374,#8375);
#7569=AXIS2_PLACEMENT_3D('',#11821,#8378,#8379);
#7570=AXIS2_PLACEMENT_3D('',#11825,#8382,#8383);
#7571=AXIS2_PLACEMENT_3D('',#11829,#8386,#8387);
#7572=AXIS2_PLACEMENT_3D('',#11833,#8390,#8391);
#7573=AXIS2_PLACEMENT_3D('',#11837,#8394,#8395);
#7574=AXIS2_PLACEMENT_3D('',#11839,#8397,#8398);
#7575=AXIS2_PLACEMENT_3D('',#11840,#8399,#8400);
#7576=AXIS2_PLACEMENT_3D('',#11914,#8408,#8409);
#7577=AXIS2_PLACEMENT_3D('',#11918,#8412,#8413);
#7578=AXIS2_PLACEMENT_3D('',#11922,#8416,#8417);
#7579=AXIS2_PLACEMENT_3D('',#12011,#8425,#8426);
#7580=AXIS2_PLACEMENT_3D('',#12015,#8429,#8430);
#7581=AXIS2_PLACEMENT_3D('',#12019,#8433,#8434);
#7582=AXIS2_PLACEMENT_3D('',#12057,#8439,#8440);
#7583=AXIS2_PLACEMENT_3D('',#12061,#8443,#8444);
#7584=AXIS2_PLACEMENT_3D('',#12065,#8447,#8448);
#7585=AXIS2_PLACEMENT_3D('',#12103,#8453,#8454);
#7586=AXIS2_PLACEMENT_3D('',#12107,#8457,#8458);
#7587=AXIS2_PLACEMENT_3D('',#12111,#8461,#8462);
#7588=AXIS2_PLACEMENT_3D('',#12217,#8471,#8472);
#7589=AXIS2_PLACEMENT_3D('',#12221,#8475,#8476);
#7590=AXIS2_PLACEMENT_3D('',#12310,#8484,#8485);
#7591=AXIS2_PLACEMENT_3D('',#12314,#8488,#8489);
#7592=AXIS2_PLACEMENT_3D('',#12316,#8491,#8492);
#7593=AXIS2_PLACEMENT_3D('',#12317,#8493,#8494);
#7594=AXIS2_PLACEMENT_3D('',#12441,#8504,#8505);
#7595=AXIS2_PLACEMENT_3D('',#12447,#8509,#8510);
#7596=AXIS2_PLACEMENT_3D('',#12450,#8513,#8514);
#7597=AXIS2_PLACEMENT_3D('',#12456,#8518,#8519);
#7598=AXIS2_PLACEMENT_3D('',#12562,#8528,#8529);
#7599=AXIS2_PLACEMENT_3D('',#12566,#8532,#8533);
#7600=AXIS2_PLACEMENT_3D('',#12570,#8536,#8537);
#7601=AXIS2_PLACEMENT_3D('',#12572,#8539,#8540);
#7602=AXIS2_PLACEMENT_3D('',#12573,#8541,#8542);
#7603=AXIS2_PLACEMENT_3D('',#12574,#8543,#8544);
#7604=AXIS2_PLACEMENT_3D('',#12675,#8553,#8554);
#7605=AXIS2_PLACEMENT_3D('',#12681,#8558,#8559);
#7606=AXIS2_PLACEMENT_3D('',#12684,#8562,#8563);
#7607=AXIS2_PLACEMENT_3D('',#12690,#8567,#8568);
#7608=AXIS2_PLACEMENT_3D('',#12694,#8571,#8572);
#7609=AXIS2_PLACEMENT_3D('',#12766,#8579,#8580);
#7610=AXIS2_PLACEMENT_3D('',#12770,#8583,#8584);
#7611=AXIS2_PLACEMENT_3D('',#12772,#8586,#8587);
#7612=AXIS2_PLACEMENT_3D('',#12773,#8588,#8589);
#7613=AXIS2_PLACEMENT_3D('',#12774,#8590,#8591);
#7614=AXIS2_PLACEMENT_3D('',#12921,#8602,#8603);
#7615=AXIS2_PLACEMENT_3D('',#12927,#8607,#8608);
#7616=AXIS2_PLACEMENT_3D('',#12930,#8611,#8612);
#7617=AXIS2_PLACEMENT_3D('',#13100,#8624,#8625);
#7618=AXIS2_PLACEMENT_3D('',#13106,#8629,#8630);
#7619=AXIS2_PLACEMENT_3D('',#13109,#8633,#8634);
#7620=AXIS2_PLACEMENT_3D('',#13115,#8638,#8639);
#7621=AXIS2_PLACEMENT_3D('',#13306,#8653,#8654);
#7622=AXIS2_PLACEMENT_3D('',#13308,#8656,#8657);
#7623=AXIS2_PLACEMENT_3D('',#13309,#8658,#8659);
#7624=AXIS2_PLACEMENT_3D('',#13310,#8660,#8661);
#7625=AXIS2_PLACEMENT_3D('',#13311,#8662,#8663);
#7626=AXIS2_PLACEMENT_3D('',#13317,#8667,#8668);
#7627=AXIS2_PLACEMENT_3D('',#13321,#8671,#8672);
#7628=AXIS2_PLACEMENT_3D('',#13325,#8675,#8676);
#7629=AXIS2_PLACEMENT_3D('',#13327,#8678,#8679);
#7630=AXIS2_PLACEMENT_3D('',#13328,#8680,#8681);
#7631=AXIS2_PLACEMENT_3D('',#13334,#8685,#8686);
#7632=AXIS2_PLACEMENT_3D('',#13423,#8694,#8695);
#7633=AXIS2_PLACEMENT_3D('',#13427,#8698,#8699);
#7634=AXIS2_PLACEMENT_3D('',#13431,#8702,#8703);
#7635=AXIS2_PLACEMENT_3D('',#13520,#8711,#8712);
#7636=AXIS2_PLACEMENT_3D('',#13524,#8715,#8716);
#7637=AXIS2_PLACEMENT_3D('',#13528,#8719,#8720);
#7638=AXIS2_PLACEMENT_3D('',#13566,#8725,#8726);
#7639=AXIS2_PLACEMENT_3D('',#13570,#8729,#8730);
#7640=AXIS2_PLACEMENT_3D('',#13574,#8733,#8734);
#7641=AXIS2_PLACEMENT_3D('',#13576,#8736,#8737);
#7642=AXIS2_PLACEMENT_3D('',#13577,#8738,#8739);
#7643=AXIS2_PLACEMENT_3D('',#13579,#8740,#8741);
#7644=AXIS2_PLACEMENT_3D('',#13582,#8743,#8744);
#7645=AXIS2_PLACEMENT_3D('',#13583,#8745,#8746);
#7646=AXIS2_PLACEMENT_3D('',#13586,#8747,#8748);
#7647=AXIS2_PLACEMENT_3D('',#13610,#8751,#8752);
#7648=AXIS2_PLACEMENT_3D('',#13616,#8756,#8757);
#7649=AXIS2_PLACEMENT_3D('',#13644,#8759,#8760);
#7650=AXIS2_PLACEMENT_3D('',#13646,#8761,#8762);
#7651=AXIS2_PLACEMENT_3D('',#13650,#8764,#8765);
#7652=AXIS2_PLACEMENT_3D('',#13652,#8767,#8768);
#7653=AXIS2_PLACEMENT_3D('',#13654,#8769,#8770);
#7654=AXIS2_PLACEMENT_3D('',#13658,#8772,#8773);
#7655=AXIS2_PLACEMENT_3D('',#13662,#8775,#8776);
#7656=AXIS2_PLACEMENT_3D('',#13664,#8778,#8779);
#7657=AXIS2_PLACEMENT_3D('',#13667,#8780,#8781);
#7658=AXIS2_PLACEMENT_3D('',#13691,#8784,#8785);
#7659=AXIS2_PLACEMENT_3D('',#13695,#8787,#8788);
#7660=AXIS2_PLACEMENT_3D('',#13699,#8790,#8791);
#7661=AXIS2_PLACEMENT_3D('',#13704,#8794,#8795);
#7662=AXIS2_PLACEMENT_3D('',#13708,#8797,#8798);
#7663=AXIS2_PLACEMENT_3D('',#13711,#8800,#8801);
#7664=AXIS2_PLACEMENT_3D('',#13713,#8802,#8803);
#7665=AXIS2_PLACEMENT_3D('',#13715,#8804,#8805);
#7666=AXIS2_PLACEMENT_3D('',#13716,#8806,#8807);
#7667=AXIS2_PLACEMENT_3D('',#13748,#8809,#8810);
#7668=AXIS2_PLACEMENT_3D('',#13752,#8812,#8813);
#7669=AXIS2_PLACEMENT_3D('',#13760,#8815,#8816);
#7670=AXIS2_PLACEMENT_3D('',#13761,#8817,#8818);
#7671=AXIS2_PLACEMENT_3D('',#13770,#8823,#8824);
#7672=AXIS2_PLACEMENT_3D('',#13772,#8825,#8826);
#7673=AXIS2_PLACEMENT_3D('',#13774,#8827,#8828);
#7674=AXIS2_PLACEMENT_3D('',#13776,#8830,#8831);
#7675=AXIS2_PLACEMENT_3D('',#13782,#8835,#8836);
#7676=AXIS2_PLACEMENT_3D('',#13784,#8837,#8838);
#7677=AXIS2_PLACEMENT_3D('',#13786,#8839,#8840);
#7678=AXIS2_PLACEMENT_3D('',#13788,#8842,#8843);
#7679=AXIS2_PLACEMENT_3D('',#13794,#8847,#8848);
#7680=AXIS2_PLACEMENT_3D('',#13796,#8849,#8850);
#7681=AXIS2_PLACEMENT_3D('',#13798,#8851,#8852);
#7682=AXIS2_PLACEMENT_3D('',#13800,#8854,#8855);
#7683=AXIS2_PLACEMENT_3D('',#13806,#8859,#8860);
#7684=AXIS2_PLACEMENT_3D('',#13807,#8861,#8862);
#7685=AXIS2_PLACEMENT_3D('',#13808,#8863,#8864);
#7686=AXIS2_PLACEMENT_3D('',#13809,#8865,#8866);
#7687=AXIS2_PLACEMENT_3D('',#13811,#8867,#8868);
#7688=AXIS2_PLACEMENT_3D('',#13814,#8870,#8871);
#7689=AXIS2_PLACEMENT_3D('',#13815,#8872,#8873);
#7690=AXIS2_PLACEMENT_3D('',#13816,#8874,#8875);
#7691=AXIS2_PLACEMENT_3D('',#13818,#8876,#8877);
#7692=AXIS2_PLACEMENT_3D('',#13822,#8879,#8880);
#7693=AXIS2_PLACEMENT_3D('',#13824,#8882,#8883);
#7694=AXIS2_PLACEMENT_3D('',#13827,#8884,#8885);
#7695=AXIS2_PLACEMENT_3D('',#13828,#8886,#8887);
#7696=AXIS2_PLACEMENT_3D('',#13829,#8888,#8889);
#7697=AXIS2_PLACEMENT_3D('',#13830,#8890,#8891);
#7698=AXIS2_PLACEMENT_3D('',#13838,#8892,#8893);
#7699=AXIS2_PLACEMENT_3D('',#13840,#8895,#8896);
#7700=AXIS2_PLACEMENT_3D('',#13842,#8897,#8898);
#7701=AXIS2_PLACEMENT_3D('',#13843,#8899,#8900);
#7702=AXIS2_PLACEMENT_3D('',#13844,#8901,#8902);
#7703=AXIS2_PLACEMENT_3D('',#13846,#8903,#8904);
#7704=AXIS2_PLACEMENT_3D('',#13848,#8906,#8907);
#7705=AXIS2_PLACEMENT_3D('',#13850,#8908,#8909);
#7706=AXIS2_PLACEMENT_3D('',#13851,#8910,#8911);
#7707=AXIS2_PLACEMENT_3D('',#13852,#8912,#8913);
#7708=AXIS2_PLACEMENT_3D('',#13854,#8914,#8915);
#7709=AXIS2_PLACEMENT_3D('',#13856,#8917,#8918);
#7710=AXIS2_PLACEMENT_3D('',#13857,#8919,#8920);
#7711=AXIS2_PLACEMENT_3D('',#13858,#8921,#8922);
#7712=AXIS2_PLACEMENT_3D('',#13860,#8924,#8925);
#7713=AXIS2_PLACEMENT_3D('',#13880,#8935,#8936);
#7714=AXIS2_PLACEMENT_3D('',#13882,#8937,#8938);
#7715=AXIS2_PLACEMENT_3D('',#13883,#8939,#8940);
#7716=AXIS2_PLACEMENT_3D('',#13885,#8941,#8942);
#7717=AXIS2_PLACEMENT_3D('',#13887,#8943,#8944);
#7718=AXIS2_PLACEMENT_3D('',#13889,#8945,#8946);
#7719=AXIS2_PLACEMENT_3D('',#13891,#8947,#8948);
#7720=AXIS2_PLACEMENT_3D('',#13892,#8949,#8950);
#7721=AXIS2_PLACEMENT_3D('',#13894,#8951,#8952);
#7722=AXIS2_PLACEMENT_3D('',#13895,#8953,#8954);
#7723=AXIS2_PLACEMENT_3D('',#13896,#8955,#8956);
#7724=AXIS2_PLACEMENT_3D('',#13898,#8957,#8958);
#7725=AXIS2_PLACEMENT_3D('',#13899,#8959,#8960);
#7726=AXIS2_PLACEMENT_3D('',#13900,#8961,#8962);
#7727=AXIS2_PLACEMENT_3D('',#13902,#8963,#8964);
#7728=AXIS2_PLACEMENT_3D('',#13903,#8965,#8966);
#7729=AXIS2_PLACEMENT_3D('',#13904,#8967,#8968);
#7730=AXIS2_PLACEMENT_3D('',#13906,#8969,#8970);
#7731=AXIS2_PLACEMENT_3D('',#13907,#8971,#8972);
#7732=AXIS2_PLACEMENT_3D('',#13908,#8973,#8974);
#7733=AXIS2_PLACEMENT_3D('',#13911,#8976,#8977);
#7734=AXIS2_PLACEMENT_3D('',#13912,#8978,#8979);
#7735=AXIS2_PLACEMENT_3D('',#13915,#8981,#8982);
#7736=AXIS2_PLACEMENT_3D('',#13916,#8983,#8984);
#7737=AXIS2_PLACEMENT_3D('',#13922,#8988,#8989);
#7738=AXIS2_PLACEMENT_3D('',#13926,#8992,#8993);
#7739=AXIS2_PLACEMENT_3D('',#13930,#8996,#8997);
#7740=AXIS2_PLACEMENT_3D('',#13932,#8999,#9000);
#7741=AXIS2_PLACEMENT_3D('',#13938,#9004,#9005);
#7742=AXIS2_PLACEMENT_3D('',#13942,#9008,#9009);
#7743=AXIS2_PLACEMENT_3D('',#13946,#9012,#9013);
#7744=AXIS2_PLACEMENT_3D('',#13950,#9016,#9017);
#7745=AXIS2_PLACEMENT_3D('',#13952,#9019,#9020);
#7746=AXIS2_PLACEMENT_3D('',#13954,#9022,#9023);
#7747=AXIS2_PLACEMENT_3D('',#13956,#9024,#9025);
#7748=AXIS2_PLACEMENT_3D('',#13959,#9027,#9028);
#7749=AXIS2_PLACEMENT_3D('',#13960,#9029,#9030);
#7750=AXIS2_PLACEMENT_3D('',#13966,#9033,#9034);
#7751=AXIS2_PLACEMENT_3D('',#13970,#9036,#9037);
#7752=AXIS2_PLACEMENT_3D('',#13973,#9039,#9040);
#7753=AXIS2_PLACEMENT_3D('',#13975,#9041,#9042);
#7754=AXIS2_PLACEMENT_3D('',#13977,#9043,#9044);
#7755=AXIS2_PLACEMENT_3D('',#13979,#9045,#9046);
#7756=AXIS2_PLACEMENT_3D('',#13981,#9047,#9048);
#7757=AXIS2_PLACEMENT_3D('',#13983,#9049,#9050);
#7758=AXIS2_PLACEMENT_3D('',#13985,#9051,#9052);
#7759=AXIS2_PLACEMENT_3D('',#13986,#9053,#9054);
#7760=AXIS2_PLACEMENT_3D('',#13988,#9056,#9057);
#7761=AXIS2_PLACEMENT_3D('',#13991,#9059,#9060);
#7762=AXIS2_PLACEMENT_3D('',#13992,#9061,#9062);
#7763=AXIS2_PLACEMENT_3D('',#13994,#9064,#9065);
#7764=AXIS2_PLACEMENT_3D('',#13997,#9067,#9068);
#7765=AXIS2_PLACEMENT_3D('',#13998,#9069,#9070);
#7766=AXIS2_PLACEMENT_3D('',#14000,#9072,#9073);
#7767=AXIS2_PLACEMENT_3D('',#14003,#9075,#9076);
#7768=AXIS2_PLACEMENT_3D('',#14004,#9077,#9078);
#7769=AXIS2_PLACEMENT_3D('',#14007,#9080,#9081);
#7770=AXIS2_PLACEMENT_3D('',#14008,#9082,#9083);
#7771=AXIS2_PLACEMENT_3D('',#14011,#9085,#9086);
#7772=AXIS2_PLACEMENT_3D('',#14012,#9087,#9088);
#7773=AXIS2_PLACEMENT_3D('',#14015,#9090,#9091);
#7774=AXIS2_PLACEMENT_3D('',#14016,#9092,#9093);
#7775=AXIS2_PLACEMENT_3D('',#14019,#9095,#9096);
#7776=AXIS2_PLACEMENT_3D('',#14020,#9097,#9098);
#7777=AXIS2_PLACEMENT_3D('',#14023,#9100,#9101);
#7778=AXIS2_PLACEMENT_3D('',#14024,#9102,#9103);
#7779=AXIS2_PLACEMENT_3D('',#14027,#9105,#9106);
#7780=AXIS2_PLACEMENT_3D('',#14028,#9107,#9108);
#7781=AXIS2_PLACEMENT_3D('',#14031,#9110,#9111);
#7782=AXIS2_PLACEMENT_3D('',#14032,#9112,#9113);
#7783=AXIS2_PLACEMENT_3D('',#14033,#9114,#9115);
#7784=AXIS2_PLACEMENT_3D('',#14034,#9116,#9117);
#7785=AXIS2_PLACEMENT_3D('',#14035,#9118,#9119);
#7786=AXIS2_PLACEMENT_3D('',#14036,#9120,#9121);
#7787=AXIS2_PLACEMENT_3D('',#14039,#9124,#9125);
#7788=AXIS2_PLACEMENT_3D('',#14041,#9127,#9128);
#7789=AXIS2_PLACEMENT_3D('',#14043,#9130,#9131);
#7790=AXIS2_PLACEMENT_3D('',#14045,#9133,#9134);
#7791=AXIS2_PLACEMENT_3D('',#14047,#9136,#9137);
#7792=AXIS2_PLACEMENT_3D('',#14048,#9138,#9139);
#7793=DIRECTION('axis',(0.,0.,1.));
#7794=DIRECTION('refdir',(1.,0.,0.));
#7795=DIRECTION('center_axis',(-1.,0.,-2.77555756156289E-15));
#7796=DIRECTION('ref_axis',(-2.96059473233375E-15,0.,1.));
#7797=DIRECTION('center_axis',(0.,-1.,0.));
#7798=DIRECTION('ref_axis',(1.,0.,2.77555756156289E-15));
#7799=DIRECTION('center_axis',(-1.,0.,-3.33066907387536E-15));
#7800=DIRECTION('ref_axis',(-2.09345661157837E-15,0.707106781186547,0.707106781186548));
#7801=DIRECTION('center_axis',(2.77555756156289E-15,-1.15555796663234E-29,
-1.));
#7802=DIRECTION('ref_axis',(4.16333634234433E-15,1.,0.));
#7803=DIRECTION('center_axis',(1.,0.,2.77555756156289E-15));
#7804=DIRECTION('ref_axis',(-1.96261557335472E-15,0.707106781186547,0.707106781186548));
#7805=DIRECTION('center_axis',(-2.77555756156289E-15,0.,1.));
#7806=DIRECTION('ref_axis',(0.707106781186548,0.707106781186548,7.85046229341887E-15));
#7807=DIRECTION('center_axis',(5.55111512312578E-15,-1.00148357108136E-28,
-1.));
#7808=DIRECTION('ref_axis',(1.80411241501588E-14,1.,0.));
#7809=DIRECTION('',(-2.77555756156289E-15,0.,1.));
#7810=DIRECTION('',(-3.33066907387536E-15,0.,1.));
#7811=DIRECTION('center_axis',(-1.,0.,-2.77555756156289E-15));
#7812=DIRECTION('ref_axis',(-2.96059473233375E-15,0.,1.));
#7813=DIRECTION('center_axis',(-1.,0.,-3.33066907387536E-15));
#7814=DIRECTION('ref_axis',(2.09345661157837E-15,0.707106781186545,-0.70710678118655));
#7815=DIRECTION('center_axis',(0.,-1.,0.));
#7816=DIRECTION('ref_axis',(2.22044604925032E-14,0.,-1.));
#7817=DIRECTION('center_axis',(1.,0.,2.77555756156289E-15));
#7818=DIRECTION('ref_axis',(1.96261557335472E-15,0.707106781186548,-0.707106781186547));
#7819=DIRECTION('center_axis',(0.,1.,0.));
#7820=DIRECTION('ref_axis',(0.707106781186552,0.,-0.707106781186543));
#7821=DIRECTION('center_axis',(0.,-1.,0.));
#7822=DIRECTION('ref_axis',(2.35922392732847E-14,0.,-1.));
#7823=DIRECTION('',(0.,1.,0.));
#7824=DIRECTION('',(0.,1.,0.));
#7825=DIRECTION('center_axis',(-1.,0.,-2.77555756156289E-15));
#7826=DIRECTION('ref_axis',(-2.96059473233375E-15,0.,1.));
#7827=DIRECTION('center_axis',(-1.,0.,-3.33066907387536E-15));
#7828=DIRECTION('ref_axis',(2.09345661157836E-15,-0.707106781186546,-0.707106781186549));
#7829=DIRECTION('center_axis',(-5.55111512312578E-15,-1.00148357108137E-28,
1.));
#7830=DIRECTION('ref_axis',(1.80411241501589E-14,-1.,0.));
#7831=DIRECTION('center_axis',(1.,0.,2.77555756156289E-15));
#7832=DIRECTION('ref_axis',(1.96261557335472E-15,-0.707106781186547,-0.707106781186548));
#7833=DIRECTION('center_axis',(2.77555756156289E-15,0.,-1.));
#7834=DIRECTION('ref_axis',(0.707106781186548,-0.707106781186548,0.));
#7835=DIRECTION('center_axis',(-2.77555756156289E-15,-1.15555796663234E-29,
1.));
#7836=DIRECTION('ref_axis',(4.16333634234433E-15,-1.,0.));
#7837=DIRECTION('',(2.77555756156289E-15,0.,-1.));
#7838=DIRECTION('',(3.33066907387536E-15,0.,-1.));
#7839=DIRECTION('center_axis',(-1.,0.,-2.77555756156289E-15));
#7840=DIRECTION('ref_axis',(-2.96059473233375E-15,0.,1.));
#7841=DIRECTION('center_axis',(-1.,0.,-3.33066907387536E-15));
#7842=DIRECTION('ref_axis',(-2.09345661157837E-15,-0.707106781186547,0.707106781186547));
#7843=DIRECTION('center_axis',(0.,1.,0.));
#7844=DIRECTION('ref_axis',(0.,0.,1.));
#7845=DIRECTION('center_axis',(1.,0.,2.77555756156289E-15));
#7846=DIRECTION('ref_axis',(-1.96261557335472E-15,-0.707106781186548,0.707106781186548));
#7847=DIRECTION('center_axis',(0.,-1.,0.));
#7848=DIRECTION('ref_axis',(0.707106781186547,0.,0.707106781186548));
#7849=DIRECTION('',(0.,-1.,0.));
#7850=DIRECTION('',(0.,-1.,0.));
#7851=DIRECTION('center_axis',(1.,0.,2.77555756156289E-15));
#7852=DIRECTION('ref_axis',(2.77555756156289E-15,0.,-1.));
#7853=DIRECTION('',(0.,1.,0.));
#7854=DIRECTION('',(-2.77555756156289E-15,0.,1.));
#7855=DIRECTION('',(2.77555756156289E-15,0.,-1.));
#7856=DIRECTION('',(-2.77555756156289E-15,0.,1.));
#7857=DIRECTION('',(0.,-1.,0.));
#7858=DIRECTION('',(2.77555756156289E-15,0.,-1.));
#7859=DIRECTION('',(0.,1.,0.));
#7860=DIRECTION('',(2.77555756156289E-15,0.,-1.));
#7861=DIRECTION('',(0.,-1.,0.));
#7862=DIRECTION('',(0.,1.,0.));
#7863=DIRECTION('',(-2.77555756156289E-15,0.,1.));
#7864=DIRECTION('',(0.,1.,0.));
#7865=DIRECTION('',(-2.77555756156289E-15,0.,1.));
#7866=DIRECTION('',(0.,-1.,0.));
#7867=DIRECTION('',(2.77555756156289E-15,0.,-1.));
#7868=DIRECTION('',(0.,1.,0.));
#7869=DIRECTION('',(2.77555756156289E-15,0.,-1.));
#7870=DIRECTION('',(0.,-1.,0.));
#7871=DIRECTION('',(0.,1.,0.));
#7872=DIRECTION('',(-2.77555756156289E-15,0.,1.));
#7873=DIRECTION('',(0.,1.,0.));
#7874=DIRECTION('',(-2.77555756156289E-15,0.,1.));
#7875=DIRECTION('',(0.,-1.,0.));
#7876=DIRECTION('',(2.77555756156289E-15,0.,-1.));
#7877=DIRECTION('',(0.,1.,0.));
#7878=DIRECTION('',(-2.77555756156289E-15,0.,1.));
#7879=DIRECTION('',(0.,-1.,0.));
#7880=DIRECTION('',(-2.77555756156289E-15,0.,1.));
#7881=DIRECTION('',(0.,-1.,0.));
#7882=DIRECTION('',(2.77500267954554E-15,0.0199948659540354,-0.999800082684274));
#7883=DIRECTION('',(-1.42587850829574E-15,-0.857953786315592,0.513726873490904));
#7884=DIRECTION('',(2.77555756156289E-15,0.,-1.));
#7885=DIRECTION('',(1.39898127195993E-15,0.863682573000588,-0.504036122807764));
#7886=DIRECTION('',(0.,-1.,0.));
#7887=DIRECTION('',(2.77555756156289E-15,0.,-1.));
#7888=DIRECTION('',(0.,1.,0.));
#7889=DIRECTION('',(-2.77555756156289E-15,0.,1.));
#7890=DIRECTION('',(0.,-1.,0.));
#7891=DIRECTION('',(-2.77555756156289E-15,0.,1.));
#7892=DIRECTION('',(2.77555756156289E-15,0.,-1.));
#7893=DIRECTION('',(0.,1.,0.));
#7894=DIRECTION('',(-2.77555756156289E-15,0.,1.));
#7895=DIRECTION('',(-8.65599204177287E-16,-0.950126430576843,0.311864980270802));
#7896=DIRECTION('',(-9.50989984221399E-16,0.93947033537035,0.342630251085805));
#7897=DIRECTION('',(-2.77555756156289E-15,0.,1.));
#7898=DIRECTION('',(0.,-1.,0.));
#7899=DIRECTION('',(2.77555756156289E-15,0.,-1.));
#7900=DIRECTION('',(0.,1.,0.));
#7901=DIRECTION('',(9.56841996775527E-16,-0.93869870338816,-0.344738660810456));
#7902=DIRECTION('',(2.77555756156289E-15,0.,-1.));
#7903=DIRECTION('',(8.73297401106345E-16,0.949211559191139,-0.314638548016492));
#7904=DIRECTION('',(0.,-1.,0.));
#7905=DIRECTION('',(2.77555756156289E-15,0.,-1.));
#7906=DIRECTION('',(0.,1.,0.));
#7907=DIRECTION('',(-2.77555756156289E-15,0.,1.));
#7908=DIRECTION('',(0.,-1.,0.));
#7909=DIRECTION('',(2.77555756156289E-15,0.,-1.));
#7910=DIRECTION('',(0.,1.,0.));
#7911=DIRECTION('',(-2.77555756156289E-15,0.,1.));
#7912=DIRECTION('',(0.,-1.,0.));
#7913=DIRECTION('',(-1.45580141338002E-15,0.851405681587331,0.524507736225895));
#7914=DIRECTION('',(-2.77555756156289E-15,0.,1.));
#7915=DIRECTION('',(0.,-1.,0.));
#7916=DIRECTION('',(2.77555756156289E-15,0.,-1.));
#7917=DIRECTION('',(0.,1.,0.));
#7918=DIRECTION('',(1.46234021996679E-15,-0.849949856154146,-0.526863589578504));
#7919=DIRECTION('',(2.77555756156289E-15,0.,-1.));
#7920=DIRECTION('',(0.,1.,0.));
#7921=DIRECTION('',(0.,-1.,0.));
#7922=DIRECTION('',(-2.77555756156289E-15,0.,1.));
#7923=DIRECTION('',(0.,-1.,0.));
#7924=DIRECTION('',(2.77497978550301E-15,0.0204031417849546,-0.999791834236159));
#7925=DIRECTION('',(-1.43120058610753E-15,-0.85680271946452,0.515644354102906));
#7926=DIRECTION('',(2.77555756156289E-15,0.,-1.));
#7927=DIRECTION('',(1.40440016434865E-15,0.86254023297795,-0.505988484547172));
#7928=DIRECTION('',(0.,-1.,0.));
#7929=DIRECTION('',(2.77555756156289E-15,0.,-1.));
#7930=DIRECTION('',(0.,1.,0.));
#7931=DIRECTION('',(1.40440016434865E-15,-0.86254023297795,-0.505988484547172));
#7932=DIRECTION('',(2.77555756156289E-15,0.,-1.));
#7933=DIRECTION('',(-1.42588316372049E-15,0.85795278198099,0.513728550784438));
#7934=DIRECTION('',(0.,1.,0.));
#7935=DIRECTION('',(-2.77555756156289E-15,0.,1.));
#7936=DIRECTION('',(0.,1.,0.));
#7937=DIRECTION('',(-2.77555756156289E-15,0.,1.));
#7938=DIRECTION('',(-2.77555756156289E-15,0.,1.));
#7939=DIRECTION('',(0.,-1.,0.));
#7940=DIRECTION('',(-2.77555756156289E-15,0.,1.));
#7941=DIRECTION('',(2.77555756156289E-15,0.,-1.));
#7942=DIRECTION('',(0.,1.,0.));
#7943=DIRECTION('',(0.,1.,0.));
#7944=DIRECTION('',(-2.77555756156289E-15,0.,1.));
#7945=DIRECTION('',(2.77555756156289E-15,0.,-1.));
#7946=DIRECTION('',(-7.49223344841457E-16,0.96287822206816,0.269936158131621));
#7947=DIRECTION('',(-2.77555756156289E-15,0.,1.));
#7948=DIRECTION('',(7.47588386704733E-16,-0.963043165407333,-0.269347102383195));
#7949=DIRECTION('',(2.77555756156289E-15,0.,-1.));
#7950=DIRECTION('',(-2.77555756156289E-15,0.,1.));
#7951=DIRECTION('',(0.,-1.,0.));
#7952=DIRECTION('',(-2.77555756156289E-15,0.,1.));
#7953=DIRECTION('',(0.,-1.,0.));
#7954=DIRECTION('',(2.77500266500411E-15,0.0199951279223421,-0.999800077445171));
#7955=DIRECTION('',(-1.42588316372049E-15,-0.85795278198099,0.513728550784438));
#7956=DIRECTION('',(2.77555756156289E-15,0.,-1.));
#7957=DIRECTION('',(1.39897533530491E-15,0.863683821239867,-0.504033983902377));
#7958=DIRECTION('',(0.,-1.,0.));
#7959=DIRECTION('',(2.77555756156289E-15,0.,-1.));
#7960=DIRECTION('',(0.,1.,0.));
#7961=DIRECTION('',(0.,1.,0.));
#7962=DIRECTION('',(-2.77555756156289E-15,0.,1.));
#7963=DIRECTION('',(2.77555756156289E-15,0.,-1.));
#7964=DIRECTION('',(0.,-1.,0.));
#7965=DIRECTION('',(2.77555756156289E-15,0.,-1.));
#7966=DIRECTION('',(-2.75457771047196E-15,-0.122720987012708,0.992441212035568));
#7967=DIRECTION('',(2.77555756156289E-15,0.,-1.));
#7968=DIRECTION('center_axis',(0.,1.,0.));
#7969=DIRECTION('ref_axis',(2.77555756156289E-15,0.,-1.));
#7970=DIRECTION('',(-2.77555756156289E-15,0.,1.));
#7971=DIRECTION('',(-1.,0.,-5.55111512312579E-15));
#7972=DIRECTION('',(2.77555756156289E-15,0.,-1.));
#7973=DIRECTION('',(-1.,0.,-5.55111512312579E-15));
#7974=DIRECTION('',(-1.,0.,-5.55111512312579E-15));
#7975=DIRECTION('',(-1.,0.,-5.55111512312579E-15));
#7976=DIRECTION('',(-1.,0.,-5.55111512312579E-15));
#7977=DIRECTION('',(-1.,0.,-5.55111512312579E-15));
#7978=DIRECTION('',(-1.,0.,-5.55111512312579E-15));
#7979=DIRECTION('',(-1.,0.,-5.55111512312579E-15));
#7980=DIRECTION('center_axis',(0.,-1.,0.));
#7981=DIRECTION('ref_axis',(-2.77555756156289E-15,0.,1.));
#7982=DIRECTION('',(2.77555756156289E-15,0.,-1.));
#7983=DIRECTION('',(-2.77555756156289E-15,0.,1.));
#7984=DIRECTION('',(-1.,0.,-5.55111512312579E-15));
#7985=DIRECTION('center_axis',(-5.55111512312579E-15,0.,1.));
#7986=DIRECTION('ref_axis',(0.,1.,0.));
#7987=DIRECTION('',(0.,-1.,0.));
#7988=DIRECTION('',(0.,1.,0.));
#7989=DIRECTION('center_axis',(0.,1.,0.));
#7990=DIRECTION('ref_axis',(2.77555756156289E-15,0.,-1.));
#7991=DIRECTION('',(-2.77555756156289E-15,0.,1.));
#7992=DIRECTION('',(-1.,0.,-5.55111512312579E-15));
#7993=DIRECTION('',(2.77555756156289E-15,0.,-1.));
#7994=DIRECTION('',(-1.,0.,-5.55111512312579E-15));
#7995=DIRECTION('',(-1.,0.,-5.55111512312579E-15));
#7996=DIRECTION('',(-1.,0.,-5.55111512312579E-15));
#7997=DIRECTION('',(-1.,0.,-5.55111512312579E-15));
#7998=DIRECTION('',(-1.,0.,-5.55111512312579E-15));
#7999=DIRECTION('',(-1.,0.,-5.55111512312579E-15));
#8000=DIRECTION('',(-1.,0.,-5.55111512312579E-15));
#8001=DIRECTION('',(-1.,0.,-5.55111512312579E-15));
#8002=DIRECTION('center_axis',(0.,-1.,0.));
#8003=DIRECTION('ref_axis',(-2.77555756156289E-15,0.,1.));
#8004=DIRECTION('',(2.77555756156289E-15,0.,-1.));
#8005=DIRECTION('',(-2.77555756156289E-15,0.,1.));
#8006=DIRECTION('',(-1.,0.,-5.55111512312579E-15));
#8007=DIRECTION('center_axis',(-5.55111512312579E-15,0.,1.));
#8008=DIRECTION('ref_axis',(0.,1.,0.));
#8009=DIRECTION('',(0.,-1.,0.));
#8010=DIRECTION('',(0.,1.,0.));
#8011=DIRECTION('center_axis',(5.55111512312579E-15,0.,-1.));
#8012=DIRECTION('ref_axis',(0.,-1.,0.));
#8013=DIRECTION('',(-1.,0.,-5.55111512312579E-15));
#8014=DIRECTION('',(0.,-1.,0.));
#8015=DIRECTION('',(-1.,0.,-5.55111512312579E-15));
#8016=DIRECTION('center_axis',(0.,1.,0.));
#8017=DIRECTION('ref_axis',(2.77555756156289E-15,0.,-1.));
#8018=DIRECTION('',(2.77555756156289E-15,0.,-1.));
#8019=DIRECTION('',(-1.,0.,-5.55111512312579E-15));
#8020=DIRECTION('',(-1.,0.,-5.55111512312579E-15));
#8021=DIRECTION('',(-1.,0.,-5.55111512312579E-15));
#8022=DIRECTION('',(-1.,0.,-5.55111512312579E-15));
#8023=DIRECTION('',(-1.,0.,-5.55111512312579E-15));
#8024=DIRECTION('',(-1.,0.,-5.55111512312579E-15));
#8025=DIRECTION('',(-1.,0.,-5.55111512312579E-15));
#8026=DIRECTION('',(-1.,0.,-5.55111512312579E-15));
#8027=DIRECTION('',(-1.,0.,-5.55111512312579E-15));
#8028=DIRECTION('',(-1.,0.,-5.55111512312579E-15));
#8029=DIRECTION('',(-1.,0.,-5.55111512312579E-15));
#8030=DIRECTION('',(-1.,0.,-5.55111512312579E-15));
#8031=DIRECTION('center_axis',(0.,-1.,0.));
#8032=DIRECTION('ref_axis',(-2.77555756156289E-15,0.,1.));
#8033=DIRECTION('',(-2.77555756156289E-15,0.,1.));
#8034=DIRECTION('center_axis',(-1.,0.,-2.77555756156289E-15));
#8035=DIRECTION('ref_axis',(-2.77555756156289E-15,0.,1.));
#8036=DIRECTION('center_axis',(1.,0.,2.77555756156289E-15));
#8037=DIRECTION('ref_axis',(2.77555756156289E-15,0.,-1.));
#8038=DIRECTION('center_axis',(0.,1.,0.));
#8039=DIRECTION('ref_axis',(2.77555756156289E-15,0.,-1.));
#8040=DIRECTION('',(-1.,0.,-5.55111512312578E-15));
#8041=DIRECTION('',(2.77555756156289E-15,0.,-1.));
#8042=DIRECTION('',(-1.,0.,-5.55111512312578E-15));
#8043=DIRECTION('center_axis',(-5.55111512312578E-15,0.,1.));
#8044=DIRECTION('ref_axis',(0.,1.,0.));
#8045=DIRECTION('',(0.,1.,0.));
#8046=DIRECTION('',(-1.,0.,-5.55111512312578E-15));
#8047=DIRECTION('center_axis',(0.,-1.,0.));
#8048=DIRECTION('ref_axis',(-2.77555756156289E-15,0.,1.));
#8049=DIRECTION('',(-2.77555756156289E-15,0.,1.));
#8050=DIRECTION('',(-1.,0.,-5.55111512312578E-15));
#8051=DIRECTION('center_axis',(5.55111512312578E-15,0.,-1.));
#8052=DIRECTION('ref_axis',(0.,-1.,0.));
#8053=DIRECTION('',(0.,-1.,0.));
#8054=DIRECTION('',(-1.,0.,-5.55111512312578E-15));
#8055=DIRECTION('center_axis',(0.,-1.,0.));
#8056=DIRECTION('ref_axis',(-2.77555756156289E-15,0.,1.));
#8057=DIRECTION('',(-2.77555756156289E-15,0.,1.));
#8058=DIRECTION('',(-1.,0.,-5.55111512312578E-15));
#8059=DIRECTION('center_axis',(-5.55111512312578E-15,0.,1.));
#8060=DIRECTION('ref_axis',(0.,1.,0.));
#8061=DIRECTION('',(0.,1.,0.));
#8062=DIRECTION('',(-1.,0.,-5.55111512312578E-15));
#8063=DIRECTION('',(-1.,0.,-5.55111512312578E-15));
#8064=DIRECTION('',(-1.,0.,-5.55111512312578E-15));
#8065=DIRECTION('',(-1.,0.,-5.55111512312578E-15));
#8066=DIRECTION('',(-1.,0.,-5.55111512312578E-15));
#8067=DIRECTION('center_axis',(5.55111512312578E-15,0.,-1.));
#8068=DIRECTION('ref_axis',(0.,-1.,0.));
#8069=DIRECTION('',(0.,-1.,0.));
#8070=DIRECTION('',(-1.,0.,-5.55111512312578E-15));
#8071=DIRECTION('center_axis',(0.,1.,0.));
#8072=DIRECTION('ref_axis',(2.77555756156289E-15,0.,-1.));
#8073=DIRECTION('',(2.77555756156289E-15,0.,-1.));
#8074=DIRECTION('',(-1.,0.,-5.55111512312578E-15));
#8075=DIRECTION('',(-1.,0.,-5.55111512312578E-15));
#8076=DIRECTION('',(-1.,0.,-5.55111512312578E-15));
#8077=DIRECTION('',(-1.,0.,-5.55111512312578E-15));
#8078=DIRECTION('center_axis',(5.55111512312578E-15,0.,-1.));
#8079=DIRECTION('ref_axis',(0.,-1.,0.));
#8080=DIRECTION('',(0.,-1.,0.));
#8081=DIRECTION('center_axis',(-1.,0.,-2.77555756156289E-15));
#8082=DIRECTION('ref_axis',(-2.77555756156289E-15,0.,1.));
#8083=DIRECTION('center_axis',(0.,1.,0.));
#8084=DIRECTION('ref_axis',(2.77555756156289E-15,0.,-1.));
#8085=DIRECTION('',(-1.,0.,-2.77555756156289E-15));
#8086=DIRECTION('',(2.77555756156289E-15,0.,-1.));
#8087=DIRECTION('',(-1.,0.,-2.77555756156289E-15));
#8088=DIRECTION('center_axis',(-2.77555756156289E-15,0.,1.));
#8089=DIRECTION('ref_axis',(0.,1.,0.));
#8090=DIRECTION('',(0.,1.,0.));
#8091=DIRECTION('',(-1.,0.,-2.77555756156289E-15));
#8092=DIRECTION('center_axis',(0.,-1.,0.));
#8093=DIRECTION('ref_axis',(-2.77555756156289E-15,0.,1.));
#8094=DIRECTION('',(-2.77555756156289E-15,0.,1.));
#8095=DIRECTION('',(-1.,0.,-2.77555756156289E-15));
#8096=DIRECTION('center_axis',(2.77555756156289E-15,0.,-1.));
#8097=DIRECTION('ref_axis',(0.,-1.,0.));
#8098=DIRECTION('',(0.,-1.,0.));
#8099=DIRECTION('',(-1.,0.,-2.77555756156289E-15));
#8100=DIRECTION('center_axis',(0.,-1.,0.));
#8101=DIRECTION('ref_axis',(-2.77555756156289E-15,0.,1.));
#8102=DIRECTION('',(-2.77555756156289E-15,0.,1.));
#8103=DIRECTION('',(-1.,0.,-2.77555756156289E-15));
#8104=DIRECTION('center_axis',(-2.77555756156289E-15,0.,1.));
#8105=DIRECTION('ref_axis',(0.,1.,0.));
#8106=DIRECTION('',(0.,1.,0.));
#8107=DIRECTION('',(-1.,0.,-2.77555756156289E-15));
#8108=DIRECTION('',(-1.,0.,-2.77555756156289E-15));
#8109=DIRECTION('',(-1.,0.,-2.77555756156289E-15));
#8110=DIRECTION('',(-1.,0.,-2.77555756156289E-15));
#8111=DIRECTION('',(-1.,0.,-2.77555756156289E-15));
#8112=DIRECTION('center_axis',(2.77555756156289E-15,0.,-1.));
#8113=DIRECTION('ref_axis',(0.,-1.,0.));
#8114=DIRECTION('',(0.,-1.,0.));
#8115=DIRECTION('',(-1.,0.,-2.77555756156289E-15));
#8116=DIRECTION('center_axis',(0.,1.,0.));
#8117=DIRECTION('ref_axis',(2.77555756156289E-15,0.,-1.));
#8118=DIRECTION('',(2.77555756156289E-15,0.,-1.));
#8119=DIRECTION('',(-1.,0.,-2.77555756156289E-15));
#8120=DIRECTION('',(-1.,0.,-2.77555756156289E-15));
#8121=DIRECTION('',(-1.,0.,-2.77555756156289E-15));
#8122=DIRECTION('',(-1.,0.,-2.77555756156289E-15));
#8123=DIRECTION('center_axis',(2.77555756156289E-15,0.,-1.));
#8124=DIRECTION('ref_axis',(0.,-1.,0.));
#8125=DIRECTION('',(0.,-1.,0.));
#8126=DIRECTION('center_axis',(-1.,0.,-2.77555756156289E-15));
#8127=DIRECTION('ref_axis',(-2.77555756156289E-15,0.,1.));
#8128=DIRECTION('center_axis',(0.,1.,0.));
#8129=DIRECTION('ref_axis',(2.77555756156289E-15,0.,-1.));
#8130=DIRECTION('',(-1.,0.,-2.77555756156289E-15));
#8131=DIRECTION('',(2.77555756156289E-15,0.,-1.));
#8132=DIRECTION('',(-1.,0.,-2.77555756156289E-15));
#8133=DIRECTION('center_axis',(-2.77555756156289E-15,0.,1.));
#8134=DIRECTION('ref_axis',(0.,1.,0.));
#8135=DIRECTION('',(0.,1.,0.));
#8136=DIRECTION('',(-1.,0.,-2.77555756156289E-15));
#8137=DIRECTION('center_axis',(0.,-1.,0.));
#8138=DIRECTION('ref_axis',(-2.77555756156289E-15,0.,1.));
#8139=DIRECTION('',(-2.77555756156289E-15,0.,1.));
#8140=DIRECTION('',(-1.,0.,-2.77555756156289E-15));
#8141=DIRECTION('center_axis',(2.77555756156289E-15,0.,-1.));
#8142=DIRECTION('ref_axis',(0.,-1.,0.));
#8143=DIRECTION('',(0.,-1.,0.));
#8144=DIRECTION('center_axis',(-1.,0.,-2.77555756156289E-15));
#8145=DIRECTION('ref_axis',(-2.77555756156289E-15,0.,1.));
#8146=DIRECTION('center_axis',(0.,1.,0.));
#8147=DIRECTION('ref_axis',(2.77555756156289E-15,0.,-1.));
#8148=DIRECTION('',(-1.,0.,-2.77555756156289E-15));
#8149=DIRECTION('',(2.77555756156289E-15,0.,-1.));
#8150=DIRECTION('',(-1.,0.,-2.77555756156289E-15));
#8151=DIRECTION('center_axis',(-2.77555756156289E-15,0.,1.));
#8152=DIRECTION('ref_axis',(0.,1.,0.));
#8153=DIRECTION('',(0.,1.,0.));
#8154=DIRECTION('',(-1.,0.,-2.77555756156289E-15));
#8155=DIRECTION('',(-1.,0.,-2.77555756156289E-15));
#8156=DIRECTION('',(-1.,0.,-2.77555756156289E-15));
#8157=DIRECTION('',(-1.,0.,-2.77555756156289E-15));
#8158=DIRECTION('',(-1.,0.,-2.77555756156289E-15));
#8159=DIRECTION('',(-1.,0.,-2.77555756156289E-15));
#8160=DIRECTION('center_axis',(0.,1.,0.));
#8161=DIRECTION('ref_axis',(2.77555756156289E-15,0.,-1.));
#8162=DIRECTION('',(2.77555756156289E-15,0.,-1.));
#8163=DIRECTION('',(-1.,0.,-2.77555756156289E-15));
#8164=DIRECTION('center_axis',(-2.77555756156289E-15,0.,1.));
#8165=DIRECTION('ref_axis',(0.,1.,0.));
#8166=DIRECTION('',(0.,1.,0.));
#8167=DIRECTION('',(-1.,0.,-2.77555756156289E-15));
#8168=DIRECTION('center_axis',(5.54969013911594E-17,-0.999800082684274,
-0.0199948659540354));
#8169=DIRECTION('ref_axis',(-2.77500267954554E-15,-0.0199948659540354,0.999800082684274));
#8170=DIRECTION('',(-2.77500267954554E-15,-0.0199948659540354,0.999800082684274));
#8171=DIRECTION('',(-1.,0.,-2.77555756156289E-15));
#8172=DIRECTION('',(-1.,0.,-2.77555756156289E-15));
#8173=DIRECTION('',(-1.,0.,-2.77555756156289E-15));
#8174=DIRECTION('',(-1.,0.,-2.77555756156289E-15));
#8175=DIRECTION('',(-1.,0.,-2.77555756156289E-15));
#8176=DIRECTION('',(-1.,0.,-2.77555756156289E-15));
#8177=DIRECTION('center_axis',(-2.38130011907975E-15,0.513726873490904,
0.857953786315592));
#8178=DIRECTION('ref_axis',(1.42587850829574E-15,0.857953786315592,-0.513726873490904));
#8179=DIRECTION('',(1.42587850829574E-15,0.857953786315592,-0.513726873490904));
#8180=DIRECTION('',(-1.,0.,-2.77555756156289E-15));
#8181=DIRECTION('center_axis',(0.,-1.,0.));
#8182=DIRECTION('ref_axis',(-2.77555756156289E-15,0.,1.));
#8183=DIRECTION('',(-2.77555756156289E-15,0.,1.));
#8184=DIRECTION('',(-1.,0.,-2.77555756156289E-15));
#8185=DIRECTION('center_axis',(2.39720069628187E-15,-0.504036122807764,
-0.863682573000588));
#8186=DIRECTION('ref_axis',(-1.39898127195993E-15,-0.863682573000588,0.504036122807764));
#8187=DIRECTION('',(-1.39898127195993E-15,-0.863682573000588,0.504036122807764));
#8188=DIRECTION('',(-1.,0.,-2.77555756156289E-15));
#8189=DIRECTION('',(-1.,0.,-2.77555756156289E-15));
#8190=DIRECTION('',(-1.,0.,-2.77555756156289E-15));
#8191=DIRECTION('center_axis',(-2.77555756156289E-15,0.,1.));
#8192=DIRECTION('ref_axis',(0.,1.,0.));
#8193=DIRECTION('',(0.,1.,0.));
#8194=DIRECTION('',(-1.,0.,-2.77555756156289E-15));
#8195=DIRECTION('center_axis',(0.,-1.,0.));
#8196=DIRECTION('ref_axis',(-2.77555756156289E-15,0.,1.));
#8197=DIRECTION('',(-2.77555756156289E-15,0.,1.));
#8198=DIRECTION('',(-1.,0.,-2.77555756156289E-15));
#8199=DIRECTION('center_axis',(2.77555756156289E-15,0.,-1.));
#8200=DIRECTION('ref_axis',(0.,-1.,0.));
#8201=DIRECTION('',(0.,-1.,0.));
#8202=DIRECTION('center_axis',(-1.,0.,-2.77555756156289E-15));
#8203=DIRECTION('ref_axis',(-2.77555756156289E-15,0.,1.));
#8204=DIRECTION('center_axis',(0.,1.,0.));
#8205=DIRECTION('ref_axis',(2.77555756156289E-15,0.,-1.));
#8206=DIRECTION('',(-2.77555756156289E-15,0.,1.));
#8207=DIRECTION('',(-1.,0.,-5.55111512312578E-15));
#8208=DIRECTION('',(2.77555756156289E-15,0.,-1.));
#8209=DIRECTION('',(-1.,0.,-5.55111512312578E-15));
#8210=DIRECTION('',(-1.,0.,-5.55111512312578E-15));
#8211=DIRECTION('',(-1.,0.,-5.55111512312578E-15));
#8212=DIRECTION('',(-1.,0.,-5.55111512312578E-15));
#8213=DIRECTION('center_axis',(-6.81238326931163E-16,0.992441212035568,
0.122720987012708));
#8214=DIRECTION('ref_axis',(2.75457771047196E-15,0.122720987012708,-0.992441212035568));
#8215=DIRECTION('',(-1.,0.,-5.55111512312578E-15));
#8216=DIRECTION('',(2.75457771047196E-15,0.122720987012708,-0.992441212035568));
#8217=DIRECTION('',(-1.,0.,-5.55111512312578E-15));
#8218=DIRECTION('',(-1.,0.,-5.55111512312578E-15));
#8219=DIRECTION('',(-1.,0.,-5.55111512312578E-15));
#8220=DIRECTION('',(-1.,0.,-5.55111512312578E-15));
#8221=DIRECTION('',(-1.,0.,-5.55111512312578E-15));
#8222=DIRECTION('',(-1.,0.,-5.55111512312578E-15));
#8223=DIRECTION('',(-1.,0.,-5.55111512312578E-15));
#8224=DIRECTION('',(-1.,0.,-5.55111512312578E-15));
#8225=DIRECTION('',(-1.,0.,-5.55111512312578E-15));
#8226=DIRECTION('',(-1.,0.,-5.55111512312578E-15));
#8227=DIRECTION('center_axis',(0.,-1.,0.));
#8228=DIRECTION('ref_axis',(-2.77555756156289E-15,0.,1.));
#8229=DIRECTION('',(-2.77555756156289E-15,0.,1.));
#8230=DIRECTION('',(-1.,0.,-5.55111512312578E-15));
#8231=DIRECTION('',(-1.,0.,-5.55111512312578E-15));
#8232=DIRECTION('',(-1.,0.,-5.55111512312578E-15));
#8233=DIRECTION('',(-1.,0.,-5.55111512312578E-15));
#8234=DIRECTION('center_axis',(-1.,0.,-2.77555756156289E-15));
#8235=DIRECTION('ref_axis',(-2.77555756156289E-15,0.,1.));
#8236=DIRECTION('center_axis',(1.,0.,2.77555756156289E-15));
#8237=DIRECTION('ref_axis',(2.77555756156289E-15,0.,-1.));
#8238=DIRECTION('center_axis',(0.,1.,0.));
#8239=DIRECTION('ref_axis',(2.77555756156289E-15,0.,-1.));
#8240=DIRECTION('',(-2.77555756156289E-15,0.,1.));
#8241=DIRECTION('',(-1.,0.,-2.77555756156289E-15));
#8242=DIRECTION('',(2.77555756156289E-15,0.,-1.));
#8243=DIRECTION('',(-1.,0.,-2.77555756156289E-15));
#8244=DIRECTION('',(-1.,0.,-2.77555756156289E-15));
#8245=DIRECTION('',(-1.,0.,-2.77555756156289E-15));
#8246=DIRECTION('',(-1.,0.,-2.77555756156289E-15));
#8247=DIRECTION('',(-1.,0.,-2.77555756156289E-15));
#8248=DIRECTION('center_axis',(0.,-1.,0.));
#8249=DIRECTION('ref_axis',(-2.77555756156289E-15,0.,1.));
#8250=DIRECTION('',(2.77555756156289E-15,0.,-1.));
#8251=DIRECTION('',(-2.77555756156289E-15,0.,1.));
#8252=DIRECTION('',(-1.,0.,-2.77555756156289E-15));
#8253=DIRECTION('center_axis',(-2.77555756156289E-15,0.,1.));
#8254=DIRECTION('ref_axis',(0.,1.,0.));
#8255=DIRECTION('',(0.,-1.,0.));
#8256=DIRECTION('',(0.,1.,0.));
#8257=DIRECTION('center_axis',(0.,1.,0.));
#8258=DIRECTION('ref_axis',(2.77555756156289E-15,0.,-1.));
#8259=DIRECTION('',(-1.,0.,-2.77555756156289E-15));
#8260=DIRECTION('',(2.77555756156289E-15,0.,-1.));
#8261=DIRECTION('',(-1.,0.,-2.77555756156289E-15));
#8262=DIRECTION('center_axis',(-2.77555756156289E-15,0.,1.));
#8263=DIRECTION('ref_axis',(0.,1.,0.));
#8264=DIRECTION('',(0.,1.,0.));
#8265=DIRECTION('',(-1.,0.,-2.77555756156289E-15));
#8266=DIRECTION('center_axis',(0.,1.,0.));
#8267=DIRECTION('ref_axis',(2.77555756156289E-15,0.,-1.));
#8268=DIRECTION('',(2.77555756156289E-15,0.,-1.));
#8269=DIRECTION('',(-1.,0.,-2.77555756156289E-15));
#8270=DIRECTION('',(-1.,0.,-2.77555756156289E-15));
#8271=DIRECTION('',(-1.,0.,-2.77555756156289E-15));
#8272=DIRECTION('',(-1.,0.,-2.77555756156289E-15));
#8273=DIRECTION('',(-1.,0.,-2.77555756156289E-15));
#8274=DIRECTION('center_axis',(0.,-1.,0.));
#8275=DIRECTION('ref_axis',(-2.77555756156289E-15,0.,1.));
#8276=DIRECTION('',(-2.77555756156289E-15,0.,1.));
#8277=DIRECTION('',(-1.,0.,-2.77555756156289E-15));
#8278=DIRECTION('center_axis',(2.77555756156289E-15,0.,-1.));
#8279=DIRECTION('ref_axis',(0.,-1.,0.));
#8280=DIRECTION('',(0.,-1.,0.));
#8281=DIRECTION('center_axis',(-1.,0.,-2.77555756156289E-15));
#8282=DIRECTION('ref_axis',(-2.77555756156289E-15,0.,1.));
#8283=DIRECTION('center_axis',(1.,0.,2.77555756156289E-15));
#8284=DIRECTION('ref_axis',(2.77555756156289E-15,0.,-1.));
#8285=DIRECTION('center_axis',(0.,1.,0.));
#8286=DIRECTION('ref_axis',(2.77555756156289E-15,0.,-1.));
#8287=DIRECTION('',(-1.,0.,-5.55111512312579E-15));
#8288=DIRECTION('',(2.77555756156289E-15,0.,-1.));
#8289=DIRECTION('',(-1.,0.,-5.55111512312579E-15));
#8290=DIRECTION('center_axis',(-5.27426119765664E-15,0.311864980270802,
0.950126430576843));
#8291=DIRECTION('ref_axis',(8.65599204177287E-16,0.950126430576843,-0.311864980270802));
#8292=DIRECTION('',(8.65599204177287E-16,0.950126430576843,-0.311864980270802));
#8293=DIRECTION('',(-1.,0.,-5.55111512312579E-15));
#8294=DIRECTION('center_axis',(5.2151079864024E-15,0.342630251085805,-0.93947033537035));
#8295=DIRECTION('ref_axis',(9.50989984221399E-16,-0.93947033537035,-0.342630251085805));
#8296=DIRECTION('',(9.50989984221399E-16,-0.93947033537035,-0.342630251085805));
#8297=DIRECTION('',(-1.,0.,-5.55111512312579E-15));
#8298=DIRECTION('center_axis',(0.,1.,0.));
#8299=DIRECTION('ref_axis',(2.77555756156289E-15,0.,-1.));
#8300=DIRECTION('',(2.77555756156289E-15,0.,-1.));
#8301=DIRECTION('',(-1.,0.,-5.55111512312579E-15));
#8302=DIRECTION('center_axis',(-5.55111512312579E-15,0.,1.));
#8303=DIRECTION('ref_axis',(0.,1.,0.));
#8304=DIRECTION('',(0.,1.,0.));
#8305=DIRECTION('',(-1.,0.,-5.55111512312579E-15));
#8306=DIRECTION('center_axis',(0.,-1.,0.));
#8307=DIRECTION('ref_axis',(-2.77555756156289E-15,0.,1.));
#8308=DIRECTION('',(-2.77555756156289E-15,0.,1.));
#8309=DIRECTION('',(-1.,0.,-5.55111512312579E-15));
#8310=DIRECTION('center_axis',(5.55111512312579E-15,0.,-1.));
#8311=DIRECTION('ref_axis',(0.,-1.,0.));
#8312=DIRECTION('',(0.,-1.,0.));
#8313=DIRECTION('',(-1.,0.,-5.55111512312579E-15));
#8314=DIRECTION('center_axis',(-5.21082456843658E-15,-0.344738660810456,
0.93869870338816));
#8315=DIRECTION('ref_axis',(-9.56841996775527E-16,0.93869870338816,0.344738660810456));
#8316=DIRECTION('',(-9.56841996775527E-16,0.93869870338816,0.344738660810456));
#8317=DIRECTION('',(-1.,0.,-5.55111512312579E-15));
#8318=DIRECTION('center_axis',(0.,-1.,0.));
#8319=DIRECTION('ref_axis',(-2.77555756156289E-15,0.,1.));
#8320=DIRECTION('',(-2.77555756156289E-15,0.,1.));
#8321=DIRECTION('',(-1.,0.,-5.55111512312579E-15));
#8322=DIRECTION('center_axis',(5.26918264127174E-15,-0.314638548016492,
-0.949211559191139));
#8323=DIRECTION('ref_axis',(-8.73297401106345E-16,-0.949211559191139,0.314638548016492));
#8324=DIRECTION('',(-8.73297401106345E-16,-0.949211559191139,0.314638548016492));
#8325=DIRECTION('',(-1.,0.,-5.55111512312579E-15));
#8326=DIRECTION('center_axis',(-5.55111512312579E-15,0.,1.));
#8327=DIRECTION('ref_axis',(0.,1.,0.));
#8328=DIRECTION('',(0.,1.,0.));
#8329=DIRECTION('',(-1.,0.,-5.55111512312579E-15));
#8330=DIRECTION('center_axis',(0.,-1.,0.));
#8331=DIRECTION('ref_axis',(-2.77555756156289E-15,0.,1.));
#8332=DIRECTION('',(-2.77555756156289E-15,0.,1.));
#8333=DIRECTION('',(-1.,0.,-5.55111512312579E-15));
#8334=DIRECTION('center_axis',(5.55111512312579E-15,0.,-1.));
#8335=DIRECTION('ref_axis',(0.,-1.,0.));
#8336=DIRECTION('',(0.,-1.,0.));
#8337=DIRECTION('center_axis',(-1.,0.,-5.55111512312579E-15));
#8338=DIRECTION('ref_axis',(-5.55111512312579E-15,0.,1.));
#8339=DIRECTION('center_axis',(0.,1.,0.));
#8340=DIRECTION('ref_axis',(2.77555756156289E-15,0.,-1.));
#8341=DIRECTION('',(-1.,0.,-2.77555756156289E-15));
#8342=DIRECTION('',(2.77555756156289E-15,0.,-1.));
#8343=DIRECTION('',(-1.,0.,-2.77555756156289E-15));
#8344=DIRECTION('center_axis',(-2.77555756156289E-15,0.,1.));
#8345=DIRECTION('ref_axis',(0.,1.,0.));
#8346=DIRECTION('',(0.,1.,0.));
#8347=DIRECTION('',(-1.,0.,-2.77555756156289E-15));
#8348=DIRECTION('center_axis',(0.,-1.,0.));
#8349=DIRECTION('ref_axis',(-2.77555756156289E-15,0.,1.));
#8350=DIRECTION('',(-2.77555756156289E-15,0.,1.));
#8351=DIRECTION('',(-1.,0.,-2.77555756156289E-15));
#8352=DIRECTION('center_axis',(2.77555756156289E-15,0.,-1.));
#8353=DIRECTION('ref_axis',(0.,-1.,0.));
#8354=DIRECTION('',(0.,-1.,0.));
#8355=DIRECTION('center_axis',(-1.,0.,-2.77555756156289E-15));
#8356=DIRECTION('ref_axis',(-2.77555756156289E-15,0.,1.));
#8357=DIRECTION('center_axis',(0.,1.,0.));
#8358=DIRECTION('ref_axis',(2.77555756156289E-15,0.,-1.));
#8359=DIRECTION('',(-1.,0.,-5.55111512312579E-15));
#8360=DIRECTION('',(2.77555756156289E-15,0.,-1.));
#8361=DIRECTION('',(-1.,0.,-5.55111512312579E-15));
#8362=DIRECTION('center_axis',(-5.55111512312579E-15,0.,1.));
#8363=DIRECTION('ref_axis',(0.,1.,0.));
#8364=DIRECTION('',(0.,1.,0.));
#8365=DIRECTION('',(-1.,0.,-5.55111512312579E-15));
#8366=DIRECTION('center_axis',(4.72625095497465E-15,0.524507736225895,-0.851405681587331));
#8367=DIRECTION('ref_axis',(1.45580141338002E-15,-0.851405681587331,-0.524507736225895));
#8368=DIRECTION('',(1.45580141338002E-15,-0.851405681587331,-0.524507736225895));
#8369=DIRECTION('',(-1.,0.,-5.55111512312579E-15));
#8370=DIRECTION('center_axis',(0.,1.,0.));
#8371=DIRECTION('ref_axis',(2.77555756156289E-15,0.,-1.));
#8372=DIRECTION('',(2.77555756156289E-15,0.,-1.));
#8373=DIRECTION('',(-1.,0.,-5.55111512312579E-15));
#8374=DIRECTION('center_axis',(-5.55111512312579E-15,0.,1.));
#8375=DIRECTION('ref_axis',(0.,1.,0.));
#8376=DIRECTION('',(0.,1.,0.));
#8377=DIRECTION('',(-1.,0.,-5.55111512312579E-15));
#8378=DIRECTION('center_axis',(0.,-1.,0.));
#8379=DIRECTION('ref_axis',(-2.77555756156289E-15,0.,1.));
#8380=DIRECTION('',(-2.77555756156289E-15,0.,1.));
#8381=DIRECTION('',(-1.,0.,-5.55111512312579E-15));
#8382=DIRECTION('center_axis',(5.55111512312579E-15,0.,-1.));
#8383=DIRECTION('ref_axis',(0.,-1.,0.));
#8384=DIRECTION('',(0.,-1.,0.));
#8385=DIRECTION('',(-1.,0.,-5.55111512312579E-15));
#8386=DIRECTION('center_axis',(-4.71816950039587E-15,-0.526863589578504,
0.849949856154146));
#8387=DIRECTION('ref_axis',(-1.46234021996679E-15,0.849949856154146,0.526863589578504));
#8388=DIRECTION('',(-1.46234021996679E-15,0.849949856154146,0.526863589578504));
#8389=DIRECTION('',(-1.,0.,-5.55111512312579E-15));
#8390=DIRECTION('center_axis',(0.,-1.,0.));
#8391=DIRECTION('ref_axis',(-2.77555756156289E-15,0.,1.));
#8392=DIRECTION('',(-2.77555756156289E-15,0.,1.));
#8393=DIRECTION('',(-1.,0.,-5.55111512312579E-15));
#8394=DIRECTION('center_axis',(5.55111512312579E-15,0.,-1.));
#8395=DIRECTION('ref_axis',(0.,-1.,0.));
#8396=DIRECTION('',(0.,-1.,0.));
#8397=DIRECTION('center_axis',(-1.,0.,-5.55111512312579E-15));
#8398=DIRECTION('ref_axis',(-5.55111512312579E-15,0.,1.));
#8399=DIRECTION('center_axis',(-5.55111512312579E-15,0.,1.));
#8400=DIRECTION('ref_axis',(0.,1.,0.));
#8401=DIRECTION('',(-1.,0.,-5.55111512312579E-15));
#8402=DIRECTION('',(0.,1.,0.));
#8403=DIRECTION('',(-1.,0.,-5.55111512312579E-15));
#8404=DIRECTION('',(-1.,0.,-5.55111512312579E-15));
#8405=DIRECTION('',(-1.,0.,-5.55111512312579E-15));
#8406=DIRECTION('',(-1.,0.,-5.55111512312579E-15));
#8407=DIRECTION('',(-1.,0.,-5.55111512312579E-15));
#8408=DIRECTION('center_axis',(0.,1.,0.));
#8409=DIRECTION('ref_axis',(2.77555756156289E-15,0.,-1.));
#8410=DIRECTION('',(2.77555756156289E-15,0.,-1.));
#8411=DIRECTION('',(-1.,0.,-5.55111512312579E-15));
#8412=DIRECTION('center_axis',(-5.55111512312579E-15,0.,1.));
#8413=DIRECTION('ref_axis',(0.,1.,0.));
#8414=DIRECTION('',(0.,1.,0.));
#8415=DIRECTION('',(-1.,0.,-5.55111512312579E-15));
#8416=DIRECTION('center_axis',(1.13260188921741E-16,-0.999791834236159,
-0.0204031417849546));
#8417=DIRECTION('ref_axis',(-2.77497978550301E-15,-0.0204031417849546,0.999791834236159));
#8418=DIRECTION('',(-2.77497978550301E-15,-0.0204031417849546,0.999791834236159));
#8419=DIRECTION('',(-1.,0.,-5.55111512312579E-15));
#8420=DIRECTION('',(-1.,0.,-5.55111512312579E-15));
#8421=DIRECTION('',(-1.,0.,-5.55111512312579E-15));
#8422=DIRECTION('',(-1.,0.,-5.55111512312579E-15));
#8423=DIRECTION('',(-1.,0.,-5.55111512312579E-15));
#8424=DIRECTION('',(-1.,0.,-5.55111512312579E-15));
#8425=DIRECTION('center_axis',(-4.7562105335548E-15,0.515644354102906,0.85680271946452));
#8426=DIRECTION('ref_axis',(1.43120058610753E-15,0.85680271946452,-0.515644354102906));
#8427=DIRECTION('',(1.43120058610753E-15,0.85680271946452,-0.515644354102906));
#8428=DIRECTION('',(-1.,0.,-5.55111512312579E-15));
#8429=DIRECTION('center_axis',(0.,-1.,0.));
#8430=DIRECTION('ref_axis',(-2.77555756156289E-15,0.,1.));
#8431=DIRECTION('',(-2.77555756156289E-15,0.,1.));
#8432=DIRECTION('',(-1.,0.,-5.55111512312579E-15));
#8433=DIRECTION('center_axis',(4.78806013158834E-15,-0.505988484547172,
-0.86254023297795));
#8434=DIRECTION('ref_axis',(-1.40440016434865E-15,-0.86254023297795,0.505988484547172));
#8435=DIRECTION('',(-1.40440016434865E-15,-0.86254023297795,0.505988484547172));
#8436=DIRECTION('',(-1.,0.,-5.55111512312579E-15));
#8437=DIRECTION('',(-1.,0.,-5.55111512312579E-15));
#8438=DIRECTION('',(-1.,0.,-5.55111512312579E-15));
#8439=DIRECTION('center_axis',(-5.55111512312579E-15,0.,1.));
#8440=DIRECTION('ref_axis',(0.,1.,0.));
#8441=DIRECTION('',(0.,1.,0.));
#8442=DIRECTION('',(-1.,0.,-5.55111512312579E-15));
#8443=DIRECTION('center_axis',(0.,-1.,0.));
#8444=DIRECTION('ref_axis',(-2.77555756156289E-15,0.,1.));
#8445=DIRECTION('',(-2.77555756156289E-15,0.,1.));
#8446=DIRECTION('',(-1.,0.,-5.55111512312579E-15));
#8447=DIRECTION('center_axis',(5.55111512312579E-15,0.,-1.));
#8448=DIRECTION('ref_axis',(0.,-1.,0.));
#8449=DIRECTION('',(0.,-1.,0.));
#8450=DIRECTION('',(-1.,0.,-5.55111512312579E-15));
#8451=DIRECTION('',(-1.,0.,-5.55111512312579E-15));
#8452=DIRECTION('',(-1.,0.,-5.55111512312579E-15));
#8453=DIRECTION('center_axis',(-4.78806013158834E-15,-0.505988484547172,
0.86254023297795));
#8454=DIRECTION('ref_axis',(-1.40440016434865E-15,0.86254023297795,0.505988484547172));
#8455=DIRECTION('',(-1.40440016434865E-15,0.86254023297795,0.505988484547172));
#8456=DIRECTION('',(-1.,0.,-5.55111512312579E-15));
#8457=DIRECTION('center_axis',(0.,-1.,0.));
#8458=DIRECTION('ref_axis',(-2.77555756156289E-15,0.,1.));
#8459=DIRECTION('',(-2.77555756156289E-15,0.,1.));
#8460=DIRECTION('',(-1.,0.,-5.55111512312579E-15));
#8461=DIRECTION('center_axis',(4.76259466298252E-15,0.513728550784438,-0.85795278198099));
#8462=DIRECTION('ref_axis',(1.42588316372049E-15,-0.85795278198099,-0.513728550784438));
#8463=DIRECTION('',(1.42588316372049E-15,-0.85795278198099,-0.513728550784438));
#8464=DIRECTION('',(-1.,0.,-5.55111512312579E-15));
#8465=DIRECTION('',(-1.,0.,-5.55111512312579E-15));
#8466=DIRECTION('',(-1.,0.,-5.55111512312579E-15));
#8467=DIRECTION('',(-1.,0.,-5.55111512312579E-15));
#8468=DIRECTION('',(-1.,0.,-5.55111512312579E-15));
#8469=DIRECTION('',(-1.,0.,-5.55111512312579E-15));
#8470=DIRECTION('',(-1.,0.,-5.55111512312579E-15));
#8471=DIRECTION('center_axis',(5.55111512312579E-15,0.,-1.));
#8472=DIRECTION('ref_axis',(0.,-1.,0.));
#8473=DIRECTION('',(0.,-1.,0.));
#8474=DIRECTION('',(-1.,0.,-5.55111512312579E-15));
#8475=DIRECTION('center_axis',(0.,1.,0.));
#8476=DIRECTION('ref_axis',(2.77555756156289E-15,0.,-1.));
#8477=DIRECTION('',(2.77555756156289E-15,0.,-1.));
#8478=DIRECTION('',(-1.,0.,-5.55111512312579E-15));
#8479=DIRECTION('',(-1.,0.,-5.55111512312579E-15));
#8480=DIRECTION('',(-1.,0.,-5.55111512312579E-15));
#8481=DIRECTION('',(-1.,0.,-5.55111512312579E-15));
#8482=DIRECTION('',(-1.,0.,-5.55111512312579E-15));
#8483=DIRECTION('',(-1.,0.,-5.55111512312579E-15));
#8484=DIRECTION('center_axis',(5.55111512312579E-15,0.,-1.));
#8485=DIRECTION('ref_axis',(0.,-1.,0.));
#8486=DIRECTION('',(0.,-1.,0.));
#8487=DIRECTION('',(-1.,0.,-5.55111512312579E-15));
#8488=DIRECTION('center_axis',(0.,1.,0.));
#8489=DIRECTION('ref_axis',(2.77555756156289E-15,0.,-1.));
#8490=DIRECTION('',(2.77555756156289E-15,0.,-1.));
#8491=DIRECTION('center_axis',(-1.,0.,-2.77555756156289E-15));
#8492=DIRECTION('ref_axis',(-2.77555756156289E-15,0.,1.));
#8493=DIRECTION('center_axis',(0.,1.,0.));
#8494=DIRECTION('ref_axis',(2.77555756156289E-15,0.,-1.));
#8495=DIRECTION('',(-2.77555756156289E-15,0.,1.));
#8496=DIRECTION('',(-1.,0.,-5.55111512312579E-15));
#8497=DIRECTION('',(2.77555756156289E-15,0.,-1.));
#8498=DIRECTION('',(-1.,0.,-5.55111512312579E-15));
#8499=DIRECTION('',(-1.,0.,-5.55111512312579E-15));
#8500=DIRECTION('',(-1.,0.,-5.55111512312579E-15));
#8501=DIRECTION('',(-1.,0.,-5.55111512312579E-15));
#8502=DIRECTION('',(-1.,0.,-5.55111512312579E-15));
#8503=DIRECTION('',(-1.,0.,-5.55111512312579E-15));
#8504=DIRECTION('center_axis',(0.,-1.,0.));
#8505=DIRECTION('ref_axis',(-2.77555756156289E-15,0.,1.));
#8506=DIRECTION('',(2.77555756156289E-15,0.,-1.));
#8507=DIRECTION('',(-2.77555756156289E-15,0.,1.));
#8508=DIRECTION('',(-1.,0.,-5.55111512312579E-15));
#8509=DIRECTION('center_axis',(-5.55111512312579E-15,0.,1.));
#8510=DIRECTION('ref_axis',(0.,1.,0.));
#8511=DIRECTION('',(0.,-1.,0.));
#8512=DIRECTION('',(0.,1.,0.));
#8513=DIRECTION('center_axis',(5.55111512312579E-15,0.,-1.));
#8514=DIRECTION('ref_axis',(0.,-1.,0.));
#8515=DIRECTION('',(-1.,0.,-5.55111512312579E-15));
#8516=DIRECTION('',(0.,-1.,0.));
#8517=DIRECTION('',(-1.,0.,-5.55111512312579E-15));
#8518=DIRECTION('center_axis',(0.,1.,0.));
#8519=DIRECTION('ref_axis',(2.77555756156289E-15,0.,-1.));
#8520=DIRECTION('',(2.77555756156289E-15,0.,-1.));
#8521=DIRECTION('',(-1.,0.,-5.55111512312579E-15));
#8522=DIRECTION('',(-1.,0.,-5.55111512312579E-15));
#8523=DIRECTION('',(-1.,0.,-5.55111512312579E-15));
#8524=DIRECTION('',(-1.,0.,-5.55111512312579E-15));
#8525=DIRECTION('',(-1.,0.,-5.55111512312579E-15));
#8526=DIRECTION('',(-1.,0.,-5.55111512312579E-15));
#8527=DIRECTION('',(-1.,0.,-5.55111512312579E-15));
#8528=DIRECTION('center_axis',(0.,-1.,0.));
#8529=DIRECTION('ref_axis',(-2.77555756156289E-15,0.,1.));
#8530=DIRECTION('',(-2.77555756156289E-15,0.,1.));
#8531=DIRECTION('',(-1.,0.,-5.55111512312579E-15));
#8532=DIRECTION('center_axis',(-5.55111512312579E-15,0.,1.));
#8533=DIRECTION('ref_axis',(0.,1.,0.));
#8534=DIRECTION('',(0.,1.,0.));
#8535=DIRECTION('',(-1.,0.,-5.55111512312579E-15));
#8536=DIRECTION('center_axis',(0.,-1.,0.));
#8537=DIRECTION('ref_axis',(-2.77555756156289E-15,0.,1.));
#8538=DIRECTION('',(-2.77555756156289E-15,0.,1.));
#8539=DIRECTION('center_axis',(-1.,0.,-2.77555756156289E-15));
#8540=DIRECTION('ref_axis',(-2.77555756156289E-15,0.,1.));
#8541=DIRECTION('center_axis',(1.,0.,2.77555756156289E-15));
#8542=DIRECTION('ref_axis',(2.77555756156289E-15,0.,-1.));
#8543=DIRECTION('center_axis',(0.,1.,0.));
#8544=DIRECTION('ref_axis',(2.77555756156289E-15,0.,-1.));
#8545=DIRECTION('',(-2.77555756156289E-15,0.,1.));
#8546=DIRECTION('',(-1.,0.,-5.55111512312578E-15));
#8547=DIRECTION('',(2.77555756156289E-15,0.,-1.));
#8548=DIRECTION('',(-1.,0.,-5.55111512312578E-15));
#8549=DIRECTION('',(-1.,0.,-5.55111512312578E-15));
#8550=DIRECTION('',(-1.,0.,-5.55111512312578E-15));
#8551=DIRECTION('',(-1.,0.,-5.55111512312578E-15));
#8552=DIRECTION('',(-1.,0.,-5.55111512312578E-15));
#8553=DIRECTION('center_axis',(0.,-1.,0.));
#8554=DIRECTION('ref_axis',(-2.77555756156289E-15,0.,1.));
#8555=DIRECTION('',(2.77555756156289E-15,0.,-1.));
#8556=DIRECTION('',(-2.77555756156289E-15,0.,1.));
#8557=DIRECTION('',(-1.,0.,-5.55111512312578E-15));
#8558=DIRECTION('center_axis',(-5.55111512312578E-15,0.,1.));
#8559=DIRECTION('ref_axis',(0.,1.,0.));
#8560=DIRECTION('',(0.,-1.,0.));
#8561=DIRECTION('',(0.,1.,0.));
#8562=DIRECTION('center_axis',(0.,1.,0.));
#8563=DIRECTION('ref_axis',(2.77555756156289E-15,0.,-1.));
#8564=DIRECTION('',(-1.,0.,-5.55111512312578E-15));
#8565=DIRECTION('',(2.77555756156289E-15,0.,-1.));
#8566=DIRECTION('',(-1.,0.,-5.55111512312578E-15));
#8567=DIRECTION('center_axis',(-5.55111512312578E-15,0.,1.));
#8568=DIRECTION('ref_axis',(0.,1.,0.));
#8569=DIRECTION('',(0.,1.,0.));
#8570=DIRECTION('',(-1.,0.,-5.55111512312578E-15));
#8571=DIRECTION('center_axis',(0.,1.,0.));
#8572=DIRECTION('ref_axis',(2.77555756156289E-15,0.,-1.));
#8573=DIRECTION('',(2.77555756156289E-15,0.,-1.));
#8574=DIRECTION('',(-1.,0.,-5.55111512312578E-15));
#8575=DIRECTION('',(-1.,0.,-5.55111512312578E-15));
#8576=DIRECTION('',(-1.,0.,-5.55111512312578E-15));
#8577=DIRECTION('',(-1.,0.,-5.55111512312578E-15));
#8578=DIRECTION('',(-1.,0.,-5.55111512312578E-15));
#8579=DIRECTION('center_axis',(0.,-1.,0.));
#8580=DIRECTION('ref_axis',(-2.77555756156289E-15,0.,1.));
#8581=DIRECTION('',(-2.77555756156289E-15,0.,1.));
#8582=DIRECTION('',(-1.,0.,-5.55111512312578E-15));
#8583=DIRECTION('center_axis',(5.55111512312578E-15,0.,-1.));
#8584=DIRECTION('ref_axis',(0.,-1.,0.));
#8585=DIRECTION('',(0.,-1.,0.));
#8586=DIRECTION('center_axis',(-1.,0.,-2.77555756156289E-15));
#8587=DIRECTION('ref_axis',(-2.77555756156289E-15,0.,1.));
#8588=DIRECTION('center_axis',(1.,0.,2.77555756156289E-15));
#8589=DIRECTION('ref_axis',(2.77555756156289E-15,0.,-1.));
#8590=DIRECTION('center_axis',(0.,1.,0.));
#8591=DIRECTION('ref_axis',(2.77555756156289E-15,0.,-1.));
#8592=DIRECTION('',(-2.77555756156289E-15,0.,1.));
#8593=DIRECTION('',(-1.,0.,-5.55111512312579E-15));
#8594=DIRECTION('',(2.77555756156289E-15,0.,-1.));
#8595=DIRECTION('',(-1.,0.,-5.55111512312579E-15));
#8596=DIRECTION('',(-1.,0.,-5.55111512312579E-15));
#8597=DIRECTION('',(-1.,0.,-5.55111512312579E-15));
#8598=DIRECTION('',(-1.,0.,-5.55111512312579E-15));
#8599=DIRECTION('',(-1.,0.,-5.55111512312579E-15));
#8600=DIRECTION('',(-1.,0.,-5.55111512312579E-15));
#8601=DIRECTION('',(-1.,0.,-5.55111512312579E-15));
#8602=DIRECTION('center_axis',(0.,-1.,0.));
#8603=DIRECTION('ref_axis',(-2.77555756156289E-15,0.,1.));
#8604=DIRECTION('',(2.77555756156289E-15,0.,-1.));
#8605=DIRECTION('',(-2.77555756156289E-15,0.,1.));
#8606=DIRECTION('',(-1.,0.,-5.55111512312579E-15));
#8607=DIRECTION('center_axis',(-5.55111512312579E-15,0.,1.));
#8608=DIRECTION('ref_axis',(0.,1.,0.));
#8609=DIRECTION('',(0.,-1.,0.));
#8610=DIRECTION('',(0.,1.,0.));
#8611=DIRECTION('center_axis',(0.,1.,0.));
#8612=DIRECTION('ref_axis',(2.77555756156289E-15,0.,-1.));
#8613=DIRECTION('',(-2.77555756156289E-15,0.,1.));
#8614=DIRECTION('',(-1.,0.,-5.55111512312579E-15));
#8615=DIRECTION('',(2.77555756156289E-15,0.,-1.));
#8616=DIRECTION('',(-1.,0.,-5.55111512312579E-15));
#8617=DIRECTION('',(-1.,0.,-5.55111512312579E-15));
#8618=DIRECTION('',(-1.,0.,-5.55111512312579E-15));
#8619=DIRECTION('',(-1.,0.,-5.55111512312579E-15));
#8620=DIRECTION('',(-1.,0.,-5.55111512312579E-15));
#8621=DIRECTION('',(-1.,0.,-5.55111512312579E-15));
#8622=DIRECTION('',(-1.,0.,-5.55111512312579E-15));
#8623=DIRECTION('',(-1.,0.,-5.55111512312579E-15));
#8624=DIRECTION('center_axis',(0.,-1.,0.));
#8625=DIRECTION('ref_axis',(-2.77555756156289E-15,0.,1.));
#8626=DIRECTION('',(2.77555756156289E-15,0.,-1.));
#8627=DIRECTION('',(-2.77555756156289E-15,0.,1.));
#8628=DIRECTION('',(-1.,0.,-5.55111512312579E-15));
#8629=DIRECTION('center_axis',(-5.55111512312579E-15,0.,1.));
#8630=DIRECTION('ref_axis',(0.,1.,0.));
#8631=DIRECTION('',(0.,-1.,0.));
#8632=DIRECTION('',(0.,1.,0.));
#8633=DIRECTION('center_axis',(5.55111512312579E-15,0.,-1.));
#8634=DIRECTION('ref_axis',(0.,-1.,0.));
#8635=DIRECTION('',(-1.,0.,-5.55111512312579E-15));
#8636=DIRECTION('',(0.,-1.,0.));
#8637=DIRECTION('',(-1.,0.,-5.55111512312579E-15));
#8638=DIRECTION('center_axis',(0.,1.,0.));
#8639=DIRECTION('ref_axis',(2.77555756156289E-15,0.,-1.));
#8640=DIRECTION('',(2.77555756156289E-15,0.,-1.));
#8641=DIRECTION('',(-1.,0.,-5.55111512312579E-15));
#8642=DIRECTION('',(-1.,0.,-5.55111512312579E-15));
#8643=DIRECTION('',(-1.,0.,-5.55111512312579E-15));
#8644=DIRECTION('',(-1.,0.,-5.55111512312579E-15));
#8645=DIRECTION('',(-1.,0.,-5.55111512312579E-15));
#8646=DIRECTION('',(-1.,0.,-5.55111512312579E-15));
#8647=DIRECTION('',(-1.,0.,-5.55111512312579E-15));
#8648=DIRECTION('',(-1.,0.,-5.55111512312579E-15));
#8649=DIRECTION('',(-1.,0.,-5.55111512312579E-15));
#8650=DIRECTION('',(-1.,0.,-5.55111512312579E-15));
#8651=DIRECTION('',(-1.,0.,-5.55111512312579E-15));
#8652=DIRECTION('',(-1.,0.,-5.55111512312579E-15));
#8653=DIRECTION('center_axis',(0.,-1.,0.));
#8654=DIRECTION('ref_axis',(-2.77555756156289E-15,0.,1.));
#8655=DIRECTION('',(-2.77555756156289E-15,0.,1.));
#8656=DIRECTION('center_axis',(-1.,0.,-2.77555756156289E-15));
#8657=DIRECTION('ref_axis',(-2.77555756156289E-15,0.,1.));
#8658=DIRECTION('center_axis',(1.,0.,2.77555756156289E-15));
#8659=DIRECTION('ref_axis',(2.77555756156289E-15,0.,-1.));
#8660=DIRECTION('center_axis',(1.,0.,2.77555756156289E-15));
#8661=DIRECTION('ref_axis',(2.77555756156289E-15,0.,-1.));
#8662=DIRECTION('center_axis',(5.34504786025103E-15,0.269936158131621,-0.96287822206816));
#8663=DIRECTION('ref_axis',(7.49223344841457E-16,-0.96287822206816,-0.269936158131621));
#8664=DIRECTION('',(-1.,0.,-5.55111512312579E-15));
#8665=DIRECTION('',(7.49223344841457E-16,-0.96287822206816,-0.269936158131621));
#8666=DIRECTION('',(-1.,0.,-5.55111512312579E-15));
#8667=DIRECTION('center_axis',(0.,1.,0.));
#8668=DIRECTION('ref_axis',(2.77555756156289E-15,0.,-1.));
#8669=DIRECTION('',(2.77555756156289E-15,0.,-1.));
#8670=DIRECTION('',(-1.,0.,-5.55111512312579E-15));
#8671=DIRECTION('center_axis',(-5.34596347971558E-15,-0.269347102383195,
0.963043165407333));
#8672=DIRECTION('ref_axis',(-7.47588386704733E-16,0.963043165407333,0.269347102383195));
#8673=DIRECTION('',(-7.47588386704733E-16,0.963043165407333,0.269347102383195));
#8674=DIRECTION('',(-1.,0.,-5.55111512312579E-15));
#8675=DIRECTION('center_axis',(0.,-1.,0.));
#8676=DIRECTION('ref_axis',(-2.77555756156289E-15,0.,1.));
#8677=DIRECTION('',(-2.77555756156289E-15,0.,1.));
#8678=DIRECTION('center_axis',(-1.,0.,-5.55111512312579E-15));
#8679=DIRECTION('ref_axis',(-5.55111512312579E-15,0.,1.));
#8680=DIRECTION('center_axis',(0.,1.,0.));
#8681=DIRECTION('ref_axis',(2.77555756156289E-15,0.,-1.));
#8682=DIRECTION('',(-1.,0.,-5.55111512312579E-15));
#8683=DIRECTION('',(2.77555756156289E-15,0.,-1.));
#8684=DIRECTION('',(-1.,0.,-5.55111512312579E-15));
#8685=DIRECTION('center_axis',(-5.55111512312579E-15,0.,1.));
#8686=DIRECTION('ref_axis',(0.,1.,0.));
#8687=DIRECTION('',(0.,1.,0.));
#8688=DIRECTION('',(-1.,0.,-5.55111512312579E-15));
#8689=DIRECTION('',(-1.,0.,-5.55111512312579E-15));
#8690=DIRECTION('',(-1.,0.,-5.55111512312579E-15));
#8691=DIRECTION('',(-1.,0.,-5.55111512312579E-15));
#8692=DIRECTION('',(-1.,0.,-5.55111512312579E-15));
#8693=DIRECTION('',(-1.,0.,-5.55111512312579E-15));
#8694=DIRECTION('center_axis',(0.,1.,0.));
#8695=DIRECTION('ref_axis',(2.77555756156289E-15,0.,-1.));
#8696=DIRECTION('',(2.77555756156289E-15,0.,-1.));
#8697=DIRECTION('',(-1.,0.,-5.55111512312579E-15));
#8698=DIRECTION('center_axis',(-5.55111512312579E-15,0.,1.));
#8699=DIRECTION('ref_axis',(0.,1.,0.));
#8700=DIRECTION('',(0.,1.,0.));
#8701=DIRECTION('',(-1.,0.,-5.55111512312579E-15));
#8702=DIRECTION('center_axis',(1.10995256998548E-16,-0.999800077445171,
-0.0199951279223421));
#8703=DIRECTION('ref_axis',(-2.77500266500411E-15,-0.0199951279223421,0.999800077445171));
#8704=DIRECTION('',(-2.77500266500411E-15,-0.0199951279223421,0.999800077445171));
#8705=DIRECTION('',(-1.,0.,-5.55111512312579E-15));
#8706=DIRECTION('',(-1.,0.,-5.55111512312579E-15));
#8707=DIRECTION('',(-1.,0.,-5.55111512312579E-15));
#8708=DIRECTION('',(-1.,0.,-5.55111512312579E-15));
#8709=DIRECTION('',(-1.,0.,-5.55111512312579E-15));
#8710=DIRECTION('',(-1.,0.,-5.55111512312579E-15));
#8711=DIRECTION('center_axis',(-4.76259466298252E-15,0.513728550784438,
0.85795278198099));
#8712=DIRECTION('ref_axis',(1.42588316372049E-15,0.85795278198099,-0.513728550784438));
#8713=DIRECTION('',(1.42588316372049E-15,0.85795278198099,-0.513728550784438));
#8714=DIRECTION('',(-1.,0.,-5.55111512312579E-15));
#8715=DIRECTION('center_axis',(0.,-1.,0.));
#8716=DIRECTION('ref_axis',(-2.77555756156289E-15,0.,1.));
#8717=DIRECTION('',(-2.77555756156289E-15,0.,1.));
#8718=DIRECTION('',(-1.,0.,-5.55111512312579E-15));
#8719=DIRECTION('center_axis',(4.79440832168369E-15,-0.504033983902377,
-0.863683821239867));
#8720=DIRECTION('ref_axis',(-1.39897533530491E-15,-0.863683821239867,0.504033983902377));
#8721=DIRECTION('',(-1.39897533530491E-15,-0.863683821239867,0.504033983902377));
#8722=DIRECTION('',(-1.,0.,-5.55111512312579E-15));
#8723=DIRECTION('',(-1.,0.,-5.55111512312579E-15));
#8724=DIRECTION('',(-1.,0.,-5.55111512312579E-15));
#8725=DIRECTION('center_axis',(-5.55111512312579E-15,0.,1.));
#8726=DIRECTION('ref_axis',(0.,1.,0.));
#8727=DIRECTION('',(0.,1.,0.));
#8728=DIRECTION('',(-1.,0.,-5.55111512312579E-15));
#8729=DIRECTION('center_axis',(0.,-1.,0.));
#8730=DIRECTION('ref_axis',(-2.77555756156289E-15,0.,1.));
#8731=DIRECTION('',(-2.77555756156289E-15,0.,1.));
#8732=DIRECTION('',(-1.,0.,-5.55111512312579E-15));
#8733=DIRECTION('center_axis',(5.55111512312579E-15,0.,-1.));
#8734=DIRECTION('ref_axis',(0.,-1.,0.));
#8735=DIRECTION('',(0.,-1.,0.));
#8736=DIRECTION('center_axis',(-1.,0.,-2.77555756156289E-15));
#8737=DIRECTION('ref_axis',(-2.77555756156289E-15,0.,1.));
#8738=DIRECTION('center_axis',(0.,-1.,0.));
#8739=DIRECTION('ref_axis',(-1.,0.,0.));
#8740=DIRECTION('center_axis',(0.,-1.,0.));
#8741=DIRECTION('ref_axis',(-1.,0.,0.));
#8742=DIRECTION('',(0.,-1.,0.));
#8743=DIRECTION('center_axis',(0.,-1.,0.));
#8744=DIRECTION('ref_axis',(-1.,0.,0.));
#8745=DIRECTION('center_axis',(-1.13288063737261E-16,0.,1.));
#8746=DIRECTION('ref_axis',(-0.707106781186547,-0.707106781186548,0.));
#8747=DIRECTION('center_axis',(0.,0.,1.));
#8748=DIRECTION('ref_axis',(-0.707106781186547,-0.707106781186548,0.));
#8749=DIRECTION('',(1.13288063737261E-16,0.,-1.));
#8750=DIRECTION('',(-1.13288063737261E-16,0.,1.));
#8751=DIRECTION('center_axis',(1.,0.,1.13288063737261E-16));
#8752=DIRECTION('ref_axis',(1.13288063737261E-16,0.,-1.));
#8753=DIRECTION('',(0.,1.,0.));
#8754=DIRECTION('',(1.13288063737261E-16,0.,-1.));
#8755=DIRECTION('',(0.,1.,0.));
#8756=DIRECTION('center_axis',(1.13288063737261E-16,0.,-1.));
#8757=DIRECTION('ref_axis',(0.707106781186547,0.707106781186548,0.));
#8758=DIRECTION('',(-1.13288063737261E-16,0.,1.));
#8759=DIRECTION('center_axis',(0.,-1.,0.));
#8760=DIRECTION('ref_axis',(-1.,0.,-7.35689956076911E-16));
#8761=DIRECTION('center_axis',(0.,1.,0.));
#8762=DIRECTION('ref_axis',(-1.,0.,-6.6880905097901E-16));
#8763=DIRECTION('',(0.,1.,0.));
#8764=DIRECTION('center_axis',(0.,-1.,0.));
#8765=DIRECTION('ref_axis',(-1.,0.,-7.35689956076911E-16));
#8766=DIRECTION('',(0.,1.,0.));
#8767=DIRECTION('center_axis',(0.,1.,0.));
#8768=DIRECTION('ref_axis',(-1.,0.,0.));
#8769=DIRECTION('center_axis',(0.,-1.,0.));
#8770=DIRECTION('ref_axis',(-1.,0.,-6.05576195250086E-16));
#8771=DIRECTION('',(-4.91249125940335E-17,0.,-1.));
#8772=DIRECTION('center_axis',(0.,-1.,0.));
#8773=DIRECTION('ref_axis',(6.05576195250086E-16,0.,-1.));
#8774=DIRECTION('',(-1.13288063737261E-16,0.,1.));
#8775=DIRECTION('center_axis',(0.,1.,0.));
#8776=DIRECTION('ref_axis',(6.01928145881109E-16,0.,-1.));
#8777=DIRECTION('',(-7.36873688910501E-17,0.,1.));
#8778=DIRECTION('center_axis',(-1.13288063737261E-16,0.,1.));
#8779=DIRECTION('ref_axis',(-0.707106781186547,-0.707106781186548,0.));
#8780=DIRECTION('center_axis',(-1.48029733749128E-16,0.,-1.));
#8781=DIRECTION('ref_axis',(-0.707106781186547,-0.707106781186548,0.));
#8782=DIRECTION('',(-1.13288063737261E-16,0.,1.));
#8783=DIRECTION('',(1.13288063737261E-16,0.,-1.));
#8784=DIRECTION('center_axis',(0.,1.,0.));
#8785=DIRECTION('ref_axis',(1.,0.,0.));
#8786=DIRECTION('',(1.,0.,0.));
#8787=DIRECTION('center_axis',(0.,1.,0.));
#8788=DIRECTION('ref_axis',(-1.07009448156642E-15,0.,1.));
#8789=DIRECTION('',(0.,0.,-1.));
#8790=DIRECTION('center_axis',(0.,1.,0.));
#8791=DIRECTION('ref_axis',(1.,0.,1.07009448156642E-15));
#8792=DIRECTION('',(-1.,0.,1.48029733749128E-16));
#8793=DIRECTION('',(1.,0.,-1.48029733749128E-16));
#8794=DIRECTION('center_axis',(0.,-1.,0.));
#8795=DIRECTION('ref_axis',(1.,0.,8.07434927000115E-16));
#8796=DIRECTION('',(0.,0.,1.));
#8797=DIRECTION('center_axis',(0.,-1.,0.));
#8798=DIRECTION('ref_axis',(-8.07434927000114E-16,0.,1.));
#8799=DIRECTION('',(-1.,0.,1.05735502746133E-16));
#8800=DIRECTION('center_axis',(0.,-1.,0.));
#8801=DIRECTION('ref_axis',(1.,0.,0.));
#8802=DIRECTION('center_axis',(0.,-1.,0.));
#8803=DIRECTION('ref_axis',(1.,0.,0.));
#8804=DIRECTION('center_axis',(0.,-1.,0.));
#8805=DIRECTION('ref_axis',(1.,0.,0.));
#8806=DIRECTION('center_axis',(1.13288063737261E-16,0.,-1.));
#8807=DIRECTION('ref_axis',(0.707106781186547,0.707106781186548,0.));
#8808=DIRECTION('',(1.13288063737261E-16,0.,-1.));
#8809=DIRECTION('center_axis',(0.,1.,0.));
#8810=DIRECTION('ref_axis',(9.08364292875129E-16,0.,-1.));
#8811=DIRECTION('',(0.,1.,0.));
#8812=DIRECTION('center_axis',(0.,1.,0.));
#8813=DIRECTION('ref_axis',(-0.707106781186547,0.,-0.707106781186548));
#8814=DIRECTION('',(0.,1.,0.));
#8815=DIRECTION('center_axis',(1.,0.,2.77555756156289E-15));
#8816=DIRECTION('ref_axis',(2.77555756156289E-15,0.,-1.));
#8817=DIRECTION('center_axis',(-2.96054569583795E-15,0.00575550495608792,
0.999983436944183));
#8818=DIRECTION('ref_axis',(-1.91696823617784E-17,-0.999983436944183,0.00575550495608792));
#8819=DIRECTION('',(1.91696823617788E-17,0.999983436944183,-0.00575550495608792));
#8820=DIRECTION('',(1.,0.,2.96059473233375E-15));
#8821=DIRECTION('',(-1.91696823617784E-17,-0.999983436944183,0.00575550495608792));
#8822=DIRECTION('',(1.,0.,2.96059473233375E-15));
#8823=DIRECTION('center_axis',(1.,0.,2.96059473233375E-15));
#8824=DIRECTION('ref_axis',(-2.96054569583795E-15,0.00575550495609204,0.999983436944183));
#8825=DIRECTION('center_axis',(-1.,0.,-3.33066907387542E-15));
#8826=DIRECTION('ref_axis',(-2.96054569583795E-15,0.00575550495609204,0.999983436944183));
#8827=DIRECTION('center_axis',(1.,0.,3.33066907387536E-15));
#8828=DIRECTION('ref_axis',(-2.96054569583795E-15,0.00575550495609204,0.999983436944183));
#8829=DIRECTION('',(1.,0.,2.96059473233375E-15));
#8830=DIRECTION('center_axis',(0.,1.,0.));
#8831=DIRECTION('ref_axis',(-3.33066907387536E-15,0.,1.));
#8832=DIRECTION('',(3.33066907387542E-15,0.,-1.));
#8833=DIRECTION('',(-3.33066907387536E-15,0.,1.));
#8834=DIRECTION('',(1.,0.,2.96059473233375E-15));
#8835=DIRECTION('center_axis',(1.,0.,2.96059473233375E-15));
#8836=DIRECTION('ref_axis',(3.09357209056493E-30,1.,-1.0449157585734E-15));
#8837=DIRECTION('center_axis',(-1.,0.,-3.33066907387542E-15));
#8838=DIRECTION('ref_axis',(3.09357209056493E-30,1.,-1.0449157585734E-15));
#8839=DIRECTION('center_axis',(1.,0.,3.33066907387536E-15));
#8840=DIRECTION('ref_axis',(3.09357209056493E-30,1.,-1.0449157585734E-15));
#8841=DIRECTION('',(1.,0.,2.96059473233375E-15));
#8842=DIRECTION('center_axis',(2.96059473233375E-15,0.,-1.));
#8843=DIRECTION('ref_axis',(0.,1.,0.));
#8844=DIRECTION('',(0.,-1.,0.));
#8845=DIRECTION('',(0.,1.,0.));
#8846=DIRECTION('',(1.,0.,2.96059473233375E-15));
#8847=DIRECTION('center_axis',(1.,0.,2.96059473233375E-15));
#8848=DIRECTION('ref_axis',(2.96059473233375E-15,-4.17966303429361E-15,
-1.));
#8849=DIRECTION('center_axis',(-1.,0.,-3.33066907387542E-15));
#8850=DIRECTION('ref_axis',(2.96059473233375E-15,-4.17966303429361E-15,
-1.));
#8851=DIRECTION('center_axis',(1.,0.,3.33066907387536E-15));
#8852=DIRECTION('ref_axis',(2.96059473233375E-15,-4.17966303429361E-15,
-1.));
#8853=DIRECTION('',(1.,0.,2.96059473233375E-15));
#8854=DIRECTION('center_axis',(4.10147123255361E-30,-1.,-1.38535382359494E-15));
#8855=DIRECTION('ref_axis',(3.33066907387536E-15,1.38535382359494E-15,-1.));
#8856=DIRECTION('',(-3.33066907387542E-15,-1.38535382359494E-15,1.));
#8857=DIRECTION('',(3.33066907387536E-15,1.38535382359494E-15,-1.));
#8858=DIRECTION('',(1.,0.,2.96059473233375E-15));
#8859=DIRECTION('center_axis',(1.,0.,2.96059473233375E-15));
#8860=DIRECTION('ref_axis',(0.,-1.,0.));
#8861=DIRECTION('center_axis',(-1.,0.,-3.33066907387542E-15));
#8862=DIRECTION('ref_axis',(0.,-1.,0.));
#8863=DIRECTION('center_axis',(1.,0.,3.33066907387536E-15));
#8864=DIRECTION('ref_axis',(0.,-1.,0.));
#8865=DIRECTION('center_axis',(1.,0.,2.96059473233375E-15));
#8866=DIRECTION('ref_axis',(-2.96059473233375E-15,0.,1.));
#8867=DIRECTION('center_axis',(1.,0.,3.33066907387536E-15));
#8868=DIRECTION('ref_axis',(-2.96059473233375E-15,0.,1.));
#8869=DIRECTION('',(1.,0.,2.96059473233375E-15));
#8870=DIRECTION('center_axis',(-1.,0.,-3.33066907387542E-15));
#8871=DIRECTION('ref_axis',(-2.96059473233375E-15,0.,1.));
#8872=DIRECTION('center_axis',(0.,1.,0.));
#8873=DIRECTION('ref_axis',(1.,0.,0.));
#8874=DIRECTION('center_axis',(-3.33066907387542E-15,0.,1.));
#8875=DIRECTION('ref_axis',(-0.707106781186548,-0.707106781186547,0.));
#8876=DIRECTION('center_axis',(0.,0.,-1.));
#8877=DIRECTION('ref_axis',(0.,-1.,0.));
#8878=DIRECTION('',(-3.33066907387542E-15,0.,1.));
#8879=DIRECTION('center_axis',(-1.66533453693786E-15,0.,1.));
#8880=DIRECTION('ref_axis',(-1.,0.,-1.66533453693786E-15));
#8881=DIRECTION('',(3.33066907387542E-15,0.,-1.));
#8882=DIRECTION('center_axis',(0.,1.,0.));
#8883=DIRECTION('ref_axis',(0.,0.,1.));
#8884=DIRECTION('center_axis',(1.,0.,-1.11022302462516E-15));
#8885=DIRECTION('ref_axis',(1.11022302462516E-15,0.,1.));
#8886=DIRECTION('center_axis',(0.,-1.,0.));
#8887=DIRECTION('ref_axis',(-0.707106781186548,0.,0.707106781186547));
#8888=DIRECTION('center_axis',(0.,1.,0.));
#8889=DIRECTION('ref_axis',(-0.707106781186548,0.,0.707106781186547));
#8890=DIRECTION('center_axis',(1.,0.,-1.05735502746133E-16));
#8891=DIRECTION('ref_axis',(0.,-0.707106781186548,0.707106781186547));
#8892=DIRECTION('center_axis',(1.,0.,0.));
#8893=DIRECTION('ref_axis',(0.,0.,1.));
#8894=DIRECTION('',(-1.,0.,1.05735502746133E-16));
#8895=DIRECTION('center_axis',(0.,1.,0.));
#8896=DIRECTION('ref_axis',(0.,0.,1.));
#8897=DIRECTION('center_axis',(-5.5511151231258E-16,0.,-1.));
#8898=DIRECTION('ref_axis',(1.,0.,-5.5511151231258E-16));
#8899=DIRECTION('center_axis',(0.,-1.,0.));
#8900=DIRECTION('ref_axis',(0.707106781186547,0.,0.707106781186548));
#8901=DIRECTION('center_axis',(0.,0.,-1.));
#8902=DIRECTION('ref_axis',(0.707106781186549,-0.707106781186546,0.));
#8903=DIRECTION('center_axis',(0.,0.,-1.));
#8904=DIRECTION('ref_axis',(1.,0.,0.));
#8905=DIRECTION('',(0.,0.,1.));
#8906=DIRECTION('center_axis',(0.,1.,0.));
#8907=DIRECTION('ref_axis',(0.,0.,1.));
#8908=DIRECTION('center_axis',(-1.,0.,0.));
#8909=DIRECTION('ref_axis',(0.,0.,-1.));
#8910=DIRECTION('center_axis',(0.,-1.,0.));
#8911=DIRECTION('ref_axis',(0.707106781186548,0.,-0.707106781186547));
#8912=DIRECTION('center_axis',(-1.,0.,1.48029733749128E-16));
#8913=DIRECTION('ref_axis',(0.,-0.707106781186549,-0.707106781186546));
#8914=DIRECTION('center_axis',(-1.,0.,0.));
#8915=DIRECTION('ref_axis',(0.,0.,-1.));
#8916=DIRECTION('',(1.,0.,-1.48029733749128E-16));
#8917=DIRECTION('center_axis',(0.,1.,0.));
#8918=DIRECTION('ref_axis',(0.,0.,1.));
#8919=DIRECTION('center_axis',(0.,-1.,0.));
#8920=DIRECTION('ref_axis',(-0.707106781186547,0.,-0.707106781186548));
#8921=DIRECTION('center_axis',(0.,1.,0.));
#8922=DIRECTION('ref_axis',(-1.,0.,-7.065055611251E-16));
#8923=DIRECTION('',(0.,1.,0.));
#8924=DIRECTION('center_axis',(1.,0.,3.33066907387542E-15));
#8925=DIRECTION('ref_axis',(3.33066907387542E-15,0.,-1.));
#8926=DIRECTION('',(3.33066907387542E-15,0.,-1.));
#8927=DIRECTION('',(3.33066907387523E-15,3.36157402148276E-7,-0.999999999999943));
#8928=DIRECTION('',(0.,-1.,0.));
#8929=DIRECTION('',(-3.33066907387542E-15,0.,1.));
#8930=DIRECTION('',(0.,1.,0.));
#8931=DIRECTION('',(-3.33066907387542E-15,0.,1.));
#8932=DIRECTION('',(0.,1.,0.));
#8933=DIRECTION('',(3.33066907387542E-15,0.,-1.));
#8934=DIRECTION('',(0.,-1.,0.));
#8935=DIRECTION('center_axis',(-1.,0.,-3.33066907387542E-15));
#8936=DIRECTION('ref_axis',(0.,0.,-1.));
#8937=DIRECTION('center_axis',(-1.,0.,-3.33066907387542E-15));
#8938=DIRECTION('ref_axis',(0.,0.,-1.));
#8939=DIRECTION('center_axis',(0.,1.,0.));
#8940=DIRECTION('ref_axis',(1.,0.,0.));
#8941=DIRECTION('center_axis',(0.,1.,0.));
#8942=DIRECTION('ref_axis',(1.,0.,0.));
#8943=DIRECTION('center_axis',(0.,1.,0.));
#8944=DIRECTION('ref_axis',(1.,0.,0.));
#8945=DIRECTION('center_axis',(0.,1.,0.));
#8946=DIRECTION('ref_axis',(1.,0.,0.));
#8947=DIRECTION('center_axis',(0.,1.,0.));
#8948=DIRECTION('ref_axis',(1.,0.,0.));
#8949=DIRECTION('center_axis',(0.,-1.,0.));
#8950=DIRECTION('ref_axis',(0.,0.,-1.));
#8951=DIRECTION('center_axis',(0.,1.,0.));
#8952=DIRECTION('ref_axis',(1.,0.,0.));
#8953=DIRECTION('center_axis',(-1.,0.,0.));
#8954=DIRECTION('ref_axis',(0.,0.,1.));
#8955=DIRECTION('center_axis',(0.,-1.,0.));
#8956=DIRECTION('ref_axis',(0.,0.,-1.));
#8957=DIRECTION('center_axis',(0.,1.,0.));
#8958=DIRECTION('ref_axis',(1.,0.,0.));
#8959=DIRECTION('center_axis',(-1.,0.,0.));
#8960=DIRECTION('ref_axis',(0.,0.,1.));
#8961=DIRECTION('center_axis',(0.,-1.,0.));
#8962=DIRECTION('ref_axis',(0.,0.,-1.));
#8963=DIRECTION('center_axis',(0.,1.,0.));
#8964=DIRECTION('ref_axis',(1.,0.,0.));
#8965=DIRECTION('center_axis',(-1.,0.,-1.70803542250024E-16));
#8966=DIRECTION('ref_axis',(-1.70803542250024E-16,0.,1.));
#8967=DIRECTION('center_axis',(0.,-1.,0.));
#8968=DIRECTION('ref_axis',(0.,0.,-1.));
#8969=DIRECTION('center_axis',(0.,1.,0.));
#8970=DIRECTION('ref_axis',(1.,0.,0.));
#8971=DIRECTION('center_axis',(-1.,0.,-1.70803542250024E-16));
#8972=DIRECTION('ref_axis',(-1.70803542250024E-16,0.,1.));
#8973=DIRECTION('center_axis',(-1.,0.,0.));
#8974=DIRECTION('ref_axis',(0.,0.,-1.));
#8975=DIRECTION('',(-1.,0.,0.));
#8976=DIRECTION('center_axis',(1.,0.,3.33066907387536E-15));
#8977=DIRECTION('ref_axis',(0.,0.,-1.));
#8978=DIRECTION('center_axis',(-1.,0.,0.));
#8979=DIRECTION('ref_axis',(0.,0.,-1.));
#8980=DIRECTION('',(-1.,0.,0.));
#8981=DIRECTION('center_axis',(1.,0.,3.33066907387536E-15));
#8982=DIRECTION('ref_axis',(0.,0.,-1.));
#8983=DIRECTION('center_axis',(0.,1.,0.));
#8984=DIRECTION('ref_axis',(9.82498251880669E-17,0.,-1.));
#8985=DIRECTION('',(-1.,0.,0.));
#8986=DIRECTION('',(-3.33066907387536E-15,0.,1.));
#8987=DIRECTION('',(-1.,0.,0.));
#8988=DIRECTION('center_axis',(0.,0.,-1.));
#8989=DIRECTION('ref_axis',(0.,-1.,0.));
#8990=DIRECTION('',(0.,1.,0.));
#8991=DIRECTION('',(-1.,0.,0.));
#8992=DIRECTION('center_axis',(0.,-1.,0.));
#8993=DIRECTION('ref_axis',(-9.82498251880669E-17,0.,1.));
#8994=DIRECTION('',(3.33066907387536E-15,0.,-1.));
#8995=DIRECTION('',(-1.,0.,0.));
#8996=DIRECTION('center_axis',(0.,0.,1.));
#8997=DIRECTION('ref_axis',(0.,1.,0.));
#8998=DIRECTION('',(0.,-1.,0.));
#8999=DIRECTION('center_axis',(0.,-1.,0.));
#9000=DIRECTION('ref_axis',(-9.82498251880669E-17,0.,1.));
#9001=DIRECTION('',(-1.,0.,0.));
#9002=DIRECTION('',(3.33066907387536E-15,0.,-1.));
#9003=DIRECTION('',(-1.,0.,0.));
#9004=DIRECTION('center_axis',(0.,0.,1.));
#9005=DIRECTION('ref_axis',(0.,1.,0.));
#9006=DIRECTION('',(0.,-1.,0.));
#9007=DIRECTION('',(-1.,0.,0.));
#9008=DIRECTION('center_axis',(0.,1.,0.));
#9009=DIRECTION('ref_axis',(9.82498251880669E-17,0.,-1.));
#9010=DIRECTION('',(-3.33066907387536E-15,0.,1.));
#9011=DIRECTION('',(-1.,0.,0.));
#9012=DIRECTION('center_axis',(0.,0.,-1.));
#9013=DIRECTION('ref_axis',(0.,-1.,0.));
#9014=DIRECTION('',(-1.,0.,0.));
#9015=DIRECTION('',(0.,1.,0.));
#9016=DIRECTION('center_axis',(0.,0.999999999999943,3.36157402148276E-7));
#9017=DIRECTION('ref_axis',(9.82498251880614E-17,3.36157402148276E-7,-0.999999999999943));
#9018=DIRECTION('',(-3.33066907387517E-15,-3.36157402148276E-7,0.999999999999943));
#9019=DIRECTION('center_axis',(1.,0.,1.13288063737261E-16));
#9020=DIRECTION('ref_axis',(1.13288063737261E-16,0.,-1.));
#9021=DIRECTION('',(0.,1.,0.));
#9022=DIRECTION('center_axis',(0.,-1.,0.));
#9023=DIRECTION('ref_axis',(1.,0.,0.));
#9024=DIRECTION('center_axis',(0.,-1.,0.));
#9025=DIRECTION('ref_axis',(1.,0.,0.));
#9026=DIRECTION('',(0.707106781186548,0.707106781186547,8.65956056235495E-17));
#9027=DIRECTION('center_axis',(0.,1.,0.));
#9028=DIRECTION('ref_axis',(1.,0.,0.));
#9029=DIRECTION('center_axis',(0.,1.,0.));
#9030=DIRECTION('ref_axis',(1.,0.,0.));
#9031=DIRECTION('',(-1.,0.,0.));
#9032=DIRECTION('',(3.33066907387536E-15,0.,-1.));
#9033=DIRECTION('center_axis',(0.,-1.,0.));
#9034=DIRECTION('ref_axis',(8.69451766272714E-16,0.,-1.));
#9035=DIRECTION('',(1.,0.,-1.48029733749128E-16));
#9036=DIRECTION('center_axis',(0.,-1.,0.));
#9037=DIRECTION('ref_axis',(1.,0.,1.07009448156642E-15));
#9038=DIRECTION('',(0.,0.,1.));
#9039=DIRECTION('center_axis',(0.,-1.,0.));
#9040=DIRECTION('ref_axis',(-1.07009448156642E-15,0.,1.));
#9041=DIRECTION('center_axis',(0.,-1.,0.));
#9042=DIRECTION('ref_axis',(1.,0.,0.));
#9043=DIRECTION('center_axis',(0.,-1.,0.));
#9044=DIRECTION('ref_axis',(1.,0.,0.));
#9045=DIRECTION('center_axis',(0.,-1.,0.));
#9046=DIRECTION('ref_axis',(1.,0.,0.));
#9047=DIRECTION('center_axis',(0.,-1.,0.));
#9048=DIRECTION('ref_axis',(1.,0.,0.));
#9049=DIRECTION('center_axis',(0.,-1.,0.));
#9050=DIRECTION('ref_axis',(1.,0.,0.));
#9051=DIRECTION('center_axis',(0.,-1.,0.));
#9052=DIRECTION('ref_axis',(1.,0.,0.));
#9053=DIRECTION('center_axis',(0.,-1.,0.));
#9054=DIRECTION('ref_axis',(1.,0.,0.));
#9055=DIRECTION('',(0.,1.,0.));
#9056=DIRECTION('center_axis',(0.,-1.,0.));
#9057=DIRECTION('ref_axis',(1.,0.,0.));
#9058=DIRECTION('',(0.707106781186548,0.707106781186547,8.65956056235494E-17));
#9059=DIRECTION('center_axis',(0.,1.,0.));
#9060=DIRECTION('ref_axis',(1.,0.,0.));
#9061=DIRECTION('center_axis',(0.,-1.,0.));
#9062=DIRECTION('ref_axis',(1.,0.,0.));
#9063=DIRECTION('',(0.,1.,0.));
#9064=DIRECTION('center_axis',(0.,-1.,0.));
#9065=DIRECTION('ref_axis',(1.,0.,0.));
#9066=DIRECTION('',(0.707106781186548,0.707106781186547,8.65956056235495E-17));
#9067=DIRECTION('center_axis',(0.,1.,0.));
#9068=DIRECTION('ref_axis',(1.,0.,0.));
#9069=DIRECTION('center_axis',(0.,-1.,0.));
#9070=DIRECTION('ref_axis',(1.,0.,0.));
#9071=DIRECTION('',(0.,1.,0.));
#9072=DIRECTION('center_axis',(0.,-1.,0.));
#9073=DIRECTION('ref_axis',(1.,0.,0.));
#9074=DIRECTION('',(0.707106781186547,0.707106781186548,8.65956056235493E-17));
#9075=DIRECTION('center_axis',(0.,1.,0.));
#9076=DIRECTION('ref_axis',(1.,0.,0.));
#9077=DIRECTION('center_axis',(0.,-1.,0.));
#9078=DIRECTION('ref_axis',(1.,0.,0.));
#9079=DIRECTION('',(0.,1.,0.));
#9080=DIRECTION('center_axis',(0.,-1.,0.));
#9081=DIRECTION('ref_axis',(1.,0.,0.));
#9082=DIRECTION('center_axis',(0.,-1.,0.));
#9083=DIRECTION('ref_axis',(1.,0.,0.));
#9084=DIRECTION('',(0.707106781186547,0.707106781186548,8.65956056235493E-17));
#9085=DIRECTION('center_axis',(0.,1.,0.));
#9086=DIRECTION('ref_axis',(1.,0.,0.));
#9087=DIRECTION('center_axis',(0.,-1.,0.));
#9088=DIRECTION('ref_axis',(1.,0.,0.));
#9089=DIRECTION('',(0.,1.,0.));
#9090=DIRECTION('center_axis',(0.,-1.,0.));
#9091=DIRECTION('ref_axis',(1.,0.,0.));
#9092=DIRECTION('center_axis',(0.,-1.,0.));
#9093=DIRECTION('ref_axis',(1.,0.,0.));
#9094=DIRECTION('',(0.707106781186548,0.707106781186547,8.65956056235494E-17));
#9095=DIRECTION('center_axis',(0.,1.,0.));
#9096=DIRECTION('ref_axis',(1.,0.,0.));
#9097=DIRECTION('center_axis',(0.,-1.,0.));
#9098=DIRECTION('ref_axis',(1.,0.,0.));
#9099=DIRECTION('',(0.,1.,0.));
#9100=DIRECTION('center_axis',(0.,-1.,0.));
#9101=DIRECTION('ref_axis',(1.,0.,0.));
#9102=DIRECTION('center_axis',(0.,-1.,0.));
#9103=DIRECTION('ref_axis',(1.,0.,0.));
#9104=DIRECTION('',(0.707106781186548,0.707106781186547,8.65956056235494E-17));
#9105=DIRECTION('center_axis',(0.,1.,0.));
#9106=DIRECTION('ref_axis',(1.,0.,0.));
#9107=DIRECTION('center_axis',(0.,-1.,0.));
#9108=DIRECTION('ref_axis',(1.,0.,0.));
#9109=DIRECTION('',(0.,1.,0.));
#9110=DIRECTION('center_axis',(0.,-1.,0.));
#9111=DIRECTION('ref_axis',(1.,0.,0.));
#9112=DIRECTION('center_axis',(0.,1.,0.));
#9113=DIRECTION('ref_axis',(1.,0.,0.));
#9114=DIRECTION('center_axis',(0.,1.,0.));
#9115=DIRECTION('ref_axis',(1.,0.,0.));
#9116=DIRECTION('center_axis',(0.,1.,0.));
#9117=DIRECTION('ref_axis',(1.,0.,0.));
#9118=DIRECTION('center_axis',(0.,1.,0.));
#9119=DIRECTION('ref_axis',(1.,0.,0.));
#9120=DIRECTION('center_axis',(0.,-1.,0.));
#9121=DIRECTION('ref_axis',(-1.07009448156642E-15,0.,1.));
#9122=DIRECTION('',(0.,1.,0.));
#9123=DIRECTION('',(0.,1.,0.));
#9124=DIRECTION('center_axis',(1.,0.,0.));
#9125=DIRECTION('ref_axis',(0.,0.,1.));
#9126=DIRECTION('',(0.,1.,0.));
#9127=DIRECTION('center_axis',(0.,-1.,0.));
#9128=DIRECTION('ref_axis',(1.,0.,1.07009448156642E-15));
#9129=DIRECTION('',(0.,1.,0.));
#9130=DIRECTION('center_axis',(-1.48029733749128E-16,0.,-1.));
#9131=DIRECTION('ref_axis',(1.,0.,-1.48029733749128E-16));
#9132=DIRECTION('',(0.,1.,0.));
#9133=DIRECTION('center_axis',(0.,-1.,0.));
#9134=DIRECTION('ref_axis',(8.69451766272714E-16,0.,-1.));
#9135=DIRECTION('',(0.,1.,0.));
#9136=DIRECTION('center_axis',(-1.,0.,-3.33066907387536E-15));
#9137=DIRECTION('ref_axis',(3.33066907387536E-15,0.,-1.));
#9138=DIRECTION('center_axis',(0.,0.,1.));
#9139=DIRECTION('ref_axis',(-1.,0.,0.));
#9140=CARTESIAN_POINT('',(0.,0.,0.));
#9141=CARTESIAN_POINT('Origin',(-7.60000000000013,41.8999991841614,-14.0000001639128));
#9142=CARTESIAN_POINT('',(-6.80000000000014,41.8999991841614,-11.8000001639128));
#9143=CARTESIAN_POINT('',(-7.60000000000014,41.8999991841614,-11.0000001639128));
#9144=CARTESIAN_POINT('Origin',(-7.60000000000014,41.8999991841614,-11.8000001639128));
#9145=CARTESIAN_POINT('',(-7.60000000000013,44.8999991841614,-14.0000001639128));
#9146=CARTESIAN_POINT('Origin',(-7.60000000000013,41.8999991841614,-14.0000001639128));
#9147=CARTESIAN_POINT('',(-6.80000000000013,44.0999991841614,-14.0000001639128));
#9148=CARTESIAN_POINT('Origin',(-7.60000000000013,44.0999991841614,-14.0000001639128));
#9149=CARTESIAN_POINT('Origin',(-6.80000000000013,41.8999991841614,-14.0000001639128));
#9150=CARTESIAN_POINT('Origin',(-7.60000000000009,44.0999991841614,-31.4522714201119));
#9151=CARTESIAN_POINT('',(-7.60000000000006,44.8999991841614,-35.2696951721783));
#9152=CARTESIAN_POINT('',(-6.80000000000007,44.0999991841614,-35.2696951721783));
#9153=CARTESIAN_POINT('Origin',(-7.60000000000007,44.0999991841614,-35.2696951721783));
#9154=CARTESIAN_POINT('',(-6.80000000000009,44.0999991841614,-31.4522714201119));
#9155=CARTESIAN_POINT('',(-7.6000000000001,44.8999991841614,-23.6348475860891));
#9156=CARTESIAN_POINT('Origin',(-7.60000000000007,41.8999991841614,-35.2696951721783));
#9157=CARTESIAN_POINT('',(-7.60000000000005,41.8999991841614,-38.2696951721783));
#9158=CARTESIAN_POINT('Origin',(-7.60000000000007,41.8999991841614,-35.2696951721783));
#9159=CARTESIAN_POINT('',(-6.80000000000007,41.8999991841614,-37.4696951721783));
#9160=CARTESIAN_POINT('Origin',(-7.60000000000007,41.8999991841614,-37.4696951721783));
#9161=CARTESIAN_POINT('Origin',(-6.80000000000007,41.8999991841614,-35.2696951721783));
#9162=CARTESIAN_POINT('Origin',(-7.60000000000007,29.9750000754371,-37.4696951721783));
#9163=CARTESIAN_POINT('',(-7.60000000000005,28.000000372529,-38.2696951721783));
#9164=CARTESIAN_POINT('',(-6.80000000000007,28.000000372529,-37.4696951721783));
#9165=CARTESIAN_POINT('Origin',(-7.60000000000007,28.000000372529,-37.4696951721783));
#9166=CARTESIAN_POINT('',(-6.80000000000007,29.9750000754371,-37.4696951721783));
#9167=CARTESIAN_POINT('',(-7.60000000000005,11.5000001862645,-38.2696951721783));
#9168=CARTESIAN_POINT('Origin',(-7.60000000000007,28.000000372529,-35.2696951721783));
#9169=CARTESIAN_POINT('',(-7.60000000000006,25.000000372529,-35.2696951721783));
#9170=CARTESIAN_POINT('Origin',(-7.60000000000007,28.000000372529,-35.2696951721783));
#9171=CARTESIAN_POINT('',(-6.80000000000007,25.800000372529,-35.2696951721783));
#9172=CARTESIAN_POINT('Origin',(-7.60000000000007,25.800000372529,-35.2696951721783));
#9173=CARTESIAN_POINT('Origin',(-6.80000000000007,28.000000372529,-35.2696951721783));
#9174=CARTESIAN_POINT('Origin',(-7.60000000000012,25.800000372529,-17.8174239159792));
#9175=CARTESIAN_POINT('',(-7.60000000000013,25.000000372529,-14.0000001639128));
#9176=CARTESIAN_POINT('',(-6.80000000000013,25.800000372529,-14.0000001639128));
#9177=CARTESIAN_POINT('Origin',(-7.60000000000013,25.800000372529,-14.0000001639128));
#9178=CARTESIAN_POINT('',(-6.80000000000012,25.800000372529,-17.8174239159792));
#9179=CARTESIAN_POINT('',(-7.60000000000014,25.000000372529,-10.0000000819564));
#9180=CARTESIAN_POINT('Origin',(-7.60000000000013,28.000000372529,-14.0000001639128));
#9181=CARTESIAN_POINT('',(-7.60000000000014,28.000000372529,-11.0000001639128));
#9182=CARTESIAN_POINT('Origin',(-7.60000000000013,28.000000372529,-14.0000001639128));
#9183=CARTESIAN_POINT('',(-6.80000000000014,28.000000372529,-11.8000001639128));
#9184=CARTESIAN_POINT('Origin',(-7.60000000000014,28.000000372529,-11.8000001639128));
#9185=CARTESIAN_POINT('Origin',(-6.80000000000013,28.000000372529,-14.0000001639128));
#9186=CARTESIAN_POINT('Origin',(-7.60000000000014,39.9249994812533,-11.8000001639128));
#9187=CARTESIAN_POINT('',(-6.80000000000014,39.9249994812533,-11.8000001639128));
#9188=CARTESIAN_POINT('',(-7.60000000000014,21.4499995920807,-11.0000001639128));
#9189=CARTESIAN_POINT('Origin',(-6.8000000000001,34.9499997783452,-24.6348476680455));
#9190=CARTESIAN_POINT('',(-6.80000000000007,26.7912704738899,-36.9928947233249));
#9191=CARTESIAN_POINT('',(-6.80000000000007,30.7912705334946,-36.9928947233249));
#9192=CARTESIAN_POINT('',(-6.80000000000007,32.8706351559199,-36.9928947233249));
#9193=CARTESIAN_POINT('',(-6.80000000000007,30.7912705334946,-35.4922126375725));
#9194=CARTESIAN_POINT('',(-6.80000000000009,30.7912705334946,-30.063530152809));
#9195=CARTESIAN_POINT('',(-6.80000000000008,30.669851699762,-34.7568781816055));
#9196=CARTESIAN_POINT('Ctrl Pts',(-6.80000000000007,30.7912705334946,-35.4922126375725));
#9197=CARTESIAN_POINT('Ctrl Pts',(-6.80000000000008,30.7887312211372,-35.3532014087356));
#9198=CARTESIAN_POINT('Ctrl Pts',(-6.80000000000008,30.7841383274782,-35.1017696423387));
#9199=CARTESIAN_POINT('Ctrl Pts',(-6.80000000000008,30.7051631818773,-34.8634403305704));
#9200=CARTESIAN_POINT('Ctrl Pts',(-6.80000000000008,30.669851699762,-34.7568781816055));
#9201=CARTESIAN_POINT('',(-6.80000000000008,30.2960453423782,-34.3230445825149));
#9202=CARTESIAN_POINT('Ctrl Pts',(-6.80000000000008,30.669851699762,-34.7568781816055));
#9203=CARTESIAN_POINT('Ctrl Pts',(-6.80000000000008,30.6241191431415,-34.6696888553808));
#9204=CARTESIAN_POINT('Ctrl Pts',(-6.80000000000008,30.5330778529381,-34.496118223471));
#9205=CARTESIAN_POINT('Ctrl Pts',(-6.80000000000008,30.3748105862207,-34.3805564719195));
#9206=CARTESIAN_POINT('Ctrl Pts',(-6.80000000000008,30.2960453423782,-34.3230445825149));
#9207=CARTESIAN_POINT('',(-6.80000000000008,29.7680781277939,-34.1661556207229));
#9208=CARTESIAN_POINT('Ctrl Pts',(-6.80000000000008,30.2960453423782,-34.3230445825149));
#9209=CARTESIAN_POINT('Ctrl Pts',(-6.80000000000008,30.2119041953122,-34.277290628189));
#9210=CARTESIAN_POINT('Ctrl Pts',(-6.80000000000008,30.046918503286,-34.1875753333468));
#9211=CARTESIAN_POINT('Ctrl Pts',(-6.80000000000008,29.8597784961031,-34.1731997782744));
#9212=CARTESIAN_POINT('Ctrl Pts',(-6.80000000000008,29.7680781277939,-34.1661556207229));
#9213=CARTESIAN_POINT('',(-6.80000000000008,29.2851311954781,-34.305309220462));
#9214=CARTESIAN_POINT('Ctrl Pts',(-6.80000000000008,29.7680781277939,-34.1661556207229));
#9215=CARTESIAN_POINT('Ctrl Pts',(-6.80000000000008,29.6834856116105,-34.1721696925694));
#9216=CARTESIAN_POINT('Ctrl Pts',(-6.80000000000008,29.5126866050026,-34.1843125811297));
#9217=CARTESIAN_POINT('Ctrl Pts',(-6.80000000000008,29.3614593419914,-34.2647237242355));
#9218=CARTESIAN_POINT('Ctrl Pts',(-6.80000000000008,29.2851311954781,-34.305309220462));
#9219=CARTESIAN_POINT('',(-6.80000000000008,28.9195103439613,-34.7255005084564));
#9220=CARTESIAN_POINT('Ctrl Pts',(-6.80000000000008,29.2851311954781,-34.305309220462));
#9221=CARTESIAN_POINT('Ctrl Pts',(-6.80000000000008,29.2123642274328,-34.3595045194174));
#9222=CARTESIAN_POINT('Ctrl Pts',(-6.80000000000008,29.0601732244266,-34.4728531599861));
#9223=CARTESIAN_POINT('Ctrl Pts',(-6.80000000000008,28.9677456124216,-34.6388642001502));
#9224=CARTESIAN_POINT('Ctrl Pts',(-6.80000000000008,28.9195103439613,-34.7255005084564));
#9225=CARTESIAN_POINT('',(-6.80000000000008,28.5566181930824,-34.1675193749954));
#9226=CARTESIAN_POINT('Ctrl Pts',(-6.80000000000008,28.9195103439613,-34.7255005084564));
#9227=CARTESIAN_POINT('Ctrl Pts',(-6.80000000000008,28.8797690005099,-34.6130814861864));
#9228=CARTESIAN_POINT('Ctrl Pts',(-6.80000000000008,28.8035674897383,-34.3975251261729));
#9229=CARTESIAN_POINT('Ctrl Pts',(-6.80000000000008,28.6365372288022,-34.2419550510351));
#9230=CARTESIAN_POINT('Ctrl Pts',(-6.80000000000008,28.5566181930824,-34.1675193749954));
#9231=CARTESIAN_POINT('',(-6.80000000000008,27.9508883747383,-33.9724309884597));
#9232=CARTESIAN_POINT('Ctrl Pts',(-6.80000000000008,28.5566181930824,-34.1675193749954));
#9233=CARTESIAN_POINT('Ctrl Pts',(-6.80000000000008,28.4660426245509,-34.1106261388306));
#9234=CARTESIAN_POINT('Ctrl Pts',(-6.80000000000008,28.2808593718762,-33.9943069735304));
#9235=CARTESIAN_POINT('Ctrl Pts',(-6.80000000000008,28.0624637968326,-33.9798280696855));
#9236=CARTESIAN_POINT('Ctrl Pts',(-6.80000000000008,27.9508883747383,-33.9724309884597));
#9237=CARTESIAN_POINT('',(-6.80000000000008,27.4283782634064,-34.0911211215545));
#9238=CARTESIAN_POINT('Ctrl Pts',(-6.80000000000008,27.9508883747383,-33.9724309884597));
#9239=CARTESIAN_POINT('Ctrl Pts',(-6.80000000000008,27.8593241251696,-33.9771486572296));
#9240=CARTESIAN_POINT('Ctrl Pts',(-6.80000000000008,27.6782445951576,-33.9864784256448));
#9241=CARTESIAN_POINT('Ctrl Pts',(-6.80000000000008,27.5110363702725,-34.0565043443335));
#9242=CARTESIAN_POINT('Ctrl Pts',(-6.80000000000008,27.4283782634064,-34.0911211215545));
#9243=CARTESIAN_POINT('',(-6.80000000000008,27.0559359583183,-34.3844361745407));
#9244=CARTESIAN_POINT('Ctrl Pts',(-6.80000000000008,27.4283782634064,-34.0911211215545));
#9245=CARTESIAN_POINT('Ctrl Pts',(-6.80000000000008,27.3538415517323,-34.1312678387363));
#9246=CARTESIAN_POINT('Ctrl Pts',(-6.80000000000008,27.2124455158592,-34.2074261040437));
#9247=CARTESIAN_POINT('Ctrl Pts',(-6.80000000000008,27.1061825557852,-34.3276079916514));
#9248=CARTESIAN_POINT('Ctrl Pts',(-6.80000000000008,27.0559359583183,-34.3844361745407));
#9249=CARTESIAN_POINT('',(-6.80000000000008,26.8581188711449,-34.822362824588));
#9250=CARTESIAN_POINT('Ctrl Pts',(-6.80000000000008,27.0559359583183,-34.3844361745407));
#9251=CARTESIAN_POINT('Ctrl Pts',(-6.80000000000008,27.0144091989123,-34.4485608623897));
#9252=CARTESIAN_POINT('Ctrl Pts',(-6.80000000000008,26.9264218178511,-34.5844289971995));
#9253=CARTESIAN_POINT('Ctrl Pts',(-6.80000000000008,26.8817220285049,-34.7401410488091));
#9254=CARTESIAN_POINT('Ctrl Pts',(-6.80000000000008,26.8581188711449,-34.822362824588));
#9255=CARTESIAN_POINT('',(-6.80000000000007,26.7912704738899,-35.4676559709598));
#9256=CARTESIAN_POINT('Ctrl Pts',(-6.80000000000008,26.8581188711449,-34.822362824588));
#9257=CARTESIAN_POINT('Ctrl Pts',(-6.80000000000008,26.8386587523,-34.9197216908065));
#9258=CARTESIAN_POINT('Ctrl Pts',(-6.80000000000008,26.7961060509431,-35.1326126187427));
#9259=CARTESIAN_POINT('Ctrl Pts',(-6.80000000000008,26.7929715246816,-35.3497950097426));
#9260=CARTESIAN_POINT('Ctrl Pts',(-6.80000000000007,26.7912704738899,-35.4676559709598));
#9261=CARTESIAN_POINT('',(-6.80000000000009,26.7912704738899,-30.8138711956852));
#9262=CARTESIAN_POINT('',(-6.80000000000009,29.6889511737152,-30.5590619288971));
#9263=CARTESIAN_POINT('',(-6.80000000000009,29.6889511737152,-28.2780249558975));
#9264=CARTESIAN_POINT('',(-6.8000000000001,29.6889511737152,-26.4564363119715));
#9265=CARTESIAN_POINT('',(-6.80000000000009,26.7912704738899,-28.2780249558975));
#9266=CARTESIAN_POINT('',(-6.80000000000009,30.8706351261176,-28.2780249558975));
#9267=CARTESIAN_POINT('',(-6.80000000000009,26.7912704738899,-28.7664289914657));
#9268=CARTESIAN_POINT('',(-6.8000000000001,26.7912704738899,-26.7006383297556));
#9269=CARTESIAN_POINT('',(-6.80000000000009,29.2824030908867,-28.7664289914657));
#9270=CARTESIAN_POINT('',(-6.80000000000009,32.116201434616,-28.7664289914657));
#9271=CARTESIAN_POINT('',(-6.80000000000009,29.2824030908867,-30.067929192691));
#9272=CARTESIAN_POINT('',(-6.8000000000001,29.2824030908867,-27.3513884303683));
#9273=CARTESIAN_POINT('',(-6.80000000000009,27.8390193971916,-30.067929192691));
#9274=CARTESIAN_POINT('',(-6.80000000000009,31.3945095877684,-30.067929192691));
#9275=CARTESIAN_POINT('',(-6.80000000000009,27.1732623371407,-30.1006718122055));
#9276=CARTESIAN_POINT('Ctrl Pts',(-6.80000000000009,27.8390193971916,-30.067929192691));
#9277=CARTESIAN_POINT('Ctrl Pts',(-6.80000000000009,27.699203765059,-30.0671754721863));
#9278=CARTESIAN_POINT('Ctrl Pts',(-6.80000000000009,27.4765651226911,-30.0659752679793));
#9279=CARTESIAN_POINT('Ctrl Pts',(-6.80000000000009,27.2554999911897,-30.0912641755575));
#9280=CARTESIAN_POINT('Ctrl Pts',(-6.80000000000009,27.1732623371407,-30.1006718122055));
#9281=CARTESIAN_POINT('',(-6.80000000000009,26.8922252449318,-30.280753537326));
#9282=CARTESIAN_POINT('Ctrl Pts',(-6.80000000000009,27.1732623371407,-30.1006718122055));
#9283=CARTESIAN_POINT('Ctrl Pts',(-6.80000000000009,27.1205777178356,-30.117276339905));
#9284=CARTESIAN_POINT('Ctrl Pts',(-6.80000000000009,27.0108475607502,-30.1518598190461));
#9285=CARTESIAN_POINT('Ctrl Pts',(-6.80000000000009,26.9327999450046,-30.236665509501));
#9286=CARTESIAN_POINT('Ctrl Pts',(-6.80000000000009,26.8922252449318,-30.280753537326));
#9287=CARTESIAN_POINT('',(-6.80000000000009,26.7721707615181,-30.7064016305496));
#9288=CARTESIAN_POINT('Ctrl Pts',(-6.80000000000009,26.8922252449318,-30.280753537326));
#9289=CARTESIAN_POINT('Ctrl Pts',(-6.80000000000009,26.8573050748821,-30.3393024907596));
#9290=CARTESIAN_POINT('Ctrl Pts',(-6.80000000000009,26.7794766606078,-30.4697936137025));
#9291=CARTESIAN_POINT('Ctrl Pts',(-6.80000000000009,26.7747671834029,-30.6223142067416));
#9292=CARTESIAN_POINT('Ctrl Pts',(-6.80000000000009,26.7721707615181,-30.7064016305496));
#9293=CARTESIAN_POINT('',(-6.80000000000009,26.7939991745278,-31.1020358048965));
#9294=CARTESIAN_POINT('Ctrl Pts',(-6.80000000000009,26.7721707615181,-30.7064016305496));
#9295=CARTESIAN_POINT('Ctrl Pts',(-6.80000000000009,26.7733003256864,-30.7680574409861));
#9296=CARTESIAN_POINT('Ctrl Pts',(-6.80000000000009,26.775721159954,-30.9001955725781));
#9297=CARTESIAN_POINT('Ctrl Pts',(-6.80000000000009,26.7876410952924,-31.0318248864849));
#9298=CARTESIAN_POINT('Ctrl Pts',(-6.80000000000009,26.7939991745278,-31.1020358048965));
#9299=CARTESIAN_POINT('',(-6.80000000000009,27.2032759579941,-31.1020358048965));
#9300=CARTESIAN_POINT('',(-6.80000000000009,31.0766378681697,-31.1020358048965));
#9301=CARTESIAN_POINT('',(-6.80000000000009,27.2032759579941,-30.8864833556701));
#9302=CARTESIAN_POINT('',(-6.80000000000009,27.2032759579941,-27.7606655118578));
#9303=CARTESIAN_POINT('',(-6.80000000000009,27.2346539291664,-30.6682022058059));
#9304=CARTESIAN_POINT('Ctrl Pts',(-6.80000000000009,27.2032759579941,-30.8864833556701));
#9305=CARTESIAN_POINT('Ctrl Pts',(-6.80000000000009,27.203295736412,-30.8424042208972));
#9306=CARTESIAN_POINT('Ctrl Pts',(-6.80000000000009,27.2033291465755,-30.7679447215173));
#9307=CARTESIAN_POINT('Ctrl Pts',(-6.80000000000009,27.2255766728618,-30.6971054672076));
#9308=CARTESIAN_POINT('Ctrl Pts',(-6.80000000000009,27.2346539291664,-30.6682022058059));
#9309=CARTESIAN_POINT('',(-6.80000000000009,27.3342446479126,-30.5808897458603));
#9310=CARTESIAN_POINT('Ctrl Pts',(-6.80000000000009,27.2346539291664,-30.6682022058059));
#9311=CARTESIAN_POINT('Ctrl Pts',(-6.80000000000009,27.2466031946857,-30.6482073855395));
#9312=CARTESIAN_POINT('Ctrl Pts',(-6.80000000000009,27.2704088522658,-30.608373151053));
#9313=CARTESIAN_POINT('Ctrl Pts',(-6.80000000000009,27.3130214644915,-30.5900270228932));
#9314=CARTESIAN_POINT('Ctrl Pts',(-6.80000000000009,27.3342446479126,-30.5808897458603));
#9315=CARTESIAN_POINT('',(-6.80000000000009,27.7789921554848,-30.5590619288971));
#9316=CARTESIAN_POINT('Ctrl Pts',(-6.80000000000009,27.3342446479126,-30.5808897458603));
#9317=CARTESIAN_POINT('Ctrl Pts',(-6.80000000000009,27.3826267670437,-30.5746833308856));
#9318=CARTESIAN_POINT('Ctrl Pts',(-6.80000000000009,27.5301155493339,-30.5557636017908));
#9319=CARTESIAN_POINT('Ctrl Pts',(-6.80000000000009,27.6789686942687,-30.5577363318532));
#9320=CARTESIAN_POINT('Ctrl Pts',(-6.80000000000009,27.7789921554848,-30.5590619288971));
#9321=CARTESIAN_POINT('',(-6.80000000000009,32.3194754760302,-30.5590619288971));
#9322=CARTESIAN_POINT('',(-6.80000000000013,29.6889511737152,-15.494941040187));
#9323=CARTESIAN_POINT('',(-6.80000000000014,29.6889511737152,-13.2139046632339));
#9324=CARTESIAN_POINT('',(-6.80000000000012,29.6889511737152,-18.9243761656397));
#9325=CARTESIAN_POINT('',(-6.80000000000014,26.7912704738899,-13.2139046632339));
#9326=CARTESIAN_POINT('',(-6.80000000000014,30.8706351261176,-13.2139046632339));
#9327=CARTESIAN_POINT('',(-6.80000000000013,26.7912704738899,-13.7023098908951));
#9328=CARTESIAN_POINT('',(-6.80000000000012,26.7912704738899,-19.1685787794703));
#9329=CARTESIAN_POINT('',(-6.80000000000013,29.2824030908867,-13.7023098908951));
#9330=CARTESIAN_POINT('',(-6.80000000000013,32.116201434616,-13.7023098908951));
#9331=CARTESIAN_POINT('',(-6.80000000000013,29.2824030908867,-15.003808303981));
#9332=CARTESIAN_POINT('',(-6.80000000000012,29.2824030908867,-19.8193279860133));
#9333=CARTESIAN_POINT('',(-6.80000000000013,27.8390193971916,-15.003808303981));
#9334=CARTESIAN_POINT('',(-6.80000000000013,31.3945095877684,-15.003808303981));
#9335=CARTESIAN_POINT('',(-6.80000000000013,27.1732623371407,-15.0365527116348));
#9336=CARTESIAN_POINT('Ctrl Pts',(-6.80000000000013,27.8390193971916,-15.003808303981));
#9337=CARTESIAN_POINT('Ctrl Pts',(-6.80000000000013,27.6992037686921,-15.0030553662094));
#9338=CARTESIAN_POINT('Ctrl Pts',(-6.80000000000013,27.4765651390184,-15.0018564084427));
#9339=CARTESIAN_POINT('Ctrl Pts',(-6.80000000000013,27.2554999924767,-15.0271451407001));
#9340=CARTESIAN_POINT('Ctrl Pts',(-6.80000000000013,27.1732623371407,-15.0365527116348));
#9341=CARTESIAN_POINT('',(-6.80000000000013,26.8922252449318,-15.2166350328018));
#9342=CARTESIAN_POINT('Ctrl Pts',(-6.80000000000013,27.1732623371407,-15.0365527116348));
#9343=CARTESIAN_POINT('Ctrl Pts',(-6.80000000000013,27.1205776681911,-15.0531569688358));
#9344=CARTESIAN_POINT('Ctrl Pts',(-6.80000000000013,27.0108470690732,-15.0877399913146));
#9345=CARTESIAN_POINT('Ctrl Pts',(-6.80000000000013,26.9327998529139,-15.1725464696977));
#9346=CARTESIAN_POINT('Ctrl Pts',(-6.80000000000013,26.8922252449318,-15.2166350328018));
#9347=CARTESIAN_POINT('',(-6.80000000000013,26.7721707615181,-15.6422837220718));
#9348=CARTESIAN_POINT('Ctrl Pts',(-6.80000000000013,26.8922252449318,-15.2166350328018));
#9349=CARTESIAN_POINT('Ctrl Pts',(-6.80000000000013,26.8573050725559,-15.2751841877595));
#9350=CARTESIAN_POINT('Ctrl Pts',(-6.80000000000013,26.7794767667134,-15.4056755693543));
#9351=CARTESIAN_POINT('Ctrl Pts',(-6.80000000000013,26.774767219123,-15.5581963143748));
#9352=CARTESIAN_POINT('Ctrl Pts',(-6.80000000000013,26.7721707615181,-15.6422837220718));
#9353=CARTESIAN_POINT('',(-6.80000000000013,26.7939991745278,-16.0379155122329));
#9354=CARTESIAN_POINT('Ctrl Pts',(-6.80000000000013,26.7721707615181,-15.6422837220718));
#9355=CARTESIAN_POINT('Ctrl Pts',(-6.80000000000013,26.7733003269031,-15.7039391352955));
#9356=CARTESIAN_POINT('Ctrl Pts',(-6.80000000000013,26.7757211648392,-15.8360764734886));
#9357=CARTESIAN_POINT('Ctrl Pts',(-6.80000000000013,26.7876410954026,-15.9677049914629));
#9358=CARTESIAN_POINT('Ctrl Pts',(-6.80000000000013,26.7939991745278,-16.0379155122329));
#9359=CARTESIAN_POINT('',(-6.80000000000013,27.2032759579941,-16.0379155122329));
#9360=CARTESIAN_POINT('',(-6.80000000000013,31.0766378681697,-16.0379155122329));
#9361=CARTESIAN_POINT('',(-6.80000000000013,27.2032759579941,-15.8223660432388));
#9362=CARTESIAN_POINT('',(-6.80000000000012,27.2032759579941,-20.2286068556422));
#9363=CARTESIAN_POINT('',(-6.80000000000013,27.2346539291664,-15.6040842973282));
#9364=CARTESIAN_POINT('Ctrl Pts',(-6.80000000000013,27.2032759579941,-15.8223660432388));
#9365=CARTESIAN_POINT('Ctrl Pts',(-6.80000000000013,27.2032958128476,-15.7782871238124));
#9366=CARTESIAN_POINT('Ctrl Pts',(-6.80000000000013,27.2033293523642,-15.7038274637366));
#9367=CARTESIAN_POINT('Ctrl Pts',(-6.80000000000013,27.2255766666112,-15.6329879570743));
#9368=CARTESIAN_POINT('Ctrl Pts',(-6.80000000000013,27.2346539291664,-15.6040842973282));
#9369=CARTESIAN_POINT('',(-6.80000000000013,27.3342446479126,-15.5167706452896));
#9370=CARTESIAN_POINT('Ctrl Pts',(-6.80000000000013,27.2346539291664,-15.6040842973282));
#9371=CARTESIAN_POINT('Ctrl Pts',(-6.80000000000013,27.2466033744912,-15.5840901170622));
#9372=CARTESIAN_POINT('Ctrl Pts',(-6.80000000000013,27.2704097603179,-15.5442565384514));
#9373=CARTESIAN_POINT('Ctrl Pts',(-6.80000000000013,27.3130215444594,-15.525908845043));
#9374=CARTESIAN_POINT('Ctrl Pts',(-6.80000000000013,27.3342446479126,-15.5167706452896));
#9375=CARTESIAN_POINT('',(-6.80000000000013,27.7789921554848,-15.494941040187));
#9376=CARTESIAN_POINT('Ctrl Pts',(-6.80000000000013,27.3342446479126,-15.5167706452896));
#9377=CARTESIAN_POINT('Ctrl Pts',(-6.80000000000013,27.3826267600082,-15.5105637833701));
#9378=CARTESIAN_POINT('Ctrl Pts',(-6.80000000000013,27.5301154339685,-15.4916427029477));
#9379=CARTESIAN_POINT('Ctrl Pts',(-6.80000000000013,27.6789686651074,-15.4936154392988));
#9380=CARTESIAN_POINT('Ctrl Pts',(-6.80000000000013,27.7789921554848,-15.494941040187));
#9381=CARTESIAN_POINT('',(-6.80000000000013,32.3194754760302,-15.494941040187));
#9382=CARTESIAN_POINT('',(-6.80000000000012,29.6889511737152,-19.5003982030441));
#9383=CARTESIAN_POINT('',(-6.80000000000012,29.6889511737152,-19.0092666589309));
#9384=CARTESIAN_POINT('',(-6.80000000000011,29.6889511737152,-21.8220571634882));
#9385=CARTESIAN_POINT('',(-6.80000000000012,26.7912704738899,-19.0092666589309));
#9386=CARTESIAN_POINT('',(-6.80000000000012,30.8706351261176,-19.0092666589309));
#9387=CARTESIAN_POINT('',(-6.80000000000012,26.7912704738899,-19.5003982030441));
#9388=CARTESIAN_POINT('',(-6.80000000000011,26.7912704738899,-22.0676229355448));
#9389=CARTESIAN_POINT('',(-6.80000000000012,32.3194754760302,-19.5003982030441));
#9390=CARTESIAN_POINT('',(-6.80000000000012,29.6889511737152,-18.2452829324295));
#9391=CARTESIAN_POINT('',(-6.80000000000012,29.6889511737152,-17.7541501962234));
#9392=CARTESIAN_POINT('',(-6.80000000000011,29.6889511737152,-21.1944989321345));
#9393=CARTESIAN_POINT('',(-6.80000000000012,28.4365637096687,-17.7541501962234));
#9394=CARTESIAN_POINT('',(-6.80000000000012,31.693281744007,-17.7541501962234));
#9395=CARTESIAN_POINT('',(-6.80000000000012,28.5266048702522,-17.425363823085));
#9396=CARTESIAN_POINT('Ctrl Pts',(-6.80000000000012,28.4365637096687,-17.7541501962234));
#9397=CARTESIAN_POINT('Ctrl Pts',(-6.80000000000012,28.4372645942137,-17.6855622618186));
#9398=CARTESIAN_POINT('Ctrl Pts',(-6.80000000000012,28.4384745711034,-17.5671550061003));
#9399=CARTESIAN_POINT('Ctrl Pts',(-6.80000000000012,28.500505595285,-17.4673544563767));
#9400=CARTESIAN_POINT('Ctrl Pts',(-6.80000000000012,28.5266048702522,-17.425363823085));
#9401=CARTESIAN_POINT('',(-6.80000000000013,29.0504790338799,-17.1484215699722));
#9402=CARTESIAN_POINT('Ctrl Pts',(-6.80000000000012,28.5266048702522,-17.425363823085));
#9403=CARTESIAN_POINT('Ctrl Pts',(-6.80000000000013,28.5843492152035,-17.3849479796187));
#9404=CARTESIAN_POINT('Ctrl Pts',(-6.80000000000013,28.7469865992245,-17.271116451009));
#9405=CARTESIAN_POINT('Ctrl Pts',(-6.80000000000013,28.9314860481929,-17.1965276462889));
#9406=CARTESIAN_POINT('Ctrl Pts',(-6.80000000000013,29.0504790338799,-17.1484215699722));
#9407=CARTESIAN_POINT('',(-6.80000000000013,29.5034123453423,-16.9137700044204));
#9408=CARTESIAN_POINT('Ctrl Pts',(-6.80000000000013,29.0504790338799,-17.1484215699722));
#9409=CARTESIAN_POINT('Ctrl Pts',(-6.80000000000013,29.1473850289771,-17.1082409827113));
#9410=CARTESIAN_POINT('Ctrl Pts',(-6.80000000000013,29.3052111749802,-17.0428007875493));
#9411=CARTESIAN_POINT('Ctrl Pts',(-6.80000000000013,29.448213947112,-16.9497046688732));
#9412=CARTESIAN_POINT('Ctrl Pts',(-6.80000000000013,29.5034123453423,-16.9137700044204));
#9413=CARTESIAN_POINT('',(-6.80000000000013,29.6507520469948,-16.7064030610611));
#9414=CARTESIAN_POINT('Ctrl Pts',(-6.80000000000013,29.5034123453423,-16.9137700044204));
#9415=CARTESIAN_POINT('Ctrl Pts',(-6.80000000000013,29.5365801586943,-16.8833792850278));
#9416=CARTESIAN_POINT('Ctrl Pts',(-6.80000000000013,29.6005930502197,-16.8247261020996));
#9417=CARTESIAN_POINT('Ctrl Pts',(-6.80000000000013,29.6344417867021,-16.7448783042287));
#9418=CARTESIAN_POINT('Ctrl Pts',(-6.80000000000013,29.6507520469948,-16.7064030610611));
#9419=CARTESIAN_POINT('',(-6.80000000000013,29.6889511737152,-16.329868599086));
#9420=CARTESIAN_POINT('Ctrl Pts',(-6.80000000000013,29.6507520469948,-16.7064030610611));
#9421=CARTESIAN_POINT('Ctrl Pts',(-6.80000000000013,29.6618055757353,-16.655642674005));
#9422=CARTESIAN_POINT('Ctrl Pts',(-6.80000000000013,29.688781702668,-16.531761995126));
#9423=CARTESIAN_POINT('Ctrl Pts',(-6.80000000000013,29.6888882716271,-16.4048047985523));
#9424=CARTESIAN_POINT('Ctrl Pts',(-6.80000000000013,29.6889511737152,-16.329868599086));
#9425=CARTESIAN_POINT('',(-6.80000000000013,29.6889511737152,-16.2316401444961));
#9426=CARTESIAN_POINT('',(-6.80000000000012,29.6889511737152,-20.4332439062708));
#9427=CARTESIAN_POINT('',(-6.80000000000013,29.2824027928635,-16.2316401444961));
#9428=CARTESIAN_POINT('',(-6.80000000000013,32.1162012856043,-16.2316401444961));
#9429=CARTESIAN_POINT('',(-6.80000000000013,29.2851311954781,-16.3680680238296));
#9430=CARTESIAN_POINT('',(-6.80000000000011,29.3688936405427,-20.5564281605751));
#9431=CARTESIAN_POINT('',(-6.80000000000013,29.227832654409,-16.6163619004776));
#9432=CARTESIAN_POINT('Ctrl Pts',(-6.80000000000013,29.2851311954781,-16.3680680238296));
#9433=CARTESIAN_POINT('Ctrl Pts',(-6.80000000000013,29.2859931330752,-16.4226006468907));
#9434=CARTESIAN_POINT('Ctrl Pts',(-6.80000000000013,29.2873906423633,-16.5110175432951));
#9435=CARTESIAN_POINT('Ctrl Pts',(-6.80000000000013,29.2443335525426,-16.5871756138597));
#9436=CARTESIAN_POINT('Ctrl Pts',(-6.80000000000013,29.227832654409,-16.6163619004776));
#9437=CARTESIAN_POINT('',(-6.80000000000013,28.8703973087593,-16.7909844361831));
#9438=CARTESIAN_POINT('Ctrl Pts',(-6.80000000000013,29.227832654409,-16.6163619004776));
#9439=CARTESIAN_POINT('Ctrl Pts',(-6.80000000000013,29.1885579944753,-16.6414659601909));
#9440=CARTESIAN_POINT('Ctrl Pts',(-6.80000000000013,29.0763633388368,-16.7131799187439));
#9441=CARTESIAN_POINT('Ctrl Pts',(-6.80000000000013,28.9515310381513,-16.7603358352414));
#9442=CARTESIAN_POINT('Ctrl Pts',(-6.80000000000013,28.8703973087593,-16.7909844361831));
#9443=CARTESIAN_POINT('',(-6.80000000000013,28.4774912390038,-16.9956238709976));
#9444=CARTESIAN_POINT('Ctrl Pts',(-6.80000000000013,28.8703973087593,-16.7909844361831));
#9445=CARTESIAN_POINT('Ctrl Pts',(-6.80000000000013,28.7885354518835,-16.8232918944691));
#9446=CARTESIAN_POINT('Ctrl Pts',(-6.80000000000013,28.6502292809343,-16.8778755677347));
#9447=CARTESIAN_POINT('Ctrl Pts',(-6.80000000000013,28.5275557114492,-16.9614970126732));
#9448=CARTESIAN_POINT('Ctrl Pts',(-6.80000000000013,28.4774912390038,-16.9956238709976));
#9449=CARTESIAN_POINT('',(-6.80000000000013,28.2783098015114,-17.2821171723892));
#9450=CARTESIAN_POINT('Ctrl Pts',(-6.80000000000013,28.4774912390038,-16.9956238709976));
#9451=CARTESIAN_POINT('Ctrl Pts',(-6.80000000000013,28.4406745163654,-17.0335167877142));
#9452=CARTESIAN_POINT('Ctrl Pts',(-6.80000000000013,28.3586755856177,-17.1179126391372));
#9453=CARTESIAN_POINT('Ctrl Pts',(-6.80000000000013,28.3068604467957,-17.2237820807195));
#9454=CARTESIAN_POINT('Ctrl Pts',(-6.80000000000013,28.2783098015114,-17.2821171723892));
#9455=CARTESIAN_POINT('',(-6.80000000000013,27.6889512929245,-16.6600163423111));
#9456=CARTESIAN_POINT('Ctrl Pts',(-6.80000000000013,28.2783098015114,-17.2821171723892));
#9457=CARTESIAN_POINT('Ctrl Pts',(-6.80000000000013,28.2221583568937,-17.1712238804826));
#9458=CARTESIAN_POINT('Ctrl Pts',(-6.80000000000013,28.088690371715,-16.9076384225953));
#9459=CARTESIAN_POINT('Ctrl Pts',(-6.80000000000013,27.8355770596437,-16.7508450335867));
#9460=CARTESIAN_POINT('Ctrl Pts',(-6.80000000000013,27.6889512929245,-16.6600163423111));
#9461=CARTESIAN_POINT('',(-6.80000000000013,26.7912704738899,-16.1225016557266));
#9462=CARTESIAN_POINT('',(-6.80000000000012,31.6699532985602,-19.0437667800811));
#9463=CARTESIAN_POINT('',(-6.80000000000013,26.7912704738899,-16.662743850856));
#9464=CARTESIAN_POINT('',(-6.80000000000011,26.7912704738899,-20.6487957594508));
#9465=CARTESIAN_POINT('',(-6.80000000000013,27.6889512929245,-17.1866209947159));
#9466=CARTESIAN_POINT('',(-6.80000000000012,32.018339979777,-19.7132069836721));
#9467=CARTESIAN_POINT('',(-6.80000000000012,28.0450219902321,-17.4676568948318));
#9468=CARTESIAN_POINT('Ctrl Pts',(-6.80000000000013,27.6889512929245,-17.1866209947159));
#9469=CARTESIAN_POINT('Ctrl Pts',(-6.80000000000013,27.7667938957763,-17.2330200423629));
#9470=CARTESIAN_POINT('Ctrl Pts',(-6.80000000000013,27.8980928276791,-17.3112823970913));
#9471=CARTESIAN_POINT('Ctrl Pts',(-6.80000000000012,28.0025101092709,-17.4224121393469));
#9472=CARTESIAN_POINT('Ctrl Pts',(-6.80000000000012,28.0450219902321,-17.4676568948318));
#9473=CARTESIAN_POINT('',(-6.80000000000012,28.1309700998589,-17.7541501962234));
#9474=CARTESIAN_POINT('Ctrl Pts',(-6.80000000000012,28.0450219902321,-17.4676568948318));
#9475=CARTESIAN_POINT('Ctrl Pts',(-6.80000000000012,28.0700829371401,-17.5104479391426));
#9476=CARTESIAN_POINT('Ctrl Pts',(-6.80000000000012,28.1218705347868,-17.5988741823244));
#9477=CARTESIAN_POINT('Ctrl Pts',(-6.80000000000012,28.1278725614814,-17.7012934488569));
#9478=CARTESIAN_POINT('Ctrl Pts',(-6.80000000000012,28.1309700998589,-17.7541501962234));
#9479=CARTESIAN_POINT('',(-6.80000000000012,26.7912704738899,-17.7541501962234));
#9480=CARTESIAN_POINT('',(-6.80000000000012,30.8706351261176,-17.7541501962234));
#9481=CARTESIAN_POINT('',(-6.80000000000012,26.7912704738899,-18.2452829324295));
#9482=CARTESIAN_POINT('',(-6.80000000000011,26.7912704738899,-21.4400653002375));
#9483=CARTESIAN_POINT('',(-6.80000000000012,32.3194754760302,-18.2452829324295));
#9484=CARTESIAN_POINT('',(-6.80000000000012,41.8976812809706,-19.8240115493536));
#9485=CARTESIAN_POINT('',(-6.80000000000012,41.8976812809706,-19.3328788131476));
#9486=CARTESIAN_POINT('',(-6.80000000000011,41.8976812809706,-21.9838632405965));
#9487=CARTESIAN_POINT('',(-6.80000000000012,40.7653483003378,-19.3328788131476));
#9488=CARTESIAN_POINT('',(-6.80000000000012,37.8576740393415,-19.3328788131476));
#9489=CARTESIAN_POINT('',(-6.80000000000012,40.7653483003378,-18.7107779830694));
#9490=CARTESIAN_POINT('',(-6.80000000000011,40.7653483003378,-21.6728128255575));
#9491=CARTESIAN_POINT('',(-6.80000000000012,40.5293320864439,-17.773534283042));
#9492=CARTESIAN_POINT('Ctrl Pts',(-6.80000000000012,40.7653483003378,-18.7107779830694));
#9493=CARTESIAN_POINT('Ctrl Pts',(-6.80000000000012,40.7605290731535,-18.527258835957));
#9494=CARTESIAN_POINT('Ctrl Pts',(-6.80000000000012,40.7518293835572,-18.1959692839601));
#9495=CARTESIAN_POINT('Ctrl Pts',(-6.80000000000012,40.5979634032715,-17.9038382047669));
#9496=CARTESIAN_POINT('Ctrl Pts',(-6.80000000000012,40.5293320864439,-17.773534283042));
#9497=CARTESIAN_POINT('',(-6.80000000000012,39.878581687808,-17.4447479099035));
#9498=CARTESIAN_POINT('Ctrl Pts',(-6.80000000000012,40.5293320864439,-17.773534283042));
#9499=CARTESIAN_POINT('Ctrl Pts',(-6.80000000000012,40.4427196063752,-17.6776393852102));
#9500=CARTESIAN_POINT('Ctrl Pts',(-6.80000000000012,40.268232066503,-17.4844516968345));
#9501=CARTESIAN_POINT('Ctrl Pts',(-6.80000000000012,40.0090901915833,-17.458046195007));
#9502=CARTESIAN_POINT('Ctrl Pts',(-6.80000000000012,39.878581687808,-17.4447479099035));
#9503=CARTESIAN_POINT('',(-6.80000000000012,39.2578449100256,-17.7189638465643));
#9504=CARTESIAN_POINT('Ctrl Pts',(-6.80000000000012,39.878581687808,-17.4447479099035));
#9505=CARTESIAN_POINT('Ctrl Pts',(-6.80000000000012,39.7615595317262,-17.456639671984));
#9506=CARTESIAN_POINT('Ctrl Pts',(-6.80000000000012,39.5250648735862,-17.4806721996869));
#9507=CARTESIAN_POINT('Ctrl Pts',(-6.80000000000012,39.3475313789367,-17.6389865271504));
#9508=CARTESIAN_POINT('Ctrl Pts',(-6.80000000000012,39.2578449100256,-17.7189638465643));
#9509=CARTESIAN_POINT('',(-6.80000000000012,39.0000005811453,-18.5961809009314));
#9510=CARTESIAN_POINT('Ctrl Pts',(-6.80000000000012,39.2578449100256,-17.7189638465643));
#9511=CARTESIAN_POINT('Ctrl Pts',(-6.80000000000012,39.1829535109408,-17.834425098292));
#9512=CARTESIAN_POINT('Ctrl Pts',(-6.80000000000012,39.0111400427007,-18.0993126334306));
#9513=CARTESIAN_POINT('Ctrl Pts',(-6.80000000000012,39.0040181356291,-18.4169805575361));
#9514=CARTESIAN_POINT('Ctrl Pts',(-6.80000000000012,39.0000005811453,-18.5961809009314));
#9515=CARTESIAN_POINT('',(-6.80000000000012,39.0000005811453,-19.8240115493536));
#9516=CARTESIAN_POINT('',(-6.80000000000011,39.0000005811453,-22.2294296086996));
#9517=CARTESIAN_POINT('',(-6.80000000000012,38.4238405296579,-19.8240115493536));
#9518=CARTESIAN_POINT('',(-6.80000000000011,41.8976812809706,-23.6630298942328));
#9519=CARTESIAN_POINT('',(-6.80000000000011,41.8976812809706,-22.8990461677313));
#9520=CARTESIAN_POINT('',(-6.80000000000011,41.8976812809706,-23.7669469178884));
#9521=CARTESIAN_POINT('',(-6.80000000000011,39.5784451812506,-22.1377911418677));
#9522=CARTESIAN_POINT('',(-6.80000000000011,37.8592560966125,-21.5734926940948));
#9523=CARTESIAN_POINT('',(-6.80000000000011,41.8976812809706,-21.2919523566961));
#9524=CARTESIAN_POINT('',(-6.80000000000011,38.2936298779383,-22.6063706950466));
#9525=CARTESIAN_POINT('',(-6.80000000000012,41.8976812809706,-20.5852677673102));
#9526=CARTESIAN_POINT('',(-6.80000000000011,41.8976812809706,-22.6100577176778));
#9527=CARTESIAN_POINT('',(-6.80000000000012,39.0000005811453,-20.5852677673102));
#9528=CARTESIAN_POINT('',(-6.80000000000011,36.9750001797453,-20.5852677673102));
#9529=CARTESIAN_POINT('',(-6.80000000000011,39.0000005811453,-21.0763993114233));
#9530=CARTESIAN_POINT('',(-6.80000000000011,39.0000005811453,-22.8556234897344));
#9531=CARTESIAN_POINT('',(-6.80000000000011,41.3328792899847,-21.0763993114233));
#9532=CARTESIAN_POINT('',(-6.80000000000011,38.141439534165,-21.0763993114233));
#9533=CARTESIAN_POINT('',(-6.80000000000011,39.0000005811453,-21.9331528991461));
#9534=CARTESIAN_POINT('',(-6.80000000000011,36.7785188753248,-22.748995752146));
#9535=CARTESIAN_POINT('',(-6.80000000000011,39.0000005811453,-22.3724427074194));
#9536=CARTESIAN_POINT('',(-6.80000000000011,39.0000005811453,-23.5036451877325));
#9537=CARTESIAN_POINT('',(-6.80000000000011,41.4447482675314,-23.182811960578));
#9538=CARTESIAN_POINT('',(-6.80000000000011,38.7356871187131,-22.2848297793681));
#9539=CARTESIAN_POINT('',(-6.80000000000011,39.0000005811453,-23.182811960578));
#9540=CARTESIAN_POINT('',(-6.80000000000011,36.9750001797453,-23.182811960578));
#9541=CARTESIAN_POINT('',(-6.80000000000011,39.0000005811453,-23.6630298942328));
#9542=CARTESIAN_POINT('',(-6.8000000000001,39.0000005811453,-24.1489387811392));
#9543=CARTESIAN_POINT('',(-6.80000000000011,38.4238405296579,-23.6630298942328));
#9544=CARTESIAN_POINT('',(-6.80000000000013,41.8976812809706,-17.076398357749));
#9545=CARTESIAN_POINT('',(-6.80000000000013,41.8976812809706,-16.5852680057287));
#9546=CARTESIAN_POINT('',(-6.80000000000011,41.8976812809706,-20.6100578368871));
#9547=CARTESIAN_POINT('',(-6.80000000000013,39.0000005811453,-16.5852680057287));
#9548=CARTESIAN_POINT('',(-6.80000000000013,36.9750001797453,-16.5852680057287));
#9549=CARTESIAN_POINT('',(-6.80000000000013,39.0000005811453,-17.076398357749));
#9550=CARTESIAN_POINT('',(-6.80000000000011,39.0000005811453,-20.8556230128973));
#9551=CARTESIAN_POINT('',(-6.80000000000013,38.4238405296579,-17.076398357749));
#9552=CARTESIAN_POINT('',(-6.8000000000001,41.8976812809706,-26.798089966178));
#9553=CARTESIAN_POINT('',(-6.8000000000001,41.8976812809706,-26.3069572299719));
#9554=CARTESIAN_POINT('',(-6.8000000000001,41.8976812809706,-25.4709024490087));
#9555=CARTESIAN_POINT('',(-6.8000000000001,39.6875857561827,-26.3069572299719));
#9556=CARTESIAN_POINT('',(-6.8000000000001,37.318792767264,-26.3069572299719));
#9557=CARTESIAN_POINT('',(-6.8000000000001,41.8976812809706,-24.9454297870398));
#9558=CARTESIAN_POINT('',(-6.8000000000001,39.4488713327172,-26.4540170447747));
#9559=CARTESIAN_POINT('',(-6.8000000000001,41.8976812809706,-24.4160976260901));
#9560=CARTESIAN_POINT('',(-6.8000000000001,41.8976812809706,-24.5254726470678));
#9561=CARTESIAN_POINT('',(-6.8000000000001,39.0000005811453,-24.4160976260901));
#9562=CARTESIAN_POINT('',(-6.8000000000001,36.9750001797453,-24.4160976260901));
#9563=CARTESIAN_POINT('',(-6.8000000000001,39.0000005811453,-24.9072303622961));
#9564=CARTESIAN_POINT('',(-6.8000000000001,39.0000005811453,-24.7710390151708));
#9565=CARTESIAN_POINT('',(-6.8000000000001,41.1964534968138,-24.9072303622961));
#9566=CARTESIAN_POINT('',(-6.8000000000001,38.0732266375795,-24.9072303622961));
#9567=CARTESIAN_POINT('',(-6.8000000000001,39.0000005811453,-26.2687589973211));
#9568=CARTESIAN_POINT('',(-6.8000000000001,37.9029493880392,-26.9487947963347));
#9569=CARTESIAN_POINT('',(-6.8000000000001,39.0000005811453,-26.798089966178));
#9570=CARTESIAN_POINT('',(-6.8000000000001,39.0000005811453,-25.7164688171117));
#9571=CARTESIAN_POINT('',(-6.8000000000001,38.4238405296579,-26.798089966178));
#9572=CARTESIAN_POINT('',(-6.80000000000009,41.8976812809706,-28.7844475358725));
#9573=CARTESIAN_POINT('',(-6.80000000000009,40.6452938169241,-28.7844475358725));
#9574=CARTESIAN_POINT('',(-6.80000000000009,37.7976467976347,-28.7844475358725));
#9575=CARTESIAN_POINT('',(-6.80000000000009,40.7353349775076,-28.454298004508));
#9576=CARTESIAN_POINT('Ctrl Pts',(-6.80000000000009,40.6452938169241,-28.7844475358725));
#9577=CARTESIAN_POINT('Ctrl Pts',(-6.80000000000009,40.6460477249539,-28.7157741620377));
#9578=CARTESIAN_POINT('Ctrl Pts',(-6.80000000000009,40.647351705135,-28.59699479517));
#9579=CARTESIAN_POINT('Ctrl Pts',(-6.80000000000009,40.7092315352962,-28.4966342046555));
#9580=CARTESIAN_POINT('Ctrl Pts',(-6.80000000000009,40.7353349775076,-28.454298004508));
#9581=CARTESIAN_POINT('',(-6.80000000000009,41.2592091411352,-28.175989612937));
#9582=CARTESIAN_POINT('Ctrl Pts',(-6.80000000000009,40.7353349775076,-28.454298004508));
#9583=CARTESIAN_POINT('Ctrl Pts',(-6.80000000000009,40.7930515648525,-28.4135002341688));
#9584=CARTESIAN_POINT('Ctrl Pts',(-6.80000000000009,40.9553687426813,-28.2987640855534));
#9585=CARTESIAN_POINT('Ctrl Pts',(-6.80000000000009,41.1401391920192,-28.2241028667425));
#9586=CARTESIAN_POINT('Ctrl Pts',(-6.80000000000009,41.2592091411352,-28.175989612937));
#9587=CARTESIAN_POINT('',(-6.80000000000009,41.7858123034239,-27.8676673024893));
#9588=CARTESIAN_POINT('Ctrl Pts',(-6.80000000000009,41.2592091411352,-28.175989612937));
#9589=CARTESIAN_POINT('Ctrl Pts',(-6.80000000000009,41.3758786773327,-28.1283238636758));
#9590=CARTESIAN_POINT('Ctrl Pts',(-6.80000000000009,41.5667140140067,-28.050357415839));
#9591=CARTESIAN_POINT('Ctrl Pts',(-6.80000000000009,41.7244933212022,-27.9187967377869));
#9592=CARTESIAN_POINT('Ctrl Pts',(-6.80000000000009,41.7858123034239,-27.8676673024893));
#9593=CARTESIAN_POINT('',(-6.8000000000001,41.8976812809706,-27.4420192092657));
#9594=CARTESIAN_POINT('Ctrl Pts',(-6.80000000000009,41.7858123034239,-27.8676673024893));
#9595=CARTESIAN_POINT('Ctrl Pts',(-6.80000000000009,41.8182856849059,-27.8112127702017));
#9596=CARTESIAN_POINT('Ctrl Pts',(-6.8000000000001,41.8935941972747,-27.6802899451358));
#9597=CARTESIAN_POINT('Ctrl Pts',(-6.8000000000001,41.8961994342945,-27.5284086067504));
#9598=CARTESIAN_POINT('Ctrl Pts',(-6.8000000000001,41.8976812809706,-27.4420192092657));
#9599=CARTESIAN_POINT('',(-6.8000000000001,41.8976812809706,-27.2619380801916));
#9600=CARTESIAN_POINT('',(-6.8000000000001,41.8976812809706,-25.9483928741186));
#9601=CARTESIAN_POINT('',(-6.8000000000001,41.4911329001188,-27.2619380801916));
#9602=CARTESIAN_POINT('',(-6.8000000000001,38.220566339232,-27.2619380801916));
#9603=CARTESIAN_POINT('',(-6.8000000000001,41.4938613027334,-27.3956348747015));
#9604=CARTESIAN_POINT('',(-6.8000000000001,41.4643407330324,-25.9490721423438));
#9605=CARTESIAN_POINT('',(-6.8000000000001,41.4365627616644,-27.6466574519873));
#9606=CARTESIAN_POINT('Ctrl Pts',(-6.8000000000001,41.4938613027334,-27.3956348747015));
#9607=CARTESIAN_POINT('Ctrl Pts',(-6.8000000000001,41.4947839418746,-27.4508541591799));
#9608=CARTESIAN_POINT('Ctrl Pts',(-6.8000000000001,41.4962761439806,-27.5401613746494));
#9609=CARTESIAN_POINT('Ctrl Pts',(-6.8000000000001,41.4530585940697,-27.6172378918243));
#9610=CARTESIAN_POINT('Ctrl Pts',(-6.8000000000001,41.4365627616644,-27.6466574519873));
#9611=CARTESIAN_POINT('',(-6.80000000000009,41.0791274160147,-27.8212823718786));
#9612=CARTESIAN_POINT('Ctrl Pts',(-6.8000000000001,41.4365627616644,-27.6466574519873));
#9613=CARTESIAN_POINT('Ctrl Pts',(-6.8000000000001,41.3972881953036,-27.6717626670323));
#9614=CARTESIAN_POINT('Ctrl Pts',(-6.8000000000001,41.2850946799183,-27.7434793679763));
#9615=CARTESIAN_POINT('Ctrl Pts',(-6.8000000000001,41.1602614253597,-27.7906344449894));
#9616=CARTESIAN_POINT('Ctrl Pts',(-6.80000000000009,41.0791274160147,-27.8212823718786));
#9617=CARTESIAN_POINT('',(-6.80000000000009,40.6862213462591,-28.0231925100088));
#9618=CARTESIAN_POINT('Ctrl Pts',(-6.80000000000009,41.0791274160147,-27.8212823718786));
#9619=CARTESIAN_POINT('Ctrl Pts',(-6.80000000000009,40.9972417074435,-27.8528202070063));
#9620=CARTESIAN_POINT('Ctrl Pts',(-6.80000000000009,40.8588313583529,-27.9061281998876));
#9621=CARTESIAN_POINT('Ctrl Pts',(-6.80000000000009,40.7362724884537,-27.9892477674026));
#9622=CARTESIAN_POINT('Ctrl Pts',(-6.80000000000009,40.6862213462591,-28.0231925100088));
#9623=CARTESIAN_POINT('',(-6.80000000000009,40.4870399087667,-28.3124151080847));
#9624=CARTESIAN_POINT('Ctrl Pts',(-6.80000000000009,40.6862213462591,-28.0231925100088));
#9625=CARTESIAN_POINT('Ctrl Pts',(-6.80000000000009,40.6493769395021,-28.0613056518192));
#9626=CARTESIAN_POINT('Ctrl Pts',(-6.80000000000009,40.5670464479417,-28.1464711891786));
#9627=CARTESIAN_POINT('Ctrl Pts',(-6.80000000000009,40.5155118357207,-28.2533606459586));
#9628=CARTESIAN_POINT('Ctrl Pts',(-6.80000000000009,40.4870399087667,-28.3124151080847));
#9629=CARTESIAN_POINT('',(-6.8000000000001,39.8976814001799,-27.6903142780066));
#9630=CARTESIAN_POINT('Ctrl Pts',(-6.80000000000009,40.4870399087667,-28.3124151080847));
#9631=CARTESIAN_POINT('Ctrl Pts',(-6.80000000000009,40.4310070786242,-28.2009592212218));
#9632=CARTESIAN_POINT('Ctrl Pts',(-6.80000000000009,40.2981932822429,-27.9367769654683));
#9633=CARTESIAN_POINT('Ctrl Pts',(-6.8000000000001,40.0444011412196,-27.7806010917063));
#9634=CARTESIAN_POINT('Ctrl Pts',(-6.8000000000001,39.8976814001799,-27.6903142780066));
#9635=CARTESIAN_POINT('',(-6.8000000000001,39.0000005811453,-27.1500685065985));
#9636=CARTESIAN_POINT('',(-6.8000000000001,36.9578065327391,-25.921027319963));
#9637=CARTESIAN_POINT('',(-6.8000000000001,39.0000005811453,-27.6903142780066));
#9638=CARTESIAN_POINT('',(-6.8000000000001,39.0000005811453,-26.1625809730261));
#9639=CARTESIAN_POINT('',(-6.80000000000009,39.8976814001799,-28.216917142272));
#9640=CARTESIAN_POINT('',(-6.8000000000001,37.2755330589081,-26.6786968776042));
#9641=CARTESIAN_POINT('',(-6.80000000000009,40.2551164478064,-28.4979536384344));
#9642=CARTESIAN_POINT('Ctrl Pts',(-6.80000000000009,39.8976814001799,-28.216917142272));
#9643=CARTESIAN_POINT('Ctrl Pts',(-6.80000000000009,39.9761943085181,-28.263182846975));
#9644=CARTESIAN_POINT('Ctrl Pts',(-6.80000000000009,40.1082723390429,-28.3410131463148));
#9645=CARTESIAN_POINT('Ctrl Pts',(-6.80000000000009,40.212746327964,-28.452670327342));
#9646=CARTESIAN_POINT('Ctrl Pts',(-6.80000000000009,40.2551164478064,-28.4979536384344));
#9647=CARTESIAN_POINT('',(-6.80000000000009,40.3397002071142,-28.7844475358725));
#9648=CARTESIAN_POINT('Ctrl Pts',(-6.80000000000009,40.2551164478064,-28.4979536384344));
#9649=CARTESIAN_POINT('Ctrl Pts',(-6.80000000000009,40.2797790394122,-28.5407786281056));
#9650=CARTESIAN_POINT('Ctrl Pts',(-6.80000000000009,40.3308159550467,-28.6294009197051));
#9651=CARTESIAN_POINT('Ctrl Pts',(-6.80000000000009,40.3366733063205,-28.7316225234824));
#9652=CARTESIAN_POINT('Ctrl Pts',(-6.80000000000009,40.3397002071142,-28.7844475358725));
#9653=CARTESIAN_POINT('',(-6.80000000000009,39.0000005811453,-28.7844475358725));
#9654=CARTESIAN_POINT('',(-6.80000000000009,36.9750001797453,-28.7844475358725));
#9655=CARTESIAN_POINT('',(-6.80000000000009,39.0000005811453,-29.2864938825369));
#9656=CARTESIAN_POINT('',(-6.8000000000001,39.0000005811453,-26.9606707752912));
#9657=CARTESIAN_POINT('',(-6.80000000000009,40.3397002071142,-29.2864938825369));
#9658=CARTESIAN_POINT('',(-6.80000000000009,37.6448499927297,-29.2864938825369));
#9659=CARTESIAN_POINT('',(-6.80000000000009,40.2564807981253,-29.5702590793371));
#9660=CARTESIAN_POINT('Ctrl Pts',(-6.80000000000009,40.3397002071142,-29.2864938825369));
#9661=CARTESIAN_POINT('Ctrl Pts',(-6.80000000000009,40.3366755311351,-29.3385930476103));
#9662=CARTESIAN_POINT('Ctrl Pts',(-6.80000000000009,40.3308051789183,-29.4397081592084));
#9663=CARTESIAN_POINT('Ctrl Pts',(-6.80000000000009,40.280746795581,-29.5276358073786));
#9664=CARTESIAN_POINT('Ctrl Pts',(-6.80000000000009,40.2564807981253,-29.5702590793371));
#9665=CARTESIAN_POINT('',(-6.80000000000009,39.8976814001799,-29.851296171546));
#9666=CARTESIAN_POINT('Ctrl Pts',(-6.80000000000009,40.2564807981253,-29.5702590793371));
#9667=CARTESIAN_POINT('Ctrl Pts',(-6.80000000000009,40.2142517418012,-29.6155806977569));
#9668=CARTESIAN_POINT('Ctrl Pts',(-6.80000000000009,40.1097208826139,-29.7277666693501));
#9669=CARTESIAN_POINT('Ctrl Pts',(-6.80000000000009,39.9768651875237,-29.8051654523031));
#9670=CARTESIAN_POINT('Ctrl Pts',(-6.80000000000009,39.8976814001799,-29.851296171546));
#9671=CARTESIAN_POINT('',(-6.80000000000009,39.0000005811453,-30.3778990358114));
#9672=CARTESIAN_POINT('',(-6.80000000000009,38.7466851174004,-30.5265004606634));
#9673=CARTESIAN_POINT('',(-6.80000000000009,39.0000005811453,-30.9181448072195));
#9674=CARTESIAN_POINT('',(-6.80000000000009,39.0000005811453,-27.7764962376325));
#9675=CARTESIAN_POINT('',(-6.80000000000009,39.8976814001799,-30.3806277364493));
#9676=CARTESIAN_POINT('',(-6.80000000000009,39.3429694790934,-30.7127804577967));
#9677=CARTESIAN_POINT('',(-6.80000000000009,40.4870399087667,-29.7557982057333));
#9678=CARTESIAN_POINT('Ctrl Pts',(-6.80000000000009,39.8976814001799,-30.3806277364493));
#9679=CARTESIAN_POINT('Ctrl Pts',(-6.80000000000009,40.0443839407197,-30.2895929827315));
#9680=CARTESIAN_POINT('Ctrl Pts',(-6.80000000000009,40.2980513110326,-30.1321823032867));
#9681=CARTESIAN_POINT('Ctrl Pts',(-6.80000000000009,40.4309851993402,-29.8674351059172));
#9682=CARTESIAN_POINT('Ctrl Pts',(-6.80000000000009,40.4870399087667,-29.7557982057333));
#9683=CARTESIAN_POINT('',(-6.80000000000009,40.7066854089499,-30.0613918155432));
#9684=CARTESIAN_POINT('Ctrl Pts',(-6.80000000000009,40.4870399087667,-29.7557982057333));
#9685=CARTESIAN_POINT('Ctrl Pts',(-6.80000000000009,40.5182563759786,-29.8205497206514));
#9686=CARTESIAN_POINT('Ctrl Pts',(-6.80000000000009,40.5737187068635,-29.9355938068803));
#9687=CARTESIAN_POINT('Ctrl Pts',(-6.80000000000009,40.666239222084,-30.0231262220833));
#9688=CARTESIAN_POINT('Ctrl Pts',(-6.80000000000009,40.7066854089499,-30.0613918155432));
#9689=CARTESIAN_POINT('',(-6.80000000000009,41.2728520482779,-30.3233291953802));
#9690=CARTESIAN_POINT('Ctrl Pts',(-6.80000000000009,40.7066854089499,-30.0613918155432));
#9691=CARTESIAN_POINT('Ctrl Pts',(-6.80000000000009,40.7730360622137,-30.0990481741058));
#9692=CARTESIAN_POINT('Ctrl Pts',(-6.80000000000009,40.9543000972855,-30.2019219690633));
#9693=CARTESIAN_POINT('Ctrl Pts',(-6.80000000000009,41.1492576083111,-30.2762246082075));
#9694=CARTESIAN_POINT('Ctrl Pts',(-6.80000000000009,41.2728520482779,-30.3233291953802));
#9695=CARTESIAN_POINT('',(-6.80000000000009,41.4583905786276,-30.4515691846609));
#9696=CARTESIAN_POINT('Ctrl Pts',(-6.80000000000009,41.2728520482779,-30.3233291953802));
#9697=CARTESIAN_POINT('Ctrl Pts',(-6.80000000000009,41.3159626316073,-30.3404541991071));
#9698=CARTESIAN_POINT('Ctrl Pts',(-6.80000000000009,41.3882016476621,-30.3691500163201));
#9699=CARTESIAN_POINT('Ctrl Pts',(-6.80000000000009,41.4382214456535,-30.427885633095));
#9700=CARTESIAN_POINT('Ctrl Pts',(-6.80000000000009,41.4583905786276,-30.4515691846609));
#9701=CARTESIAN_POINT('',(-6.80000000000009,41.4938613027334,-30.6616648286581));
#9702=CARTESIAN_POINT('Ctrl Pts',(-6.80000000000009,41.4583905786276,-30.4515691846609));
#9703=CARTESIAN_POINT('Ctrl Pts',(-6.80000000000009,41.4686838344635,-30.4806369330576));
#9704=CARTESIAN_POINT('Ctrl Pts',(-6.80000000000009,41.492684759409,-30.5484145982319));
#9705=CARTESIAN_POINT('Ctrl Pts',(-6.80000000000009,41.4934336106651,-30.6204965824223));
#9706=CARTESIAN_POINT('Ctrl Pts',(-6.80000000000009,41.4938613027334,-30.6616648286581));
#9707=CARTESIAN_POINT('',(-6.80000000000009,41.4911329001188,-30.8062758296728));
#9708=CARTESIAN_POINT('Ctrl Pts',(-6.80000000000009,41.4938613027334,-30.6616648286581));
#9709=CARTESIAN_POINT('Ctrl Pts',(-6.80000000000009,41.4936670126813,-30.6796280658933));
#9710=CARTESIAN_POINT('Ctrl Pts',(-6.80000000000009,41.4931455687908,-30.7278385646245));
#9711=CARTESIAN_POINT('Ctrl Pts',(-6.80000000000009,41.491908829937,-30.7760364695371));
#9712=CARTESIAN_POINT('Ctrl Pts',(-6.80000000000009,41.4911329001188,-30.8062758296728));
#9713=CARTESIAN_POINT('',(-6.80000000000009,41.8976812809706,-30.8062758296728));
#9714=CARTESIAN_POINT('',(-6.80000000000009,38.4238405296579,-30.8062758296728));
#9715=CARTESIAN_POINT('',(-6.80000000000009,41.8976812809706,-30.738063082099));
#9716=CARTESIAN_POINT('',(-6.80000000000009,41.8976812809706,-27.6864553750723));
#9717=CARTESIAN_POINT('',(-6.80000000000009,41.8635749071836,-30.3383358567953));
#9718=CARTESIAN_POINT('Ctrl Pts',(-6.80000000000009,41.8976812809706,-30.738063082099));
#9719=CARTESIAN_POINT('Ctrl Pts',(-6.80000000000009,41.8978654490789,-30.6571610363551));
#9720=CARTESIAN_POINT('Ctrl Pts',(-6.80000000000009,41.8981713772406,-30.522771785377));
#9721=CARTESIAN_POINT('Ctrl Pts',(-6.80000000000009,41.8734242972117,-30.3908435661884));
#9722=CARTESIAN_POINT('Ctrl Pts',(-6.80000000000009,41.8635749071836,-30.3383358567953));
#9723=CARTESIAN_POINT('',(-6.80000000000009,41.7189636081457,-30.130968913436));
#9724=CARTESIAN_POINT('Ctrl Pts',(-6.80000000000009,41.8635749071836,-30.3383358567953));
#9725=CARTESIAN_POINT('Ctrl Pts',(-6.80000000000009,41.8482445487031,-30.300075765208));
#9726=CARTESIAN_POINT('Ctrl Pts',(-6.80000000000009,41.8161208494546,-30.2199044060755));
#9727=CARTESIAN_POINT('Ctrl Pts',(-6.80000000000009,41.7523179292744,-30.1615006879211));
#9728=CARTESIAN_POINT('Ctrl Pts',(-6.80000000000009,41.7189636081457,-30.130968913436));
#9729=CARTESIAN_POINT('',(-6.80000000000009,41.2592091411352,-29.892223700881));
#9730=CARTESIAN_POINT('Ctrl Pts',(-6.80000000000009,41.7189636081457,-30.130968913436));
#9731=CARTESIAN_POINT('Ctrl Pts',(-6.80000000000009,41.6629811150549,-30.0944474398452));
#9732=CARTESIAN_POINT('Ctrl Pts',(-6.80000000000009,41.5178435237983,-29.9997635768471));
#9733=CARTESIAN_POINT('Ctrl Pts',(-6.80000000000009,41.3576269527717,-29.9331457126695));
#9734=CARTESIAN_POINT('Ctrl Pts',(-6.80000000000009,41.2592091411352,-29.892223700881));
#9735=CARTESIAN_POINT('',(-6.80000000000009,40.7380633801222,-29.6180083602667));
#9736=CARTESIAN_POINT('Ctrl Pts',(-6.80000000000009,41.2592091411352,-29.892223700881));
#9737=CARTESIAN_POINT('Ctrl Pts',(-6.80000000000009,41.1414767612202,-29.8446125007647));
#9738=CARTESIAN_POINT('Ctrl Pts',(-6.80000000000009,40.958195006575,-29.7704930078574));
#9739=CARTESIAN_POINT('Ctrl Pts',(-6.80000000000009,40.7960524689815,-29.6581772624881));
#9740=CARTESIAN_POINT('Ctrl Pts',(-6.80000000000009,40.7380633801222,-29.6180083602667));
#9741=CARTESIAN_POINT('',(-6.80000000000009,40.6452938169241,-29.2864938825369));
#9742=CARTESIAN_POINT('Ctrl Pts',(-6.80000000000009,40.7380633801222,-29.6180083602667));
#9743=CARTESIAN_POINT('Ctrl Pts',(-6.80000000000009,40.7111731372575,-29.575849619882));
#9744=CARTESIAN_POINT('Ctrl Pts',(-6.80000000000009,40.6472679229146,-29.4756585076532));
#9745=CARTESIAN_POINT('Ctrl Pts',(-6.80000000000009,40.6460178690683,-29.3558746822887));
#9746=CARTESIAN_POINT('Ctrl Pts',(-6.80000000000009,40.6452938169241,-29.2864938825369));
#9747=CARTESIAN_POINT('',(-6.80000000000009,41.8976812809706,-29.2864938825369));
#9748=CARTESIAN_POINT('',(-6.80000000000009,38.4238405296579,-29.2864938825369));
#9749=CARTESIAN_POINT('',(-6.8000000000001,41.8976812809706,-26.709647601959));
#9750=CARTESIAN_POINT('',(-6.80000000000011,29.6889511737152,-22.2480113946487));
#9751=CARTESIAN_POINT('',(-6.80000000000011,29.6889511737152,-21.7568786584427));
#9752=CARTESIAN_POINT('',(-6.80000000000011,29.6889511737152,-23.1958631632441));
#9753=CARTESIAN_POINT('',(-6.80000000000011,28.5566181930824,-21.7568786584427));
#9754=CARTESIAN_POINT('',(-6.80000000000011,31.7533089857138,-21.7568786584427));
#9755=CARTESIAN_POINT('',(-6.80000000000011,28.5566181930824,-21.1347778283645));
#9756=CARTESIAN_POINT('',(-6.80000000000011,28.5566181930824,-22.884812748205));
#9757=CARTESIAN_POINT('',(-6.80000000000012,28.3206019791886,-20.1975341283371));
#9758=CARTESIAN_POINT('Ctrl Pts',(-6.80000000000011,28.5566181930824,-21.1347778283645));
#9759=CARTESIAN_POINT('Ctrl Pts',(-6.80000000000011,28.5517991178507,-20.9512586664423));
#9760=CARTESIAN_POINT('Ctrl Pts',(-6.80000000000011,28.5430997012516,-20.619969037893));
#9761=CARTESIAN_POINT('Ctrl Pts',(-6.80000000000012,28.3892334359593,-20.327838038709));
#9762=CARTESIAN_POINT('Ctrl Pts',(-6.80000000000012,28.3206019791886,-20.1975341283371));
#9763=CARTESIAN_POINT('',(-6.80000000000012,27.6698515805527,-19.8687477551986));
#9764=CARTESIAN_POINT('Ctrl Pts',(-6.80000000000012,28.3206019791886,-20.1975341283371));
#9765=CARTESIAN_POINT('Ctrl Pts',(-6.80000000000012,28.2339895075128,-20.1016398245116));
#9766=CARTESIAN_POINT('Ctrl Pts',(-6.80000000000012,28.0595016194801,-19.908452928616));
#9767=CARTESIAN_POINT('Ctrl Pts',(-6.80000000000012,27.8003601495155,-19.8820465229272));
#9768=CARTESIAN_POINT('Ctrl Pts',(-6.80000000000012,27.6698515805527,-19.8687477551986));
#9769=CARTESIAN_POINT('',(-6.80000000000012,27.0491148027702,-20.1429636918594));
#9770=CARTESIAN_POINT('Ctrl Pts',(-6.80000000000012,27.6698515805527,-19.8687477551986));
#9771=CARTESIAN_POINT('Ctrl Pts',(-6.80000000000012,27.5528293080432,-19.8806394832049));
#9772=CARTESIAN_POINT('Ctrl Pts',(-6.80000000000012,27.3163345984017,-19.9046719233693));
#9773=CARTESIAN_POINT('Ctrl Pts',(-6.80000000000012,27.1388011699627,-20.0629863720757));
#9774=CARTESIAN_POINT('Ctrl Pts',(-6.80000000000012,27.0491148027702,-20.1429636918594));
#9775=CARTESIAN_POINT('',(-6.80000000000011,26.7912704738899,-21.0201807462265));
#9776=CARTESIAN_POINT('Ctrl Pts',(-6.80000000000012,27.0491148027702,-20.1429636918594));
#9777=CARTESIAN_POINT('Ctrl Pts',(-6.80000000000012,26.9742233927247,-20.2584253438968));
#9778=CARTESIAN_POINT('Ctrl Pts',(-6.80000000000012,26.8024103682852,-20.5233130744293));
#9779=CARTESIAN_POINT('Ctrl Pts',(-6.80000000000011,26.7952881790643,-20.8409808593053));
#9780=CARTESIAN_POINT('Ctrl Pts',(-6.80000000000011,26.7912704738899,-21.0201807462265));
#9781=CARTESIAN_POINT('',(-6.80000000000011,26.7912704738899,-22.2480113946487));
#9782=CARTESIAN_POINT('',(-6.80000000000011,26.7912704738899,-23.4414295313471));
#9783=CARTESIAN_POINT('',(-6.80000000000011,32.3194754760302,-22.2480113946487));
#9784=CARTESIAN_POINT('',(-6.8000000000001,26.7912704738899,-25.9451468431045));
#9785=CARTESIAN_POINT('',(-6.8000000000001,30.7912705334946,-25.9451468431045));
#9786=CARTESIAN_POINT('',(-6.8000000000001,32.8706351559199,-25.9451468431045));
#9787=CARTESIAN_POINT('',(-6.8000000000001,30.7912705334946,-24.4444652043869));
#9788=CARTESIAN_POINT('',(-6.8000000000001,30.7912705334946,-24.5396564362162));
#9789=CARTESIAN_POINT('',(-6.80000000000011,30.669851699762,-23.7091298543503));
#9790=CARTESIAN_POINT('Ctrl Pts',(-6.8000000000001,30.7912705334946,-24.4444652043869));
#9791=CARTESIAN_POINT('Ctrl Pts',(-6.8000000000001,30.7887312291077,-24.3054537768213));
#9792=CARTESIAN_POINT('Ctrl Pts',(-6.80000000000011,30.7841383510543,-24.0540217160785));
#9793=CARTESIAN_POINT('Ctrl Pts',(-6.80000000000011,30.7051631813497,-23.815692103637));
#9794=CARTESIAN_POINT('Ctrl Pts',(-6.80000000000011,30.669851699762,-23.7091298543503));
#9795=CARTESIAN_POINT('',(-6.80000000000011,30.2960453423782,-23.2752962552597));
#9796=CARTESIAN_POINT('Ctrl Pts',(-6.80000000000011,30.669851699762,-23.7091298543503));
#9797=CARTESIAN_POINT('Ctrl Pts',(-6.80000000000011,30.6241191102644,-23.6219406570435));
#9798=CARTESIAN_POINT('Ctrl Pts',(-6.80000000000011,30.5330776849218,-23.4483701489116));
#9799=CARTESIAN_POINT('Ctrl Pts',(-6.80000000000011,30.3748105710234,-23.3328082583042));
#9800=CARTESIAN_POINT('Ctrl Pts',(-6.80000000000011,30.2960453423782,-23.2752962552597));
#9801=CARTESIAN_POINT('',(-6.80000000000011,29.7680781277939,-23.1184072934677));
#9802=CARTESIAN_POINT('Ctrl Pts',(-6.80000000000011,30.2960453423782,-23.2752962552597));
#9803=CARTESIAN_POINT('Ctrl Pts',(-6.80000000000011,30.2119041953122,-23.2295423009338));
#9804=CARTESIAN_POINT('Ctrl Pts',(-6.80000000000011,30.046918503286,-23.1398270060915));
#9805=CARTESIAN_POINT('Ctrl Pts',(-6.80000000000011,29.8597784961031,-23.1254514510192));
#9806=CARTESIAN_POINT('Ctrl Pts',(-6.80000000000011,29.7680781277939,-23.1184072934677));
#9807=CARTESIAN_POINT('',(-6.80000000000011,29.2851311954781,-23.2575614892532));
#9808=CARTESIAN_POINT('Ctrl Pts',(-6.80000000000011,29.7680781277939,-23.1184072934677));
#9809=CARTESIAN_POINT('Ctrl Pts',(-6.80000000000011,29.6834856175635,-23.1244216094995));
#9810=CARTESIAN_POINT('Ctrl Pts',(-6.80000000000011,29.5126866512592,-23.1365649890785));
#9811=CARTESIAN_POINT('Ctrl Pts',(-6.80000000000011,29.3614593492642,-23.2169760440868));
#9812=CARTESIAN_POINT('Ctrl Pts',(-6.80000000000011,29.2851311954781,-23.2575614892532));
#9813=CARTESIAN_POINT('',(-6.80000000000011,28.9195103439613,-23.6777527772476));
#9814=CARTESIAN_POINT('Ctrl Pts',(-6.80000000000011,29.2851311954781,-23.2575614892532));
#9815=CARTESIAN_POINT('Ctrl Pts',(-6.80000000000011,29.2123642274328,-23.3117567882086));
#9816=CARTESIAN_POINT('Ctrl Pts',(-6.80000000000011,29.0601732244266,-23.4251054287773));
#9817=CARTESIAN_POINT('Ctrl Pts',(-6.80000000000011,28.9677456124216,-23.5911164689414));
#9818=CARTESIAN_POINT('Ctrl Pts',(-6.80000000000011,28.9195103439613,-23.6777527772476));
#9819=CARTESIAN_POINT('',(-6.80000000000011,28.5566181930824,-23.1197710477401));
#9820=CARTESIAN_POINT('Ctrl Pts',(-6.80000000000011,28.9195103439613,-23.6777527772476));
#9821=CARTESIAN_POINT('Ctrl Pts',(-6.80000000000011,28.8797689670166,-23.565333784509));
#9822=CARTESIAN_POINT('Ctrl Pts',(-6.80000000000011,28.8035673425548,-23.3497773411839));
#9823=CARTESIAN_POINT('Ctrl Pts',(-6.80000000000011,28.6365372194198,-23.1942069348965));
#9824=CARTESIAN_POINT('Ctrl Pts',(-6.80000000000011,28.5566181930824,-23.1197710477401));
#9825=CARTESIAN_POINT('',(-6.80000000000011,27.9508883747383,-22.9246826612045));
#9826=CARTESIAN_POINT('Ctrl Pts',(-6.80000000000011,28.5566181930824,-23.1197710477401));
#9827=CARTESIAN_POINT('Ctrl Pts',(-6.80000000000011,28.4660426245509,-23.0628778115753));
#9828=CARTESIAN_POINT('Ctrl Pts',(-6.80000000000011,28.2808593718762,-22.9465586462751));
#9829=CARTESIAN_POINT('Ctrl Pts',(-6.80000000000011,28.0624637968326,-22.9320797424303));
#9830=CARTESIAN_POINT('Ctrl Pts',(-6.80000000000011,27.9508883747383,-22.9246826612045));
#9831=CARTESIAN_POINT('',(-6.80000000000011,27.4283782634064,-23.0433733903457));
#9832=CARTESIAN_POINT('Ctrl Pts',(-6.80000000000011,27.9508883747383,-22.9246826612045));
#9833=CARTESIAN_POINT('Ctrl Pts',(-6.80000000000011,27.8593241094369,-22.9294002862262));
#9834=CARTESIAN_POINT('Ctrl Pts',(-6.80000000000011,27.6782444815179,-22.9387299715654));
#9835=CARTESIAN_POINT('Ctrl Pts',(-6.80000000000011,27.5110363535498,-23.0087563652519));
#9836=CARTESIAN_POINT('Ctrl Pts',(-6.80000000000011,27.4283782634064,-23.0433733903457));
#9837=CARTESIAN_POINT('',(-6.80000000000011,27.0559359583183,-23.3366890393783));
#9838=CARTESIAN_POINT('Ctrl Pts',(-6.80000000000011,27.4283782634064,-23.0433733903457));
#9839=CARTESIAN_POINT('Ctrl Pts',(-6.80000000000011,27.3538416348646,-23.0835207178067));
#9840=CARTESIAN_POINT('Ctrl Pts',(-6.80000000000011,27.2124461538416,-23.1596799268987));
#9841=CARTESIAN_POINT('Ctrl Pts',(-6.80000000000011,27.1061826537807,-23.2798612848727));
#9842=CARTESIAN_POINT('Ctrl Pts',(-6.80000000000011,27.0559359583183,-23.3366890393783));
#9843=CARTESIAN_POINT('',(-6.80000000000011,26.8581188711449,-23.7746150933792));
#9844=CARTESIAN_POINT('Ctrl Pts',(-6.80000000000011,27.0559359583183,-23.3366890393783));
#9845=CARTESIAN_POINT('Ctrl Pts',(-6.80000000000011,27.0144092080422,-23.4008137299349));
#9846=CARTESIAN_POINT('Ctrl Pts',(-6.80000000000011,26.9264219490361,-23.5366817118783));
#9847=CARTESIAN_POINT('Ctrl Pts',(-6.80000000000011,26.8817220577212,-23.6923935278262));
#9848=CARTESIAN_POINT('Ctrl Pts',(-6.80000000000011,26.8581188711449,-23.7746150933792));
#9849=CARTESIAN_POINT('',(-6.8000000000001,26.7912704738899,-24.4199080907394));
#9850=CARTESIAN_POINT('Ctrl Pts',(-6.80000000000011,26.8581188711449,-23.7746150933792));
#9851=CARTESIAN_POINT('Ctrl Pts',(-6.80000000000011,26.8386587536549,-23.8719737606763));
#9852=CARTESIAN_POINT('Ctrl Pts',(-6.80000000000011,26.7961059803814,-24.0848646282594));
#9853=CARTESIAN_POINT('Ctrl Pts',(-6.8000000000001,26.7929715014946,-24.3020469774416));
#9854=CARTESIAN_POINT('Ctrl Pts',(-6.8000000000001,26.7912704738899,-24.4199080907394));
#9855=CARTESIAN_POINT('',(-6.8000000000001,26.7912704738899,-25.289997255575));
#9856=CARTESIAN_POINT('',(-6.80000000000009,26.7230577263161,-27.9069467031051));
#9857=CARTESIAN_POINT('',(-6.8000000000001,30.8594832810684,-26.7473288022567));
#9858=CARTESIAN_POINT('',(-6.8000000000001,33.0302461559809,-26.13877065104));
#9859=CARTESIAN_POINT('',(-6.8000000000001,30.8594832810684,-26.3544233285476));
#9860=CARTESIAN_POINT('',(-6.8000000000001,30.8594832810684,-25.4946354982966));
#9861=CARTESIAN_POINT('',(-6.8000000000001,26.7230577263161,-27.5113125287582));
#9862=CARTESIAN_POINT('',(-6.8000000000001,30.9111724867482,-26.3399667202933));
#9863=CARTESIAN_POINT('',(-6.8000000000001,26.7230577263161,-26.2708971855753));
#9864=CARTESIAN_POINT('',(-6.80000000000008,29.6889511737152,-33.3094020330002));
#9865=CARTESIAN_POINT('',(-6.80000000000008,29.6889511737152,-32.8182695948173));
#9866=CARTESIAN_POINT('',(-6.80000000000009,29.6889511737152,-28.7265586314314));
#9867=CARTESIAN_POINT('',(-6.80000000000008,28.4365637096687,-32.8182695948173));
#9868=CARTESIAN_POINT('',(-6.80000000000008,31.693281744007,-32.8182695948173));
#9869=CARTESIAN_POINT('',(-6.80000000000008,28.5266048702522,-32.4894841157486));
#9870=CARTESIAN_POINT('Ctrl Pts',(-6.80000000000008,28.4365637096687,-32.8182695948173));
#9871=CARTESIAN_POINT('Ctrl Pts',(-6.80000000000008,28.4372643353838,-32.7496810594619));
#9872=CARTESIAN_POINT('Ctrl Pts',(-6.80000000000008,28.4384738543141,-32.6312738555463));
#9873=CARTESIAN_POINT('Ctrl Pts',(-6.80000000000008,28.500505615671,-32.531473947326));
#9874=CARTESIAN_POINT('Ctrl Pts',(-6.80000000000008,28.5266048702522,-32.4894841157486));
#9875=CARTESIAN_POINT('',(-6.80000000000008,29.0504790338799,-32.2125400744964));
#9876=CARTESIAN_POINT('Ctrl Pts',(-6.80000000000008,28.5266048702522,-32.4894841157486));
#9877=CARTESIAN_POINT('Ctrl Pts',(-6.80000000000008,28.5843491331155,-32.4490673457534));
#9878=CARTESIAN_POINT('Ctrl Pts',(-6.80000000000008,28.7469855639085,-32.335233712934));
#9879=CARTESIAN_POINT('Ctrl Pts',(-6.80000000000008,28.9314858190617,-32.2606455921433));
#9880=CARTESIAN_POINT('Ctrl Pts',(-6.80000000000008,29.0504790338799,-32.2125400744964));
#9881=CARTESIAN_POINT('',(-6.80000000000008,29.5034123453423,-31.9778879128982));
#9882=CARTESIAN_POINT('Ctrl Pts',(-6.80000000000008,29.0504790338799,-32.2125400744964));
#9883=CARTESIAN_POINT('Ctrl Pts',(-6.80000000000008,29.1473850078884,-32.1723592420039));
#9884=CARTESIAN_POINT('Ctrl Pts',(-6.80000000000008,29.305211071241,-32.1069186674736));
#9885=CARTESIAN_POINT('Ctrl Pts',(-6.80000000000008,29.4482139376102,-32.0138225567764));
#9886=CARTESIAN_POINT('Ctrl Pts',(-6.80000000000008,29.5034123453423,-31.9778879128982));
#9887=CARTESIAN_POINT('',(-6.80000000000009,29.6507520469948,-31.7705209695389));
#9888=CARTESIAN_POINT('Ctrl Pts',(-6.80000000000008,29.5034123453423,-31.9778879128982));
#9889=CARTESIAN_POINT('Ctrl Pts',(-6.80000000000008,29.5365801586943,-31.9474971935056));
#9890=CARTESIAN_POINT('Ctrl Pts',(-6.80000000000008,29.6005930502197,-31.8888440105774));
#9891=CARTESIAN_POINT('Ctrl Pts',(-6.80000000000008,29.6344417867021,-31.8089962127065));
#9892=CARTESIAN_POINT('Ctrl Pts',(-6.80000000000009,29.6507520469948,-31.7705209695389));
#9893=CARTESIAN_POINT('',(-6.80000000000009,29.6889511737152,-31.3939859115173));
#9894=CARTESIAN_POINT('Ctrl Pts',(-6.80000000000009,29.6507520469948,-31.7705209695389));
#9895=CARTESIAN_POINT('Ctrl Pts',(-6.80000000000009,29.6618055717838,-31.7197607810778));
#9896=CARTESIAN_POINT('Ctrl Pts',(-6.80000000000009,29.6887818337593,-31.5958799224389));
#9897=CARTESIAN_POINT('Ctrl Pts',(-6.80000000000009,29.6888883201367,-31.4689225146602));
#9898=CARTESIAN_POINT('Ctrl Pts',(-6.80000000000009,29.6889511737152,-31.3939859115173));
#9899=CARTESIAN_POINT('',(-6.80000000000009,29.6889511737152,-31.2957592450668));
#9900=CARTESIAN_POINT('',(-6.80000000000009,29.6889511737152,-27.9653034565562));
#9901=CARTESIAN_POINT('',(-6.80000000000009,29.2824027928635,-31.2957592450668));
#9902=CARTESIAN_POINT('',(-6.80000000000009,32.1162012856043,-31.2957592450668));
#9903=CARTESIAN_POINT('',(-6.80000000000009,29.2851311954781,-31.432185336261));
#9904=CARTESIAN_POINT('',(-6.80000000000009,29.2183203852653,-28.0914988708222));
#9905=CARTESIAN_POINT('',(-6.80000000000009,29.227832654409,-31.6804798089554));
#9906=CARTESIAN_POINT('Ctrl Pts',(-6.80000000000009,29.2851311954781,-31.432185336261));
#9907=CARTESIAN_POINT('Ctrl Pts',(-6.80000000000009,29.2859932522593,-31.4867183954201));
#9908=CARTESIAN_POINT('Ctrl Pts',(-6.80000000000009,29.2873909479004,-31.5751355632313));
#9909=CARTESIAN_POINT('Ctrl Pts',(-6.80000000000009,29.2443335425939,-31.6512937205416));
#9910=CARTESIAN_POINT('Ctrl Pts',(-6.80000000000009,29.227832654409,-31.6804798089554));
#9911=CARTESIAN_POINT('',(-6.80000000000008,28.8703973087593,-31.8551047288467));
#9912=CARTESIAN_POINT('Ctrl Pts',(-6.80000000000009,29.227832654409,-31.6804798089554));
#9913=CARTESIAN_POINT('Ctrl Pts',(-6.80000000000009,29.1885580880483,-31.7055850240003));
#9914=CARTESIAN_POINT('Ctrl Pts',(-6.80000000000009,29.0763645726629,-31.7773017249443));
#9915=CARTESIAN_POINT('Ctrl Pts',(-6.80000000000008,28.9515313181044,-31.8244568019575));
#9916=CARTESIAN_POINT('Ctrl Pts',(-6.80000000000008,28.8703973087593,-31.8551047288467));
#9917=CARTESIAN_POINT('',(-6.80000000000008,28.4774912390038,-32.0597429715683));
#9918=CARTESIAN_POINT('Ctrl Pts',(-6.80000000000008,28.8703973087593,-31.8551047288467));
#9919=CARTESIAN_POINT('Ctrl Pts',(-6.80000000000008,28.788535412883,-31.8874117005027));
#9920=CARTESIAN_POINT('Ctrl Pts',(-6.80000000000008,28.6502290717901,-31.941994592747));
#9921=CARTESIAN_POINT('Ctrl Pts',(-6.80000000000008,28.5275556897015,-32.0256160648499));
#9922=CARTESIAN_POINT('Ctrl Pts',(-6.80000000000008,28.4774912390038,-32.0597429715683));
#9923=CARTESIAN_POINT('',(-6.80000000000008,28.2783098015114,-32.3462368690063));
#9924=CARTESIAN_POINT('Ctrl Pts',(-6.80000000000008,28.4774912390038,-32.0597429715683));
#9925=CARTESIAN_POINT('Ctrl Pts',(-6.80000000000008,28.4406745295839,-32.0976361001995));
#9926=CARTESIAN_POINT('Ctrl Pts',(-6.80000000000008,28.3586757563301,-32.1820322918055));
#9927=CARTESIAN_POINT('Ctrl Pts',(-6.80000000000008,28.3068604840186,-32.2879018095839));
#9928=CARTESIAN_POINT('Ctrl Pts',(-6.80000000000008,28.2783098015114,-32.3462368690063));
#9929=CARTESIAN_POINT('',(-6.80000000000009,27.6889512929245,-31.7241360389282));
#9930=CARTESIAN_POINT('Ctrl Pts',(-6.80000000000008,28.2783098015114,-32.3462368690063));
#9931=CARTESIAN_POINT('Ctrl Pts',(-6.80000000000008,28.2221584085339,-32.2353433317288));
#9932=CARTESIAN_POINT('Ctrl Pts',(-6.80000000000008,28.0886907094323,-31.9717576131771));
#9933=CARTESIAN_POINT('Ctrl Pts',(-6.80000000000008,27.8355771010046,-31.8149644934736));
#9934=CARTESIAN_POINT('Ctrl Pts',(-6.80000000000009,27.6889512929245,-31.7241360389282));
#9935=CARTESIAN_POINT('',(-6.80000000000009,26.7912704738899,-31.1866189681579));
#9936=CARTESIAN_POINT('',(-6.80000000000008,28.3501588943859,-32.1200566886429));
#9937=CARTESIAN_POINT('',(-6.80000000000009,26.7912704738899,-31.726864739566));
#9938=CARTESIAN_POINT('',(-6.80000000000009,26.7912704738899,-28.1808562038058));
#9939=CARTESIAN_POINT('',(-6.80000000000008,27.6889512929245,-32.2507389031936));
#9940=CARTESIAN_POINT('',(-6.80000000000008,28.739442195539,-32.863790927183));
#9941=CARTESIAN_POINT('',(-6.80000000000008,28.0450219902321,-32.5317759954025));
#9942=CARTESIAN_POINT('Ctrl Pts',(-6.80000000000008,27.6889512929245,-32.2507389031936));
#9943=CARTESIAN_POINT('Ctrl Pts',(-6.80000000000008,27.7667938521417,-32.2971384159446));
#9944=CARTESIAN_POINT('Ctrl Pts',(-6.80000000000008,27.8980925787354,-32.3754014766665));
#9945=CARTESIAN_POINT('Ctrl Pts',(-6.80000000000008,28.0025100813743,-32.4865312808116));
#9946=CARTESIAN_POINT('Ctrl Pts',(-6.80000000000008,28.0450219902321,-32.5317759954025));
#9947=CARTESIAN_POINT('',(-6.80000000000008,28.1309700998589,-32.8182695948173));
#9948=CARTESIAN_POINT('Ctrl Pts',(-6.80000000000008,28.0450219902321,-32.5317759954025));
#9949=CARTESIAN_POINT('Ctrl Pts',(-6.80000000000008,28.0700829383559,-32.5745672410057));
#9950=CARTESIAN_POINT('Ctrl Pts',(-6.80000000000008,28.1218703904426,-32.6629936473194));
#9951=CARTESIAN_POINT('Ctrl Pts',(-6.80000000000008,28.1278725178236,-32.7654129635259));
#9952=CARTESIAN_POINT('Ctrl Pts',(-6.80000000000008,28.1309700998589,-32.8182695948173));
#9953=CARTESIAN_POINT('',(-6.80000000000008,26.7912704738899,-32.8182695948173));
#9954=CARTESIAN_POINT('',(-6.80000000000008,30.8706351261176,-32.8182695948173));
#9955=CARTESIAN_POINT('',(-6.80000000000008,26.7912704738899,-33.3094020330002));
#9956=CARTESIAN_POINT('',(-6.80000000000009,26.7912704738899,-28.9721248505228));
#9957=CARTESIAN_POINT('',(-6.80000000000008,32.3194754760302,-33.3094020330002));
#9958=CARTESIAN_POINT('',(-6.80000000000007,39.0000005811453,-37.000000551343));
#9959=CARTESIAN_POINT('',(-6.80000000000007,43.0000006407499,-37.000000551343));
#9960=CARTESIAN_POINT('',(-6.80000000000007,38.9750002095476,-37.000000551343));
#9961=CARTESIAN_POINT('',(-6.80000000000007,43.0000006407499,-35.4911329597235));
#9962=CARTESIAN_POINT('',(-6.80000000000009,43.0000006407499,-30.0629903138845));
#9963=CARTESIAN_POINT('',(-6.80000000000008,42.9618012160063,-34.8826744407416));
#9964=CARTESIAN_POINT('Ctrl Pts',(-6.80000000000007,43.0000006407499,-35.4911329597235));
#9965=CARTESIAN_POINT('Ctrl Pts',(-6.80000000000008,42.9996356677815,-35.3738393181485));
#9966=CARTESIAN_POINT('Ctrl Pts',(-6.80000000000008,42.9990019667194,-35.1701828513398));
#9967=CARTESIAN_POINT('Ctrl Pts',(-6.80000000000008,42.9728789684888,-34.9682895680762));
#9968=CARTESIAN_POINT('Ctrl Pts',(-6.80000000000008,42.9618012160063,-34.8826744407416));
#9969=CARTESIAN_POINT('',(-6.80000000000008,42.7748983353376,-34.3888135999441));
#9970=CARTESIAN_POINT('Ctrl Pts',(-6.80000000000008,42.9618012160063,-34.8826744407416));
#9971=CARTESIAN_POINT('Ctrl Pts',(-6.80000000000008,42.943099390527,-34.7904568013019));
#9972=CARTESIAN_POINT('Ctrl Pts',(-6.80000000000008,42.9076183556281,-34.6155018330349));
#9973=CARTESIAN_POINT('Ctrl Pts',(-6.80000000000008,42.817510784699,-34.4615964463622));
#9974=CARTESIAN_POINT('Ctrl Pts',(-6.80000000000008,42.7748983353376,-34.3888135999441));
#9975=CARTESIAN_POINT('',(-6.80000000000008,42.3888137191534,-34.0682133287192));
#9976=CARTESIAN_POINT('Ctrl Pts',(-6.80000000000008,42.7748983353376,-34.3888135999441));
#9977=CARTESIAN_POINT('Ctrl Pts',(-6.80000000000008,42.7230164129395,-34.325013681804));
#9978=CARTESIAN_POINT('Ctrl Pts',(-6.80000000000008,42.6155313094516,-34.1928377621997));
#9979=CARTESIAN_POINT('Ctrl Pts',(-6.80000000000008,42.4661106216393,-34.110702677117));
#9980=CARTESIAN_POINT('Ctrl Pts',(-6.80000000000008,42.3888137191534,-34.0682133287192));
#9981=CARTESIAN_POINT('',(-6.80000000000008,41.8431111425161,-33.9467944949865));
#9982=CARTESIAN_POINT('Ctrl Pts',(-6.80000000000008,42.3888137191534,-34.0682133287192));
#9983=CARTESIAN_POINT('Ctrl Pts',(-6.80000000000008,42.3030925712482,-34.0328031744018));
#9984=CARTESIAN_POINT('Ctrl Pts',(-6.80000000000008,42.1283231004108,-33.9606084583539));
#9985=CARTESIAN_POINT('Ctrl Pts',(-6.80000000000008,41.9393807919883,-33.9514572216864));
#9986=CARTESIAN_POINT('Ctrl Pts',(-6.80000000000008,41.8431111425161,-33.9467944949865));
#9987=CARTESIAN_POINT('',(-6.80000000000008,40.9795366972685,-34.2714878171682));
#9988=CARTESIAN_POINT('Ctrl Pts',(-6.80000000000008,41.8431111425161,-33.9467944949865));
#9989=CARTESIAN_POINT('Ctrl Pts',(-6.80000000000008,41.680611303041,-33.9593787416428));
#9990=CARTESIAN_POINT('Ctrl Pts',(-6.80000000000008,41.361048331333,-33.9841262076783));
#9991=CARTESIAN_POINT('Ctrl Pts',(-6.80000000000008,41.1052566520381,-34.1767932251247));
#9992=CARTESIAN_POINT('Ctrl Pts',(-6.80000000000008,40.9795366972685,-34.2714878171682));
#9993=CARTESIAN_POINT('',(-6.80000000000007,40.6261941045523,-35.4447481781244));
#9994=CARTESIAN_POINT('Ctrl Pts',(-6.80000000000008,40.9795366972685,-34.2714878171682));
#9995=CARTESIAN_POINT('Ctrl Pts',(-6.80000000000008,40.8771034740475,-34.4186306762086));
#9996=CARTESIAN_POINT('Ctrl Pts',(-6.80000000000008,40.6341695394314,-34.7675994245633));
#9997=CARTESIAN_POINT('Ctrl Pts',(-6.80000000000008,40.6291165172394,-35.1966227607022));
#9998=CARTESIAN_POINT('Ctrl Pts',(-6.80000000000007,40.6261941045523,-35.4447481781244));
#9999=CARTESIAN_POINT('',(-6.80000000000007,40.6261941045523,-36.4706690609455));
#10000=CARTESIAN_POINT('',(-6.80000000000009,40.6261941045523,-30.5527583644955));
#10001=CARTESIAN_POINT('',(-6.80000000000007,39.0000005811453,-36.4706690609455));
#10002=CARTESIAN_POINT('',(-6.80000000000007,36.9750001797453,-36.4706690609455));
#10003=CARTESIAN_POINT('',(-6.80000000000009,39.0000005811453,-30.8174241096943));
#10004=CARTESIAN_POINT('',(-6.80000000000009,39.9331518262625,-31.5975447744131));
#10005=CARTESIAN_POINT('',(-6.80000000000009,39.870396181941,-31.0900416225195));
#10006=CARTESIAN_POINT('',(-6.8000000000001,39.4402446159053,-27.6114178602183));
#10007=CARTESIAN_POINT('',(-6.80000000000009,39.1800823062658,-31.5347888320685));
#10008=CARTESIAN_POINT('Ctrl Pts',(-6.80000000000009,39.870396181941,-31.0900416225195));
#10009=CARTESIAN_POINT('Ctrl Pts',(-6.80000000000009,39.7319314295371,-31.1366681832517));
#10010=CARTESIAN_POINT('Ctrl Pts',(-6.80000000000009,39.4639766729267,-31.2268991518965));
#10011=CARTESIAN_POINT('Ctrl Pts',(-6.80000000000009,39.2725768774801,-31.434476436709));
#10012=CARTESIAN_POINT('Ctrl Pts',(-6.80000000000009,39.1800823062658,-31.5347888320685));
#10013=CARTESIAN_POINT('',(-6.80000000000008,38.9345165342093,-32.3642572015524));
#10014=CARTESIAN_POINT('Ctrl Pts',(-6.80000000000009,39.1800823062658,-31.5347888320685));
#10015=CARTESIAN_POINT('Ctrl Pts',(-6.80000000000009,39.1085239156612,-31.6549100790718));
#10016=CARTESIAN_POINT('Ctrl Pts',(-6.80000000000008,38.9566084828419,-31.9099223994319));
#10017=CARTESIAN_POINT('Ctrl Pts',(-6.80000000000008,38.942159470156,-32.2070754224016));
#10018=CARTESIAN_POINT('Ctrl Pts',(-6.80000000000008,38.9345165342093,-32.3642572015524));
#10019=CARTESIAN_POINT('',(-6.80000000000008,39.3260579556227,-33.3724426478148));
#10020=CARTESIAN_POINT('Ctrl Pts',(-6.80000000000008,38.9345165342093,-32.3642572015524));
#10021=CARTESIAN_POINT('Ctrl Pts',(-6.80000000000008,38.9476223846605,-32.5620323016635));
#10022=CARTESIAN_POINT('Ctrl Pts',(-6.80000000000008,38.9726847850799,-32.9402388721118));
#10023=CARTESIAN_POINT('Ctrl Pts',(-6.80000000000008,39.2119238722203,-33.2328474948858));
#10024=CARTESIAN_POINT('Ctrl Pts',(-6.80000000000008,39.3260579556227,-33.3724426478148));
#10025=CARTESIAN_POINT('',(-6.80000000000008,40.4242842644453,-33.7448846548796));
#10026=CARTESIAN_POINT('Ctrl Pts',(-6.80000000000008,39.3260579556227,-33.3724426478148));
#10027=CARTESIAN_POINT('Ctrl Pts',(-6.80000000000008,39.4773734815308,-33.4809123048797));
#10028=CARTESIAN_POINT('Ctrl Pts',(-6.80000000000008,39.8042754495531,-33.7152500845123));
#10029=CARTESIAN_POINT('Ctrl Pts',(-6.80000000000008,40.2076322189647,-33.7345293339022));
#10030=CARTESIAN_POINT('Ctrl Pts',(-6.80000000000008,40.4242842644453,-33.7448846548796));
#10031=CARTESIAN_POINT('',(-6.80000000000008,41.5593456476927,-33.3683498948813));
#10032=CARTESIAN_POINT('Ctrl Pts',(-6.80000000000008,40.4242842644453,-33.7448846548796));
#10033=CARTESIAN_POINT('Ctrl Pts',(-6.80000000000008,40.6481211882682,-33.7346700571987));
#10034=CARTESIAN_POINT('Ctrl Pts',(-6.80000000000008,41.0636054643953,-33.7157098041229));
#10035=CARTESIAN_POINT('Ctrl Pts',(-6.80000000000008,41.4028601524382,-33.4779976282316));
#10036=CARTESIAN_POINT('Ctrl Pts',(-6.80000000000008,41.5593456476927,-33.3683498948813));
#10037=CARTESIAN_POINT('',(-6.80000000000008,41.9631656259298,-32.3915424197912));
#10038=CARTESIAN_POINT('Ctrl Pts',(-6.80000000000008,41.5593456476927,-33.3683498948813));
#10039=CARTESIAN_POINT('Ctrl Pts',(-6.80000000000008,41.6771079555864,-33.2312432885558));
#10040=CARTESIAN_POINT('Ctrl Pts',(-6.80000000000008,41.9183529293659,-32.9503700597647));
#10041=CARTESIAN_POINT('Ctrl Pts',(-6.80000000000008,41.9479937808722,-32.580739835205));
#10042=CARTESIAN_POINT('Ctrl Pts',(-6.80000000000008,41.9631656259298,-32.3915424197912));
#10043=CARTESIAN_POINT('',(-6.80000000000009,41.5675311535597,-31.4420195668936));
#10044=CARTESIAN_POINT('Ctrl Pts',(-6.80000000000008,41.9631656259298,-32.3915424197912));
#10045=CARTESIAN_POINT('Ctrl Pts',(-6.80000000000008,41.9480789196275,-32.2080082201729));
#10046=CARTESIAN_POINT('Ctrl Pts',(-6.80000000000008,41.9185132219887,-31.8483328514371));
#10047=CARTESIAN_POINT('Ctrl Pts',(-6.80000000000009,41.6829109291076,-31.5755886001567));
#10048=CARTESIAN_POINT('Ctrl Pts',(-6.80000000000009,41.5675311535597,-31.4420195668936));
#10049=CARTESIAN_POINT('',(-6.80000000000009,40.4542978852987,-31.0736706107855));
#10050=CARTESIAN_POINT('Ctrl Pts',(-6.80000000000009,41.5675311535597,-31.4420195668936));
#10051=CARTESIAN_POINT('Ctrl Pts',(-6.80000000000009,41.4140992024828,-31.3347578835976));
#10052=CARTESIAN_POINT('Ctrl Pts',(-6.80000000000009,41.0812411810616,-31.1020624676455));
#10053=CARTESIAN_POINT('Ctrl Pts',(-6.80000000000009,40.6738830211552,-31.0836147792421));
#10054=CARTESIAN_POINT('Ctrl Pts',(-6.80000000000009,40.4542978852987,-31.0736706107855));
#10055=CARTESIAN_POINT('',(-6.80000000000009,40.3233291953802,-31.0763993114233));
#10056=CARTESIAN_POINT('Ctrl Pts',(-6.80000000000009,40.4542978852987,-31.0736706107855));
#10057=CARTESIAN_POINT('Ctrl Pts',(-6.80000000000009,40.4361066763727,-31.0738437635383));
#10058=CARTESIAN_POINT('Ctrl Pts',(-6.80000000000009,40.3924407443517,-31.0742593970656));
#10059=CARTESIAN_POINT('Ctrl Pts',(-6.80000000000009,40.3487931943799,-31.0756108646604));
#10060=CARTESIAN_POINT('Ctrl Pts',(-6.80000000000009,40.3233291953802,-31.0763993114233));
#10061=CARTESIAN_POINT('',(-6.80000000000008,40.3233291953802,-33.2373812049627));
#10062=CARTESIAN_POINT('',(-6.80000000000009,40.3233291953802,-28.9361144365041));
#10063=CARTESIAN_POINT('',(-6.80000000000008,39.59208779037,-32.9672583192587));
#10064=CARTESIAN_POINT('Ctrl Pts',(-6.80000000000008,40.3233291953802,-33.2373812049627));
#10065=CARTESIAN_POINT('Ctrl Pts',(-6.80000000000008,40.1778350297872,-33.2231889238649));
#10066=CARTESIAN_POINT('Ctrl Pts',(-6.80000000000008,39.9093917187197,-33.1970035238251));
#10067=CARTESIAN_POINT('Ctrl Pts',(-6.80000000000008,39.6917633109228,-33.0394287867936));
#10068=CARTESIAN_POINT('Ctrl Pts',(-6.80000000000008,39.59208779037,-32.9672583192587));
#10069=CARTESIAN_POINT('',(-6.80000000000008,39.3383362144232,-32.3615285009146));
#10070=CARTESIAN_POINT('Ctrl Pts',(-6.80000000000008,39.59208779037,-32.9672583192587));
#10071=CARTESIAN_POINT('Ctrl Pts',(-6.80000000000008,39.5180786642513,-32.8807607931466));
#10072=CARTESIAN_POINT('Ctrl Pts',(-6.80000000000008,39.3686806089803,-32.7061531080596));
#10073=CARTESIAN_POINT('Ctrl Pts',(-6.80000000000008,39.3485130999635,-32.4771085028389));
#10074=CARTESIAN_POINT('Ctrl Pts',(-6.80000000000008,39.3383362144232,-32.3615285009146));
#10075=CARTESIAN_POINT('',(-6.80000000000008,39.4802188128233,-31.9004096835852));
#10076=CARTESIAN_POINT('Ctrl Pts',(-6.80000000000008,39.3383362144232,-32.3615285009146));
#10077=CARTESIAN_POINT('Ctrl Pts',(-6.80000000000008,39.3433961456154,-32.2759584572126));
#10078=CARTESIAN_POINT('Ctrl Pts',(-6.80000000000008,39.353181283814,-32.1104789928744));
#10079=CARTESIAN_POINT('Ctrl Pts',(-6.80000000000008,39.4388498023922,-31.9688174959459));
#10080=CARTESIAN_POINT('Ctrl Pts',(-6.80000000000008,39.4802188128233,-31.9004096835852));
#10081=CARTESIAN_POINT('Ctrl Pts',(-6.80000000000008,39.4802188128233,-31.9004096835852));
#10082=CARTESIAN_POINT('Ctrl Pts',(-6.80000000000008,39.5384405861037,-31.8387270657245));
#10083=CARTESIAN_POINT('Ctrl Pts',(-6.80000000000009,39.6659526603052,-31.7036353620123));
#10084=CARTESIAN_POINT('Ctrl Pts',(-6.80000000000009,39.8390761800539,-31.6348972135545));
#10085=CARTESIAN_POINT('Ctrl Pts',(-6.80000000000009,39.9331518262625,-31.5975447744131));
#10086=CARTESIAN_POINT('Origin',(-6.80000000000007,29.1105062755867,-35.5986246608783));
#10087=CARTESIAN_POINT('',(-6.80000000000007,29.1105062755867,-36.4635632329275));
#10088=CARTESIAN_POINT('',(-6.80000000000007,29.1105062755867,-35.5986246608783));
#10089=CARTESIAN_POINT('',(-6.80000000000009,29.1105062755867,-30.1167361644619));
#10090=CARTESIAN_POINT('',(-7.60000000000007,29.1105062755867,-36.4635632329275));
#10091=CARTESIAN_POINT('',(-6.80000000000007,29.1105062755867,-36.4635632329275));
#10092=CARTESIAN_POINT('',(-7.60000000000007,29.1105062755867,-35.5986246608784));
#10093=CARTESIAN_POINT('',(-7.60000000000007,29.1105062755867,-36.4635632329275));
#10094=CARTESIAN_POINT('',(-6.80000000000007,29.1105062755867,-35.5986246608783));
#10095=CARTESIAN_POINT('Ctrl Pts',(-6.80000000000008,29.1568912061974,-35.0938497625877));
#10096=CARTESIAN_POINT('Ctrl Pts',(-7.60000000000007,29.1568912061974,-35.0938497625877));
#10097=CARTESIAN_POINT('Ctrl Pts',(-6.80000000000008,29.1434802135558,-35.1611906397548));
#10098=CARTESIAN_POINT('Ctrl Pts',(-7.60000000000007,29.1434802135558,-35.1611906397549));
#10099=CARTESIAN_POINT('Ctrl Pts',(-6.80000000000008,29.1103396567384,-35.3275999597451));
#10100=CARTESIAN_POINT('Ctrl Pts',(-7.60000000000007,29.1103396567384,-35.3275999597451));
#10101=CARTESIAN_POINT('Ctrl Pts',(-6.80000000000007,29.1104440983645,-35.4974862648661));
#10102=CARTESIAN_POINT('Ctrl Pts',(-7.60000000000007,29.1104440983645,-35.4974862648661));
#10103=CARTESIAN_POINT('Ctrl Pts',(-6.80000000000007,29.1105062755867,-35.5986246608783));
#10104=CARTESIAN_POINT('Ctrl Pts',(-7.60000000000007,29.1105062755867,-35.5986246608784));
#10105=CARTESIAN_POINT('',(-6.80000000000008,29.1568912061974,-35.0938497625877));
#10106=CARTESIAN_POINT('Ctrl Pts',(-6.80000000000007,29.1105062755867,-35.5986246608783));
#10107=CARTESIAN_POINT('Ctrl Pts',(-6.80000000000007,29.1104440983645,-35.4974862648661));
#10108=CARTESIAN_POINT('Ctrl Pts',(-6.80000000000008,29.1103396567384,-35.3275999597451));
#10109=CARTESIAN_POINT('Ctrl Pts',(-6.80000000000008,29.1434802135558,-35.1611906397548));
#10110=CARTESIAN_POINT('Ctrl Pts',(-6.80000000000008,29.1568912061974,-35.0938497625877));
#10111=CARTESIAN_POINT('',(-7.60000000000007,29.1568912061974,-35.0938497625877));
#10112=CARTESIAN_POINT('Ctrl Pts',(-7.60000000000007,29.1568912061974,-35.0938497625877));
#10113=CARTESIAN_POINT('Ctrl Pts',(-7.60000000000007,29.1434802135558,-35.1611906397549));
#10114=CARTESIAN_POINT('Ctrl Pts',(-7.60000000000007,29.1103396567384,-35.3275999597451));
#10115=CARTESIAN_POINT('Ctrl Pts',(-7.60000000000007,29.1104440983645,-35.4974862648661));
#10116=CARTESIAN_POINT('Ctrl Pts',(-7.60000000000007,29.1105062755867,-35.5986246608784));
#10117=CARTESIAN_POINT('',(-6.80000000000008,29.1568912061974,-35.0938497625877));
#10118=CARTESIAN_POINT('Ctrl Pts',(-6.80000000000008,29.3560726436897,-34.7896205030967));
#10119=CARTESIAN_POINT('Ctrl Pts',(-7.60000000000008,29.3560726436897,-34.7896205030967));
#10120=CARTESIAN_POINT('Ctrl Pts',(-6.80000000000008,29.3125218825272,-34.8295163649634));
#10121=CARTESIAN_POINT('Ctrl Pts',(-7.60000000000008,29.3125218825272,-34.8295163649634));
#10122=CARTESIAN_POINT('Ctrl Pts',(-6.80000000000008,29.2204977120963,-34.9138176146751));
#10123=CARTESIAN_POINT('Ctrl Pts',(-7.60000000000008,29.2204977120963,-34.9138176146751));
#10124=CARTESIAN_POINT('Ctrl Pts',(-6.80000000000008,29.1788362404048,-35.0317364364656));
#10125=CARTESIAN_POINT('Ctrl Pts',(-7.60000000000007,29.1788362404048,-35.0317364364656));
#10126=CARTESIAN_POINT('Ctrl Pts',(-6.80000000000008,29.1568912061974,-35.0938497625877));
#10127=CARTESIAN_POINT('Ctrl Pts',(-7.60000000000007,29.1568912061974,-35.0938497625877));
#10128=CARTESIAN_POINT('',(-6.80000000000008,29.3560726436897,-34.7896205030967));
#10129=CARTESIAN_POINT('Ctrl Pts',(-6.80000000000008,29.1568912061974,-35.0938497625877));
#10130=CARTESIAN_POINT('Ctrl Pts',(-6.80000000000008,29.1788362404048,-35.0317364364656));
#10131=CARTESIAN_POINT('Ctrl Pts',(-6.80000000000008,29.2204977120963,-34.9138176146751));
#10132=CARTESIAN_POINT('Ctrl Pts',(-6.80000000000008,29.3125218825272,-34.8295163649634));
#10133=CARTESIAN_POINT('Ctrl Pts',(-6.80000000000008,29.3560726436897,-34.7896205030967));
#10134=CARTESIAN_POINT('',(-7.60000000000008,29.3560726436897,-34.7896205030967));
#10135=CARTESIAN_POINT('Ctrl Pts',(-7.60000000000008,29.3560726436897,-34.7896205030967));
#10136=CARTESIAN_POINT('Ctrl Pts',(-7.60000000000008,29.3125218825272,-34.8295163649634));
#10137=CARTESIAN_POINT('Ctrl Pts',(-7.60000000000008,29.2204977120963,-34.9138176146751));
#10138=CARTESIAN_POINT('Ctrl Pts',(-7.60000000000007,29.1788362404048,-35.0317364364656));
#10139=CARTESIAN_POINT('Ctrl Pts',(-7.60000000000007,29.1568912061974,-35.0938497625877));
#10140=CARTESIAN_POINT('',(-6.80000000000008,29.3560726436897,-34.7896205030967));
#10141=CARTESIAN_POINT('Ctrl Pts',(-6.80000000000008,29.7053221854492,-34.687301381736));
#10142=CARTESIAN_POINT('Ctrl Pts',(-7.60000000000008,29.7053221854492,-34.687301381736));
#10143=CARTESIAN_POINT('Ctrl Pts',(-6.80000000000008,29.6396195749342,-34.6905926392495));
#10144=CARTESIAN_POINT('Ctrl Pts',(-7.60000000000008,29.6396195749342,-34.6905926392495));
#10145=CARTESIAN_POINT('Ctrl Pts',(-6.80000000000008,29.5147833422238,-34.6968460922806));
#10146=CARTESIAN_POINT('Ctrl Pts',(-7.60000000000008,29.5147833422238,-34.6968460922806));
#10147=CARTESIAN_POINT('Ctrl Pts',(-6.80000000000008,29.4070871889275,-34.7597999275388));
#10148=CARTESIAN_POINT('Ctrl Pts',(-7.60000000000008,29.4070871889275,-34.7597999275388));
#10149=CARTESIAN_POINT('Ctrl Pts',(-6.80000000000008,29.3560726436897,-34.7896205030967));
#10150=CARTESIAN_POINT('Ctrl Pts',(-7.60000000000008,29.3560726436897,-34.7896205030967));
#10151=CARTESIAN_POINT('',(-6.80000000000008,29.7053221854492,-34.687301381736));
#10152=CARTESIAN_POINT('Ctrl Pts',(-6.80000000000008,29.3560726436897,-34.7896205030967));
#10153=CARTESIAN_POINT('Ctrl Pts',(-6.80000000000008,29.4070871889275,-34.7597999275388));
#10154=CARTESIAN_POINT('Ctrl Pts',(-6.80000000000008,29.5147833422238,-34.6968460922806));
#10155=CARTESIAN_POINT('Ctrl Pts',(-6.80000000000008,29.6396195749342,-34.6905926392495));
#10156=CARTESIAN_POINT('Ctrl Pts',(-6.80000000000008,29.7053221854492,-34.687301381736));
#10157=CARTESIAN_POINT('',(-7.60000000000008,29.7053221854492,-34.687301381736));
#10158=CARTESIAN_POINT('Ctrl Pts',(-7.60000000000008,29.7053221854492,-34.687301381736));
#10159=CARTESIAN_POINT('Ctrl Pts',(-7.60000000000008,29.6396195749342,-34.6905926392495));
#10160=CARTESIAN_POINT('Ctrl Pts',(-7.60000000000008,29.5147833422238,-34.6968460922806));
#10161=CARTESIAN_POINT('Ctrl Pts',(-7.60000000000008,29.4070871889275,-34.7597999275388));
#10162=CARTESIAN_POINT('Ctrl Pts',(-7.60000000000008,29.3560726436897,-34.7896205030967));
#10163=CARTESIAN_POINT('',(-6.80000000000008,29.7053221854492,-34.687301381736));
#10164=CARTESIAN_POINT('Ctrl Pts',(-6.80000000000008,30.0559360775276,-34.7827990495254));
#10165=CARTESIAN_POINT('Ctrl Pts',(-7.60000000000008,30.0559360775276,-34.7827990495254));
#10166=CARTESIAN_POINT('Ctrl Pts',(-6.80000000000008,30.0025790574916,-34.754951712679));
#10167=CARTESIAN_POINT('Ctrl Pts',(-7.60000000000008,30.0025790574916,-34.754951712679));
#10168=CARTESIAN_POINT('Ctrl Pts',(-6.80000000000008,29.8927602015702,-34.6976366176669));
#10169=CARTESIAN_POINT('Ctrl Pts',(-7.60000000000008,29.8927602015702,-34.6976366176669));
#10170=CARTESIAN_POINT('Ctrl Pts',(-6.80000000000008,29.768968146925,-34.6908107873599));
#10171=CARTESIAN_POINT('Ctrl Pts',(-7.60000000000008,29.768968146925,-34.6908107873599));
#10172=CARTESIAN_POINT('Ctrl Pts',(-6.80000000000008,29.7053221854492,-34.687301381736));
#10173=CARTESIAN_POINT('Ctrl Pts',(-7.60000000000008,29.7053221854492,-34.687301381736));
#10174=CARTESIAN_POINT('',(-6.80000000000008,30.0559360775276,-34.7827990495254));
#10175=CARTESIAN_POINT('Ctrl Pts',(-6.80000000000008,29.7053221854492,-34.687301381736));
#10176=CARTESIAN_POINT('Ctrl Pts',(-6.80000000000008,29.768968146925,-34.6908107873599));
#10177=CARTESIAN_POINT('Ctrl Pts',(-6.80000000000008,29.8927602015702,-34.6976366176669));
#10178=CARTESIAN_POINT('Ctrl Pts',(-6.80000000000008,30.0025790574916,-34.754951712679));
#10179=CARTESIAN_POINT('Ctrl Pts',(-6.80000000000008,30.0559360775276,-34.7827990495254));
#10180=CARTESIAN_POINT('',(-7.60000000000008,30.0559360775276,-34.7827990495254));
#10181=CARTESIAN_POINT('Ctrl Pts',(-7.60000000000008,30.0559360775276,-34.7827990495254));
#10182=CARTESIAN_POINT('Ctrl Pts',(-7.60000000000008,30.0025790574916,-34.754951712679));
#10183=CARTESIAN_POINT('Ctrl Pts',(-7.60000000000008,29.8927602015702,-34.6976366176669));
#10184=CARTESIAN_POINT('Ctrl Pts',(-7.60000000000008,29.768968146925,-34.6908107873599));
#10185=CARTESIAN_POINT('Ctrl Pts',(-7.60000000000008,29.7053221854492,-34.687301381736));
#10186=CARTESIAN_POINT('',(-6.80000000000008,30.0559360775276,-34.7827990495254));
#10187=CARTESIAN_POINT('Ctrl Pts',(-6.80000000000008,30.263303020887,-35.0556506358673));
#10188=CARTESIAN_POINT('Ctrl Pts',(-7.60000000000007,30.263303020887,-35.0556506358673));
#10189=CARTESIAN_POINT('Ctrl Pts',(-6.80000000000008,30.2409469103927,-35.0001136737197));
#10190=CARTESIAN_POINT('Ctrl Pts',(-7.60000000000007,30.2409469103927,-35.0001136737197));
#10191=CARTESIAN_POINT('Ctrl Pts',(-6.80000000000008,30.1966960342572,-34.8901858205017));
#10192=CARTESIAN_POINT('Ctrl Pts',(-7.60000000000008,30.1966960342572,-34.8901858205018));
#10193=CARTESIAN_POINT('Ctrl Pts',(-6.80000000000008,30.1025288110998,-34.8183449769719));
#10194=CARTESIAN_POINT('Ctrl Pts',(-7.60000000000008,30.1025288110998,-34.8183449769719));
#10195=CARTESIAN_POINT('Ctrl Pts',(-6.80000000000008,30.0559360775276,-34.7827990495254));
#10196=CARTESIAN_POINT('Ctrl Pts',(-7.60000000000008,30.0559360775276,-34.7827990495254));
#10197=CARTESIAN_POINT('',(-6.80000000000008,30.263303020887,-35.0556506358673));
#10198=CARTESIAN_POINT('Ctrl Pts',(-6.80000000000008,30.0559360775276,-34.7827990495254));
#10199=CARTESIAN_POINT('Ctrl Pts',(-6.80000000000008,30.1025288110998,-34.8183449769719));
#10200=CARTESIAN_POINT('Ctrl Pts',(-6.80000000000008,30.1966960342572,-34.8901858205017));
#10201=CARTESIAN_POINT('Ctrl Pts',(-6.80000000000008,30.2409469103927,-35.0001136737197));
#10202=CARTESIAN_POINT('Ctrl Pts',(-6.80000000000008,30.263303020887,-35.0556506358673));
#10203=CARTESIAN_POINT('',(-7.60000000000007,30.263303020887,-35.0556506358673));
#10204=CARTESIAN_POINT('Ctrl Pts',(-7.60000000000007,30.263303020887,-35.0556506358673));
#10205=CARTESIAN_POINT('Ctrl Pts',(-7.60000000000007,30.2409469103927,-35.0001136737197));
#10206=CARTESIAN_POINT('Ctrl Pts',(-7.60000000000008,30.1966960342572,-34.8901858205018));
#10207=CARTESIAN_POINT('Ctrl Pts',(-7.60000000000008,30.1025288110998,-34.8183449769719));
#10208=CARTESIAN_POINT('Ctrl Pts',(-7.60000000000008,30.0559360775276,-34.7827990495254));
#10209=CARTESIAN_POINT('',(-6.80000000000008,30.263303020887,-35.0556506358673));
#10210=CARTESIAN_POINT('Ctrl Pts',(-6.80000000000007,30.3192378076836,-35.6641090058376));
#10211=CARTESIAN_POINT('Ctrl Pts',(-7.60000000000007,30.3192378076836,-35.6641090058376));
#10212=CARTESIAN_POINT('Ctrl Pts',(-6.80000000000007,30.3195002611943,-35.5410331585778));
#10213=CARTESIAN_POINT('Ctrl Pts',(-7.60000000000007,30.3195002611943,-35.5410331585778));
#10214=CARTESIAN_POINT('Ctrl Pts',(-6.80000000000008,30.3199370629571,-35.336197845467));
#10215=CARTESIAN_POINT('Ctrl Pts',(-7.60000000000007,30.3199370629571,-35.336197845467));
#10216=CARTESIAN_POINT('Ctrl Pts',(-6.80000000000008,30.27945952257,-35.1356848573069));
#10217=CARTESIAN_POINT('Ctrl Pts',(-7.60000000000007,30.27945952257,-35.1356848573069));
#10218=CARTESIAN_POINT('Ctrl Pts',(-6.80000000000008,30.263303020887,-35.0556506358673));
#10219=CARTESIAN_POINT('Ctrl Pts',(-7.60000000000007,30.263303020887,-35.0556506358673));
#10220=CARTESIAN_POINT('',(-6.80000000000007,30.3192378076836,-35.6641090058376));
#10221=CARTESIAN_POINT('Ctrl Pts',(-6.80000000000008,30.263303020887,-35.0556506358673));
#10222=CARTESIAN_POINT('Ctrl Pts',(-6.80000000000008,30.27945952257,-35.1356848573069));
#10223=CARTESIAN_POINT('Ctrl Pts',(-6.80000000000008,30.3199370629571,-35.336197845467));
#10224=CARTESIAN_POINT('Ctrl Pts',(-6.80000000000007,30.3195002611943,-35.5410331585778));
#10225=CARTESIAN_POINT('Ctrl Pts',(-6.80000000000007,30.3192378076836,-35.6641090058376));
#10226=CARTESIAN_POINT('',(-7.60000000000007,30.3192378076836,-35.6641090058376));
#10227=CARTESIAN_POINT('Ctrl Pts',(-7.60000000000007,30.3192378076836,-35.6641090058376));
#10228=CARTESIAN_POINT('Ctrl Pts',(-7.60000000000007,30.3195002611943,-35.5410331585778));
#10229=CARTESIAN_POINT('Ctrl Pts',(-7.60000000000007,30.3199370629571,-35.336197845467));
#10230=CARTESIAN_POINT('Ctrl Pts',(-7.60000000000007,30.27945952257,-35.1356848573069));
#10231=CARTESIAN_POINT('Ctrl Pts',(-7.60000000000007,30.263303020887,-35.0556506358673));
#10232=CARTESIAN_POINT('',(-6.80000000000007,30.3192378076836,-35.6641090058376));
#10233=CARTESIAN_POINT('Origin',(-6.80000000000007,30.3192378076836,-36.4635632329275));
#10234=CARTESIAN_POINT('',(-6.80000000000007,30.3192378076836,-36.4635632329275));
#10235=CARTESIAN_POINT('',(-6.80000000000009,30.3192378076836,-30.5492054504865));
#10236=CARTESIAN_POINT('',(-7.60000000000007,30.3192378076836,-36.4635632329275));
#10237=CARTESIAN_POINT('',(-7.60000000000007,30.3192378076836,-35.6641090058376));
#10238=CARTESIAN_POINT('',(-6.80000000000007,30.3192378076836,-36.4635632329275));
#10239=CARTESIAN_POINT('Origin',(-6.80000000000007,29.1105062755867,-36.4635632329275));
#10240=CARTESIAN_POINT('',(-6.80000000000007,32.030253026966,-36.4635632329275));
#10241=CARTESIAN_POINT('',(-7.60000000000007,30.3192378076836,-36.4635632329275));
#10242=CARTESIAN_POINT('Origin',(-6.80000000000007,27.2633031997009,-35.4676559709598));
#10243=CARTESIAN_POINT('',(-6.80000000000007,27.2633031997009,-36.4635632329275));
#10244=CARTESIAN_POINT('',(-6.80000000000007,27.2633031997009,-35.4676559709598));
#10245=CARTESIAN_POINT('',(-6.80000000000009,27.2633031997009,-30.0512518195027));
#10246=CARTESIAN_POINT('',(-7.60000000000007,27.2633031997009,-36.4635632329275));
#10247=CARTESIAN_POINT('',(-6.80000000000007,27.2633031997009,-36.4635632329275));
#10248=CARTESIAN_POINT('',(-7.60000000000007,27.2633031997009,-35.4676559709598));
#10249=CARTESIAN_POINT('',(-7.60000000000007,27.2633031997009,-36.4635632329275));
#10250=CARTESIAN_POINT('',(-6.80000000000007,27.2633031997009,-35.4676559709598));
#10251=CARTESIAN_POINT('Ctrl Pts',(-6.80000000000008,27.2824029120728,-35.1074923717071));
#10252=CARTESIAN_POINT('Ctrl Pts',(-7.60000000000007,27.2824029120728,-35.1074923717071));
#10253=CARTESIAN_POINT('Ctrl Pts',(-6.80000000000008,27.2768900778079,-35.1547413204368));
#10254=CARTESIAN_POINT('Ctrl Pts',(-7.60000000000007,27.2768900778079,-35.1547413204368));
#10255=CARTESIAN_POINT('Ctrl Pts',(-6.80000000000008,27.2629368369793,-35.2743306149528));
#10256=CARTESIAN_POINT('Ctrl Pts',(-7.60000000000007,27.2629368369793,-35.2743306149528));
#10257=CARTESIAN_POINT('Ctrl Pts',(-6.80000000000008,27.2631651136506,-35.3947895649124));
#10258=CARTESIAN_POINT('Ctrl Pts',(-7.60000000000007,27.2631651136506,-35.3947895649124));
#10259=CARTESIAN_POINT('Ctrl Pts',(-6.80000000000007,27.2633031997009,-35.4676559709598));
#10260=CARTESIAN_POINT('Ctrl Pts',(-7.60000000000007,27.2633031997009,-35.4676559709598));
#10261=CARTESIAN_POINT('',(-6.80000000000008,27.2824029120728,-35.1074923717071));
#10262=CARTESIAN_POINT('Ctrl Pts',(-6.80000000000007,27.2633031997009,-35.4676559709598));
#10263=CARTESIAN_POINT('Ctrl Pts',(-6.80000000000008,27.2631651136506,-35.3947895649124));
#10264=CARTESIAN_POINT('Ctrl Pts',(-6.80000000000008,27.2629368369793,-35.2743306149528));
#10265=CARTESIAN_POINT('Ctrl Pts',(-6.80000000000008,27.2768900778079,-35.1547413204368));
#10266=CARTESIAN_POINT('Ctrl Pts',(-6.80000000000008,27.2824029120728,-35.1074923717071));
#10267=CARTESIAN_POINT('',(-7.60000000000007,27.2824029120728,-35.1074923717071));
#10268=CARTESIAN_POINT('Ctrl Pts',(-7.60000000000007,27.2824029120728,-35.1074923717071));
#10269=CARTESIAN_POINT('Ctrl Pts',(-7.60000000000007,27.2768900778079,-35.1547413204368));
#10270=CARTESIAN_POINT('Ctrl Pts',(-7.60000000000007,27.2629368369793,-35.2743306149528));
#10271=CARTESIAN_POINT('Ctrl Pts',(-7.60000000000007,27.2631651136506,-35.3947895649124));
#10272=CARTESIAN_POINT('Ctrl Pts',(-7.60000000000007,27.2633031997009,-35.4676559709598));
#10273=CARTESIAN_POINT('',(-6.80000000000008,27.2824029120728,-35.1074923717071));
#10274=CARTESIAN_POINT('Ctrl Pts',(-6.80000000000008,27.3915431889816,-34.8018987618972));
#10275=CARTESIAN_POINT('Ctrl Pts',(-7.60000000000008,27.3915431889816,-34.8018987618973));
#10276=CARTESIAN_POINT('Ctrl Pts',(-6.80000000000008,27.3676033021598,-34.8470600074803));
#10277=CARTESIAN_POINT('Ctrl Pts',(-7.60000000000008,27.3676033021598,-34.8470600074803));
#10278=CARTESIAN_POINT('Ctrl Pts',(-6.80000000000008,27.3164547112859,-34.9435489378949));
#10279=CARTESIAN_POINT('Ctrl Pts',(-7.60000000000008,27.3164547112859,-34.9435489378949));
#10280=CARTESIAN_POINT('Ctrl Pts',(-6.80000000000008,27.2942270227456,-35.0505648274869));
#10281=CARTESIAN_POINT('Ctrl Pts',(-7.60000000000007,27.2942270227456,-35.0505648274869));
#10282=CARTESIAN_POINT('Ctrl Pts',(-6.80000000000008,27.2824029120728,-35.1074923717071));
#10283=CARTESIAN_POINT('Ctrl Pts',(-7.60000000000007,27.2824029120728,-35.1074923717071));
#10284=CARTESIAN_POINT('',(-6.80000000000008,27.3915431889816,-34.8018987618972));
#10285=CARTESIAN_POINT('Ctrl Pts',(-6.80000000000008,27.2824029120728,-35.1074923717071));
#10286=CARTESIAN_POINT('Ctrl Pts',(-6.80000000000008,27.2942270227456,-35.0505648274869));
#10287=CARTESIAN_POINT('Ctrl Pts',(-6.80000000000008,27.3164547112859,-34.9435489378949));
#10288=CARTESIAN_POINT('Ctrl Pts',(-6.80000000000008,27.3676033021598,-34.8470600074803));
#10289=CARTESIAN_POINT('Ctrl Pts',(-6.80000000000008,27.3915431889816,-34.8018987618972));
#10290=CARTESIAN_POINT('',(-7.60000000000008,27.3915431889816,-34.8018987618973));
#10291=CARTESIAN_POINT('Ctrl Pts',(-7.60000000000008,27.3915431889816,-34.8018987618973));
#10292=CARTESIAN_POINT('Ctrl Pts',(-7.60000000000008,27.3676033021598,-34.8470600074803));
#10293=CARTESIAN_POINT('Ctrl Pts',(-7.60000000000008,27.3164547112859,-34.9435489378949));
#10294=CARTESIAN_POINT('Ctrl Pts',(-7.60000000000007,27.2942270227456,-35.0505648274869));
#10295=CARTESIAN_POINT('Ctrl Pts',(-7.60000000000007,27.2824029120728,-35.1074923717071));
#10296=CARTESIAN_POINT('',(-6.80000000000008,27.3915431889816,-34.8018987618972));
#10297=CARTESIAN_POINT('Ctrl Pts',(-6.80000000000008,27.6139170917793,-34.5999889217903));
#10298=CARTESIAN_POINT('Ctrl Pts',(-7.60000000000008,27.6139170917793,-34.5999889217903));
#10299=CARTESIAN_POINT('Ctrl Pts',(-6.80000000000008,27.5686622334197,-34.6273905031187));
#10300=CARTESIAN_POINT('Ctrl Pts',(-7.60000000000008,27.5686622334197,-34.6273905031187));
#10301=CARTESIAN_POINT('Ctrl Pts',(-6.80000000000008,27.481320062531,-34.680275733252));
#10302=CARTESIAN_POINT('Ctrl Pts',(-7.60000000000008,27.481320062531,-34.680275733252));
#10303=CARTESIAN_POINT('Ctrl Pts',(-6.80000000000008,27.4207364395083,-34.7623499181396));
#10304=CARTESIAN_POINT('Ctrl Pts',(-7.60000000000008,27.4207364395083,-34.7623499181397));
#10305=CARTESIAN_POINT('Ctrl Pts',(-6.80000000000008,27.3915431889816,-34.8018987618972));
#10306=CARTESIAN_POINT('Ctrl Pts',(-7.60000000000008,27.3915431889816,-34.8018987618973));
#10307=CARTESIAN_POINT('',(-6.80000000000008,27.6139170917793,-34.5999889217903));
#10308=CARTESIAN_POINT('Ctrl Pts',(-6.80000000000008,27.3915431889816,-34.8018987618972));
#10309=CARTESIAN_POINT('Ctrl Pts',(-6.80000000000008,27.4207364395083,-34.7623499181396));
#10310=CARTESIAN_POINT('Ctrl Pts',(-6.80000000000008,27.481320062531,-34.680275733252));
#10311=CARTESIAN_POINT('Ctrl Pts',(-6.80000000000008,27.5686622334197,-34.6273905031187));
#10312=CARTESIAN_POINT('Ctrl Pts',(-6.80000000000008,27.6139170917793,-34.5999889217903));
#10313=CARTESIAN_POINT('',(-7.60000000000008,27.6139170917793,-34.5999889217903));
#10314=CARTESIAN_POINT('Ctrl Pts',(-7.60000000000008,27.6139170917793,-34.5999889217903));
#10315=CARTESIAN_POINT('Ctrl Pts',(-7.60000000000008,27.5686622334197,-34.6273905031187));
#10316=CARTESIAN_POINT('Ctrl Pts',(-7.60000000000008,27.481320062531,-34.680275733252));
#10317=CARTESIAN_POINT('Ctrl Pts',(-7.60000000000008,27.4207364395083,-34.7623499181397));
#10318=CARTESIAN_POINT('Ctrl Pts',(-7.60000000000008,27.3915431889816,-34.8018987618973));
#10319=CARTESIAN_POINT('',(-6.80000000000008,27.6139170917793,-34.5999889217903));
#10320=CARTESIAN_POINT('Ctrl Pts',(-6.80000000000008,27.9508883747383,-34.5208619677116));
#10321=CARTESIAN_POINT('Ctrl Pts',(-7.60000000000008,27.9508883747383,-34.5208619677116));
#10322=CARTESIAN_POINT('Ctrl Pts',(-6.80000000000008,27.8900622030545,-34.5236486895885));
#10323=CARTESIAN_POINT('Ctrl Pts',(-7.60000000000008,27.8900622030545,-34.5236486895885));
#10324=CARTESIAN_POINT('Ctrl Pts',(-6.80000000000008,27.7727049609563,-34.529025355338));
#10325=CARTESIAN_POINT('Ctrl Pts',(-7.60000000000008,27.7727049609563,-34.529025355338));
#10326=CARTESIAN_POINT('Ctrl Pts',(-6.80000000000008,27.6655390098007,-34.5769186744919));
#10327=CARTESIAN_POINT('Ctrl Pts',(-7.60000000000008,27.6655390098007,-34.5769186744919));
#10328=CARTESIAN_POINT('Ctrl Pts',(-6.80000000000008,27.6139170917793,-34.5999889217903));
#10329=CARTESIAN_POINT('Ctrl Pts',(-7.60000000000008,27.6139170917793,-34.5999889217903));
#10330=CARTESIAN_POINT('',(-6.80000000000008,27.9508883747383,-34.5208619677116));
#10331=CARTESIAN_POINT('Ctrl Pts',(-6.80000000000008,27.6139170917793,-34.5999889217903));
#10332=CARTESIAN_POINT('Ctrl Pts',(-6.80000000000008,27.6655390098007,-34.5769186744919));
#10333=CARTESIAN_POINT('Ctrl Pts',(-6.80000000000008,27.7727049609563,-34.529025355338));
#10334=CARTESIAN_POINT('Ctrl Pts',(-6.80000000000008,27.8900622030545,-34.5236486895885));
#10335=CARTESIAN_POINT('Ctrl Pts',(-6.80000000000008,27.9508883747383,-34.5208619677116));
#10336=CARTESIAN_POINT('',(-7.60000000000008,27.9508883747383,-34.5208619677116));
#10337=CARTESIAN_POINT('Ctrl Pts',(-7.60000000000008,27.9508883747383,-34.5208619677116));
#10338=CARTESIAN_POINT('Ctrl Pts',(-7.60000000000008,27.8900622030545,-34.5236486895885));
#10339=CARTESIAN_POINT('Ctrl Pts',(-7.60000000000008,27.7727049609563,-34.529025355338));
#10340=CARTESIAN_POINT('Ctrl Pts',(-7.60000000000008,27.6655390098007,-34.5769186744919));
#10341=CARTESIAN_POINT('Ctrl Pts',(-7.60000000000008,27.6139170917793,-34.5999889217903));
#10342=CARTESIAN_POINT('',(-6.80000000000008,27.9508883747383,-34.5208619677116));
#10343=CARTESIAN_POINT('Ctrl Pts',(-6.80000000000008,28.3397013935372,-34.6354593478729));
#10344=CARTESIAN_POINT('Ctrl Pts',(-7.60000000000008,28.3397013935372,-34.6354593478729));
#10345=CARTESIAN_POINT('Ctrl Pts',(-6.80000000000008,28.2812161672223,-34.6020427457201));
#10346=CARTESIAN_POINT('Ctrl Pts',(-7.60000000000008,28.2812161672223,-34.6020427457201));
#10347=CARTESIAN_POINT('Ctrl Pts',(-6.80000000000008,28.1607838835095,-34.5332315610029));
#10348=CARTESIAN_POINT('Ctrl Pts',(-7.60000000000008,28.1607838835095,-34.5332315610029));
#10349=CARTESIAN_POINT('Ctrl Pts',(-6.80000000000008,28.0221815872822,-34.5250634298999));
#10350=CARTESIAN_POINT('Ctrl Pts',(-7.60000000000008,28.0221815872822,-34.5250634298999));
#10351=CARTESIAN_POINT('Ctrl Pts',(-6.80000000000008,27.9508883747383,-34.5208619677116));
#10352=CARTESIAN_POINT('Ctrl Pts',(-7.60000000000008,27.9508883747383,-34.5208619677116));
#10353=CARTESIAN_POINT('',(-6.80000000000008,28.3397013935372,-34.6354593478729));
#10354=CARTESIAN_POINT('Ctrl Pts',(-6.80000000000008,27.9508883747383,-34.5208619677116));
#10355=CARTESIAN_POINT('Ctrl Pts',(-6.80000000000008,28.0221815872822,-34.5250634298999));
#10356=CARTESIAN_POINT('Ctrl Pts',(-6.80000000000008,28.1607838835095,-34.5332315610029));
#10357=CARTESIAN_POINT('Ctrl Pts',(-6.80000000000008,28.2812161672223,-34.6020427457201));
#10358=CARTESIAN_POINT('Ctrl Pts',(-6.80000000000008,28.3397013935372,-34.6354593478729));
#10359=CARTESIAN_POINT('',(-7.60000000000008,28.3397013935372,-34.6354593478729));
#10360=CARTESIAN_POINT('Ctrl Pts',(-7.60000000000008,28.3397013935372,-34.6354593478729));
#10361=CARTESIAN_POINT('Ctrl Pts',(-7.60000000000008,28.2812161672223,-34.6020427457201));
#10362=CARTESIAN_POINT('Ctrl Pts',(-7.60000000000008,28.1607838835095,-34.5332315610029));
#10363=CARTESIAN_POINT('Ctrl Pts',(-7.60000000000008,28.0221815872822,-34.5250634298999));
#10364=CARTESIAN_POINT('Ctrl Pts',(-7.60000000000008,27.9508883747383,-34.5208619677116));
#10365=CARTESIAN_POINT('',(-6.80000000000008,28.3397013935372,-34.6354593478729));
#10366=CARTESIAN_POINT('Ctrl Pts',(-6.80000000000008,28.5716251525208,-34.9533315145065));
#10367=CARTESIAN_POINT('Ctrl Pts',(-7.60000000000008,28.5716251525208,-34.9533315145065));
#10368=CARTESIAN_POINT('Ctrl Pts',(-6.80000000000008,28.5457304310569,-34.8896060867877));
#10369=CARTESIAN_POINT('Ctrl Pts',(-7.60000000000008,28.5457304310569,-34.8896060867877));
#10370=CARTESIAN_POINT('Ctrl Pts',(-6.80000000000008,28.4948059563233,-34.7642838685791));
#10371=CARTESIAN_POINT('Ctrl Pts',(-7.60000000000008,28.4948059563233,-34.7642838685791));
#10372=CARTESIAN_POINT('Ctrl Pts',(-6.80000000000008,28.3908141365614,-34.677911836077));
#10373=CARTESIAN_POINT('Ctrl Pts',(-7.60000000000008,28.3908141365614,-34.677911836077));
#10374=CARTESIAN_POINT('Ctrl Pts',(-6.80000000000008,28.3397013935372,-34.6354593478729));
#10375=CARTESIAN_POINT('Ctrl Pts',(-7.60000000000008,28.3397013935372,-34.6354593478729));
#10376=CARTESIAN_POINT('',(-6.80000000000008,28.5716251525208,-34.9533315145065));
#10377=CARTESIAN_POINT('Ctrl Pts',(-6.80000000000008,28.3397013935372,-34.6354593478729));
#10378=CARTESIAN_POINT('Ctrl Pts',(-6.80000000000008,28.3908141365614,-34.677911836077));
#10379=CARTESIAN_POINT('Ctrl Pts',(-6.80000000000008,28.4948059563233,-34.7642838685791));
#10380=CARTESIAN_POINT('Ctrl Pts',(-6.80000000000008,28.5457304310569,-34.8896060867877));
#10381=CARTESIAN_POINT('Ctrl Pts',(-6.80000000000008,28.5716251525208,-34.9533315145065));
#10382=CARTESIAN_POINT('',(-7.60000000000008,28.5716251525208,-34.9533315145065));
#10383=CARTESIAN_POINT('Ctrl Pts',(-7.60000000000008,28.5716251525208,-34.9533315145065));
#10384=CARTESIAN_POINT('Ctrl Pts',(-7.60000000000008,28.5457304310569,-34.8896060867877));
#10385=CARTESIAN_POINT('Ctrl Pts',(-7.60000000000008,28.4948059563233,-34.7642838685791));
#10386=CARTESIAN_POINT('Ctrl Pts',(-7.60000000000008,28.3908141365614,-34.677911836077));
#10387=CARTESIAN_POINT('Ctrl Pts',(-7.60000000000008,28.3397013935372,-34.6354593478729));
#10388=CARTESIAN_POINT('',(-6.80000000000008,28.5716251525208,-34.9533315145065));
#10389=CARTESIAN_POINT('Ctrl Pts',(-6.80000000000007,28.6384738477989,-35.5385972701599));
#10390=CARTESIAN_POINT('Ctrl Pts',(-7.60000000000007,28.6384738477989,-35.5385972701599));
#10391=CARTESIAN_POINT('Ctrl Pts',(-6.80000000000007,28.6376887383636,-35.4255608647772));
#10392=CARTESIAN_POINT('Ctrl Pts',(-7.60000000000007,28.6376887383636,-35.4255608647772));
#10393=CARTESIAN_POINT('Ctrl Pts',(-6.80000000000008,28.6363155481053,-35.2278553173375));
#10394=CARTESIAN_POINT('Ctrl Pts',(-7.60000000000007,28.6363155481053,-35.2278553173375));
#10395=CARTESIAN_POINT('Ctrl Pts',(-6.80000000000008,28.5910223594844,-35.0356465934584));
#10396=CARTESIAN_POINT('Ctrl Pts',(-7.60000000000007,28.5910223594844,-35.0356465934584));
#10397=CARTESIAN_POINT('Ctrl Pts',(-6.80000000000008,28.5716251525208,-34.9533315145065));
#10398=CARTESIAN_POINT('Ctrl Pts',(-7.60000000000008,28.5716251525208,-34.9533315145065));
#10399=CARTESIAN_POINT('',(-6.80000000000007,28.6384738477989,-35.5385972701599));
#10400=CARTESIAN_POINT('Ctrl Pts',(-6.80000000000008,28.5716251525208,-34.9533315145065));
#10401=CARTESIAN_POINT('Ctrl Pts',(-6.80000000000008,28.5910223594844,-35.0356465934584));
#10402=CARTESIAN_POINT('Ctrl Pts',(-6.80000000000008,28.6363155481053,-35.2278553173375));
#10403=CARTESIAN_POINT('Ctrl Pts',(-6.80000000000007,28.6376887383636,-35.4255608647772));
#10404=CARTESIAN_POINT('Ctrl Pts',(-6.80000000000007,28.6384738477989,-35.5385972701599));
#10405=CARTESIAN_POINT('',(-7.60000000000007,28.6384738477989,-35.5385972701599));
#10406=CARTESIAN_POINT('Ctrl Pts',(-7.60000000000007,28.6384738477989,-35.5385972701599));
#10407=CARTESIAN_POINT('Ctrl Pts',(-7.60000000000007,28.6376887383636,-35.4255608647772));
#10408=CARTESIAN_POINT('Ctrl Pts',(-7.60000000000007,28.6363155481053,-35.2278553173375));
#10409=CARTESIAN_POINT('Ctrl Pts',(-7.60000000000007,28.5910223594844,-35.0356465934584));
#10410=CARTESIAN_POINT('Ctrl Pts',(-7.60000000000008,28.5716251525208,-34.9533315145065));
#10411=CARTESIAN_POINT('',(-6.80000000000007,28.6384738477989,-35.5385972701599));
#10412=CARTESIAN_POINT('Origin',(-6.80000000000007,28.6384738477989,-36.4635632329275));
#10413=CARTESIAN_POINT('',(-6.80000000000007,28.6384738477989,-36.4635632329275));
#10414=CARTESIAN_POINT('',(-6.80000000000009,28.6384738477989,-30.5492054504865));
#10415=CARTESIAN_POINT('',(-7.60000000000007,28.6384738477989,-36.4635632329275));
#10416=CARTESIAN_POINT('',(-7.60000000000007,28.6384738477989,-35.5385972701599));
#10417=CARTESIAN_POINT('',(-6.80000000000007,28.6384738477989,-36.4635632329275));
#10418=CARTESIAN_POINT('Origin',(-6.80000000000007,27.2633031997009,-36.4635632329275));
#10419=CARTESIAN_POINT('',(-6.80000000000007,31.1066514890231,-36.4635632329275));
#10420=CARTESIAN_POINT('',(-7.60000000000007,28.6384738477989,-36.4635632329275));
#10421=CARTESIAN_POINT('Origin',(-6.80000000000007,30.7912705334946,-36.9928947233249));
#10422=CARTESIAN_POINT('',(-7.60000000000007,26.7912704738899,-36.9928947233249));
#10423=CARTESIAN_POINT('',(-6.80000000000007,26.7912704738899,-36.9928947233249));
#10424=CARTESIAN_POINT('',(-7.60000000000007,30.7912705334946,-36.9928947233249));
#10425=CARTESIAN_POINT('',(-7.60000000000007,26.7912704738899,-36.9928947233249));
#10426=CARTESIAN_POINT('',(-6.80000000000007,30.7912705334946,-36.9928947233249));
#10427=CARTESIAN_POINT('Origin',(-6.80000000000008,30.7912705334946,-35.4922126375725));
#10428=CARTESIAN_POINT('',(-7.60000000000007,30.7912705334946,-35.4922126375725));
#10429=CARTESIAN_POINT('',(-7.60000000000007,30.7912705334946,-36.9928947233249));
#10430=CARTESIAN_POINT('',(-6.80000000000007,30.7912705334946,-35.4922126375725));
#10431=CARTESIAN_POINT('Ctrl Pts',(-6.80000000000008,30.669851699762,-34.7568781816055));
#10432=CARTESIAN_POINT('Ctrl Pts',(-7.60000000000008,30.669851699762,-34.7568781816055));
#10433=CARTESIAN_POINT('Ctrl Pts',(-6.80000000000008,30.7051631818773,-34.8634403305704));
#10434=CARTESIAN_POINT('Ctrl Pts',(-7.60000000000008,30.7051631818773,-34.8634403305704));
#10435=CARTESIAN_POINT('Ctrl Pts',(-6.80000000000008,30.7841383274782,-35.1017696423387));
#10436=CARTESIAN_POINT('Ctrl Pts',(-7.60000000000007,30.7841383274782,-35.1017696423387));
#10437=CARTESIAN_POINT('Ctrl Pts',(-6.80000000000008,30.7887312211372,-35.3532014087356));
#10438=CARTESIAN_POINT('Ctrl Pts',(-7.60000000000007,30.7887312211372,-35.3532014087356));
#10439=CARTESIAN_POINT('Ctrl Pts',(-6.80000000000007,30.7912705334946,-35.4922126375725));
#10440=CARTESIAN_POINT('Ctrl Pts',(-7.60000000000007,30.7912705334946,-35.4922126375725));
#10441=CARTESIAN_POINT('',(-7.60000000000008,30.669851699762,-34.7568781816055));
#10442=CARTESIAN_POINT('Ctrl Pts',(-7.60000000000008,30.669851699762,-34.7568781816055));
#10443=CARTESIAN_POINT('Ctrl Pts',(-7.60000000000008,30.7051631818773,-34.8634403305704));
#10444=CARTESIAN_POINT('Ctrl Pts',(-7.60000000000007,30.7841383274782,-35.1017696423387));
#10445=CARTESIAN_POINT('Ctrl Pts',(-7.60000000000007,30.7887312211372,-35.3532014087356));
#10446=CARTESIAN_POINT('Ctrl Pts',(-7.60000000000007,30.7912705334946,-35.4922126375725));
#10447=CARTESIAN_POINT('',(-6.80000000000008,30.669851699762,-34.7568781816055));
#10448=CARTESIAN_POINT('Ctrl Pts',(-6.80000000000008,30.2960453423782,-34.3230445825149));
#10449=CARTESIAN_POINT('Ctrl Pts',(-7.60000000000008,30.2960453423782,-34.3230445825149));
#10450=CARTESIAN_POINT('Ctrl Pts',(-6.80000000000008,30.3748105862207,-34.3805564719195));
#10451=CARTESIAN_POINT('Ctrl Pts',(-7.60000000000008,30.3748105862207,-34.3805564719195));
#10452=CARTESIAN_POINT('Ctrl Pts',(-6.80000000000008,30.5330778529381,-34.496118223471));
#10453=CARTESIAN_POINT('Ctrl Pts',(-7.60000000000008,30.5330778529381,-34.4961182234711));
#10454=CARTESIAN_POINT('Ctrl Pts',(-6.80000000000008,30.6241191431415,-34.6696888553808));
#10455=CARTESIAN_POINT('Ctrl Pts',(-7.60000000000008,30.6241191431415,-34.6696888553808));
#10456=CARTESIAN_POINT('Ctrl Pts',(-6.80000000000008,30.669851699762,-34.7568781816055));
#10457=CARTESIAN_POINT('Ctrl Pts',(-7.60000000000008,30.669851699762,-34.7568781816055));
#10458=CARTESIAN_POINT('',(-7.60000000000008,30.2960453423782,-34.3230445825149));
#10459=CARTESIAN_POINT('Ctrl Pts',(-7.60000000000008,30.2960453423782,-34.3230445825149));
#10460=CARTESIAN_POINT('Ctrl Pts',(-7.60000000000008,30.3748105862207,-34.3805564719195));
#10461=CARTESIAN_POINT('Ctrl Pts',(-7.60000000000008,30.5330778529381,-34.4961182234711));
#10462=CARTESIAN_POINT('Ctrl Pts',(-7.60000000000008,30.6241191431415,-34.6696888553808));
#10463=CARTESIAN_POINT('Ctrl Pts',(-7.60000000000008,30.669851699762,-34.7568781816055));
#10464=CARTESIAN_POINT('',(-6.80000000000008,30.2960453423782,-34.3230445825149));
#10465=CARTESIAN_POINT('Ctrl Pts',(-6.80000000000008,29.7680781277939,-34.1661556207229));
#10466=CARTESIAN_POINT('Ctrl Pts',(-7.60000000000008,29.7680781277939,-34.1661556207229));
#10467=CARTESIAN_POINT('Ctrl Pts',(-6.80000000000008,29.8597784961031,-34.1731997782744));
#10468=CARTESIAN_POINT('Ctrl Pts',(-7.60000000000008,29.8597784961031,-34.1731997782744));
#10469=CARTESIAN_POINT('Ctrl Pts',(-6.80000000000008,30.046918503286,-34.1875753333468));
#10470=CARTESIAN_POINT('Ctrl Pts',(-7.60000000000008,30.046918503286,-34.1875753333468));
#10471=CARTESIAN_POINT('Ctrl Pts',(-6.80000000000008,30.2119041953122,-34.277290628189));
#10472=CARTESIAN_POINT('Ctrl Pts',(-7.60000000000008,30.2119041953122,-34.277290628189));
#10473=CARTESIAN_POINT('Ctrl Pts',(-6.80000000000008,30.2960453423782,-34.3230445825149));
#10474=CARTESIAN_POINT('Ctrl Pts',(-7.60000000000008,30.2960453423782,-34.3230445825149));
#10475=CARTESIAN_POINT('',(-7.60000000000008,29.7680781277939,-34.1661556207229));
#10476=CARTESIAN_POINT('Ctrl Pts',(-7.60000000000008,29.7680781277939,-34.1661556207229));
#10477=CARTESIAN_POINT('Ctrl Pts',(-7.60000000000008,29.8597784961031,-34.1731997782744));
#10478=CARTESIAN_POINT('Ctrl Pts',(-7.60000000000008,30.046918503286,-34.1875753333468));
#10479=CARTESIAN_POINT('Ctrl Pts',(-7.60000000000008,30.2119041953122,-34.277290628189));
#10480=CARTESIAN_POINT('Ctrl Pts',(-7.60000000000008,30.2960453423782,-34.3230445825149));
#10481=CARTESIAN_POINT('',(-6.80000000000008,29.7680781277939,-34.1661556207229));
#10482=CARTESIAN_POINT('Ctrl Pts',(-6.80000000000008,29.2851311954781,-34.305309220462));
#10483=CARTESIAN_POINT('Ctrl Pts',(-7.60000000000008,29.2851311954781,-34.305309220462));
#10484=CARTESIAN_POINT('Ctrl Pts',(-6.80000000000008,29.3614593419914,-34.2647237242355));
#10485=CARTESIAN_POINT('Ctrl Pts',(-7.60000000000008,29.3614593419914,-34.2647237242355));
#10486=CARTESIAN_POINT('Ctrl Pts',(-6.80000000000008,29.5126866050026,-34.1843125811297));
#10487=CARTESIAN_POINT('Ctrl Pts',(-7.60000000000008,29.5126866050026,-34.1843125811297));
#10488=CARTESIAN_POINT('Ctrl Pts',(-6.80000000000008,29.6834856116105,-34.1721696925694));
#10489=CARTESIAN_POINT('Ctrl Pts',(-7.60000000000008,29.6834856116105,-34.1721696925694));
#10490=CARTESIAN_POINT('Ctrl Pts',(-6.80000000000008,29.7680781277939,-34.1661556207229));
#10491=CARTESIAN_POINT('Ctrl Pts',(-7.60000000000008,29.7680781277939,-34.1661556207229));
#10492=CARTESIAN_POINT('',(-7.60000000000008,29.2851311954781,-34.305309220462));
#10493=CARTESIAN_POINT('Ctrl Pts',(-7.60000000000008,29.2851311954781,-34.305309220462));
#10494=CARTESIAN_POINT('Ctrl Pts',(-7.60000000000008,29.3614593419914,-34.2647237242355));
#10495=CARTESIAN_POINT('Ctrl Pts',(-7.60000000000008,29.5126866050026,-34.1843125811297));
#10496=CARTESIAN_POINT('Ctrl Pts',(-7.60000000000008,29.6834856116105,-34.1721696925694));
#10497=CARTESIAN_POINT('Ctrl Pts',(-7.60000000000008,29.7680781277939,-34.1661556207229));
#10498=CARTESIAN_POINT('',(-6.80000000000008,29.2851311954781,-34.305309220462));
#10499=CARTESIAN_POINT('Ctrl Pts',(-6.80000000000008,28.9195103439613,-34.7255005084564));
#10500=CARTESIAN_POINT('Ctrl Pts',(-7.60000000000008,28.9195103439613,-34.7255005084564));
#10501=CARTESIAN_POINT('Ctrl Pts',(-6.80000000000008,28.9677456124216,-34.6388642001502));
#10502=CARTESIAN_POINT('Ctrl Pts',(-7.60000000000008,28.9677456124216,-34.6388642001502));
#10503=CARTESIAN_POINT('Ctrl Pts',(-6.80000000000008,29.0601732244266,-34.4728531599861));
#10504=CARTESIAN_POINT('Ctrl Pts',(-7.60000000000008,29.0601732244266,-34.4728531599861));
#10505=CARTESIAN_POINT('Ctrl Pts',(-6.80000000000008,29.2123642274328,-34.3595045194174));
#10506=CARTESIAN_POINT('Ctrl Pts',(-7.60000000000008,29.2123642274328,-34.3595045194174));
#10507=CARTESIAN_POINT('Ctrl Pts',(-6.80000000000008,29.2851311954781,-34.305309220462));
#10508=CARTESIAN_POINT('Ctrl Pts',(-7.60000000000008,29.2851311954781,-34.305309220462));
#10509=CARTESIAN_POINT('',(-7.60000000000008,28.9195103439613,-34.7255005084564));
#10510=CARTESIAN_POINT('Ctrl Pts',(-7.60000000000008,28.9195103439613,-34.7255005084564));
#10511=CARTESIAN_POINT('Ctrl Pts',(-7.60000000000008,28.9677456124216,-34.6388642001502));
#10512=CARTESIAN_POINT('Ctrl Pts',(-7.60000000000008,29.0601732244266,-34.4728531599861));
#10513=CARTESIAN_POINT('Ctrl Pts',(-7.60000000000008,29.2123642274328,-34.3595045194174));
#10514=CARTESIAN_POINT('Ctrl Pts',(-7.60000000000008,29.2851311954781,-34.305309220462));
#10515=CARTESIAN_POINT('',(-6.80000000000008,28.9195103439613,-34.7255005084564));
#10516=CARTESIAN_POINT('Ctrl Pts',(-6.80000000000008,28.5566181930824,-34.1675193749954));
#10517=CARTESIAN_POINT('Ctrl Pts',(-7.60000000000008,28.5566181930824,-34.1675193749954));
#10518=CARTESIAN_POINT('Ctrl Pts',(-6.80000000000008,28.6365372288022,-34.2419550510351));
#10519=CARTESIAN_POINT('Ctrl Pts',(-7.60000000000008,28.6365372288022,-34.2419550510351));
#10520=CARTESIAN_POINT('Ctrl Pts',(-6.80000000000008,28.8035674897383,-34.3975251261729));
#10521=CARTESIAN_POINT('Ctrl Pts',(-7.60000000000008,28.8035674897383,-34.3975251261729));
#10522=CARTESIAN_POINT('Ctrl Pts',(-6.80000000000008,28.8797690005099,-34.6130814861864));
#10523=CARTESIAN_POINT('Ctrl Pts',(-7.60000000000008,28.8797690005099,-34.6130814861864));
#10524=CARTESIAN_POINT('Ctrl Pts',(-6.80000000000008,28.9195103439613,-34.7255005084564));
#10525=CARTESIAN_POINT('Ctrl Pts',(-7.60000000000008,28.9195103439613,-34.7255005084564));
#10526=CARTESIAN_POINT('',(-7.60000000000008,28.5566181930824,-34.1675193749954));
#10527=CARTESIAN_POINT('Ctrl Pts',(-7.60000000000008,28.5566181930824,-34.1675193749954));
#10528=CARTESIAN_POINT('Ctrl Pts',(-7.60000000000008,28.6365372288022,-34.2419550510351));
#10529=CARTESIAN_POINT('Ctrl Pts',(-7.60000000000008,28.8035674897383,-34.3975251261729));
#10530=CARTESIAN_POINT('Ctrl Pts',(-7.60000000000008,28.8797690005099,-34.6130814861864));
#10531=CARTESIAN_POINT('Ctrl Pts',(-7.60000000000008,28.9195103439613,-34.7255005084564));
#10532=CARTESIAN_POINT('',(-6.80000000000008,28.5566181930824,-34.1675193749954));
#10533=CARTESIAN_POINT('Ctrl Pts',(-6.80000000000008,27.9508883747383,-33.9724309884597));
#10534=CARTESIAN_POINT('Ctrl Pts',(-7.60000000000008,27.9508883747383,-33.9724309884598));
#10535=CARTESIAN_POINT('Ctrl Pts',(-6.80000000000008,28.0624637968326,-33.9798280696855));
#10536=CARTESIAN_POINT('Ctrl Pts',(-7.60000000000008,28.0624637968326,-33.9798280696855));
#10537=CARTESIAN_POINT('Ctrl Pts',(-6.80000000000008,28.2808593718762,-33.9943069735304));
#10538=CARTESIAN_POINT('Ctrl Pts',(-7.60000000000008,28.2808593718762,-33.9943069735304));
#10539=CARTESIAN_POINT('Ctrl Pts',(-6.80000000000008,28.4660426245509,-34.1106261388306));
#10540=CARTESIAN_POINT('Ctrl Pts',(-7.60000000000008,28.4660426245509,-34.1106261388306));
#10541=CARTESIAN_POINT('Ctrl Pts',(-6.80000000000008,28.5566181930824,-34.1675193749954));
#10542=CARTESIAN_POINT('Ctrl Pts',(-7.60000000000008,28.5566181930824,-34.1675193749954));
#10543=CARTESIAN_POINT('',(-7.60000000000008,27.9508883747383,-33.9724309884598));
#10544=CARTESIAN_POINT('Ctrl Pts',(-7.60000000000008,27.9508883747383,-33.9724309884598));
#10545=CARTESIAN_POINT('Ctrl Pts',(-7.60000000000008,28.0624637968326,-33.9798280696855));
#10546=CARTESIAN_POINT('Ctrl Pts',(-7.60000000000008,28.2808593718762,-33.9943069735304));
#10547=CARTESIAN_POINT('Ctrl Pts',(-7.60000000000008,28.4660426245509,-34.1106261388306));
#10548=CARTESIAN_POINT('Ctrl Pts',(-7.60000000000008,28.5566181930824,-34.1675193749954));
#10549=CARTESIAN_POINT('',(-6.80000000000008,27.9508883747383,-33.9724309884597));
#10550=CARTESIAN_POINT('Ctrl Pts',(-6.80000000000008,27.4283782634064,-34.0911211215545));
#10551=CARTESIAN_POINT('Ctrl Pts',(-7.60000000000008,27.4283782634064,-34.0911211215545));
#10552=CARTESIAN_POINT('Ctrl Pts',(-6.80000000000008,27.5110363702725,-34.0565043443335));
#10553=CARTESIAN_POINT('Ctrl Pts',(-7.60000000000008,27.5110363702725,-34.0565043443335));
#10554=CARTESIAN_POINT('Ctrl Pts',(-6.80000000000008,27.6782445951576,-33.9864784256448));
#10555=CARTESIAN_POINT('Ctrl Pts',(-7.60000000000008,27.6782445951576,-33.9864784256448));
#10556=CARTESIAN_POINT('Ctrl Pts',(-6.80000000000008,27.8593241251696,-33.9771486572296));
#10557=CARTESIAN_POINT('Ctrl Pts',(-7.60000000000008,27.8593241251696,-33.9771486572296));
#10558=CARTESIAN_POINT('Ctrl Pts',(-6.80000000000008,27.9508883747383,-33.9724309884597));
#10559=CARTESIAN_POINT('Ctrl Pts',(-7.60000000000008,27.9508883747383,-33.9724309884598));
#10560=CARTESIAN_POINT('',(-7.60000000000008,27.4283782634064,-34.0911211215545));
#10561=CARTESIAN_POINT('Ctrl Pts',(-7.60000000000008,27.4283782634064,-34.0911211215545));
#10562=CARTESIAN_POINT('Ctrl Pts',(-7.60000000000008,27.5110363702725,-34.0565043443335));
#10563=CARTESIAN_POINT('Ctrl Pts',(-7.60000000000008,27.6782445951576,-33.9864784256448));
#10564=CARTESIAN_POINT('Ctrl Pts',(-7.60000000000008,27.8593241251696,-33.9771486572296));
#10565=CARTESIAN_POINT('Ctrl Pts',(-7.60000000000008,27.9508883747383,-33.9724309884598));
#10566=CARTESIAN_POINT('',(-6.80000000000008,27.4283782634064,-34.0911211215545));
#10567=CARTESIAN_POINT('Ctrl Pts',(-6.80000000000008,27.0559359583183,-34.3844361745407));
#10568=CARTESIAN_POINT('Ctrl Pts',(-7.60000000000008,27.0559359583183,-34.3844361745407));
#10569=CARTESIAN_POINT('Ctrl Pts',(-6.80000000000008,27.1061825557852,-34.3276079916514));
#10570=CARTESIAN_POINT('Ctrl Pts',(-7.60000000000008,27.1061825557852,-34.3276079916515));
#10571=CARTESIAN_POINT('Ctrl Pts',(-6.80000000000008,27.2124455158592,-34.2074261040437));
#10572=CARTESIAN_POINT('Ctrl Pts',(-7.60000000000008,27.2124455158592,-34.2074261040437));
#10573=CARTESIAN_POINT('Ctrl Pts',(-6.80000000000008,27.3538415517323,-34.1312678387363));
#10574=CARTESIAN_POINT('Ctrl Pts',(-7.60000000000008,27.3538415517323,-34.1312678387363));
#10575=CARTESIAN_POINT('Ctrl Pts',(-6.80000000000008,27.4283782634064,-34.0911211215545));
#10576=CARTESIAN_POINT('Ctrl Pts',(-7.60000000000008,27.4283782634064,-34.0911211215545));
#10577=CARTESIAN_POINT('',(-7.60000000000008,27.0559359583183,-34.3844361745407));
#10578=CARTESIAN_POINT('Ctrl Pts',(-7.60000000000008,27.0559359583183,-34.3844361745407));
#10579=CARTESIAN_POINT('Ctrl Pts',(-7.60000000000008,27.1061825557852,-34.3276079916515));
#10580=CARTESIAN_POINT('Ctrl Pts',(-7.60000000000008,27.2124455158592,-34.2074261040437));
#10581=CARTESIAN_POINT('Ctrl Pts',(-7.60000000000008,27.3538415517323,-34.1312678387363));
#10582=CARTESIAN_POINT('Ctrl Pts',(-7.60000000000008,27.4283782634064,-34.0911211215545));
#10583=CARTESIAN_POINT('',(-6.80000000000008,27.0559359583183,-34.3844361745407));
#10584=CARTESIAN_POINT('Ctrl Pts',(-6.80000000000008,26.8581188711449,-34.822362824588));
#10585=CARTESIAN_POINT('Ctrl Pts',(-7.60000000000008,26.8581188711449,-34.822362824588));
#10586=CARTESIAN_POINT('Ctrl Pts',(-6.80000000000008,26.8817220285049,-34.7401410488091));
#10587=CARTESIAN_POINT('Ctrl Pts',(-7.60000000000008,26.8817220285049,-34.7401410488091));
#10588=CARTESIAN_POINT('Ctrl Pts',(-6.80000000000008,26.9264218178511,-34.5844289971995));
#10589=CARTESIAN_POINT('Ctrl Pts',(-7.60000000000008,26.9264218178511,-34.5844289971995));
#10590=CARTESIAN_POINT('Ctrl Pts',(-6.80000000000008,27.0144091989123,-34.4485608623897));
#10591=CARTESIAN_POINT('Ctrl Pts',(-7.60000000000008,27.0144091989123,-34.4485608623897));
#10592=CARTESIAN_POINT('Ctrl Pts',(-6.80000000000008,27.0559359583183,-34.3844361745407));
#10593=CARTESIAN_POINT('Ctrl Pts',(-7.60000000000008,27.0559359583183,-34.3844361745407));
#10594=CARTESIAN_POINT('',(-7.60000000000008,26.8581188711449,-34.822362824588));
#10595=CARTESIAN_POINT('Ctrl Pts',(-7.60000000000008,26.8581188711449,-34.822362824588));
#10596=CARTESIAN_POINT('Ctrl Pts',(-7.60000000000008,26.8817220285049,-34.7401410488091));
#10597=CARTESIAN_POINT('Ctrl Pts',(-7.60000000000008,26.9264218178511,-34.5844289971995));
#10598=CARTESIAN_POINT('Ctrl Pts',(-7.60000000000008,27.0144091989123,-34.4485608623897));
#10599=CARTESIAN_POINT('Ctrl Pts',(-7.60000000000008,27.0559359583183,-34.3844361745407));
#10600=CARTESIAN_POINT('',(-6.80000000000008,26.8581188711449,-34.822362824588));
#10601=CARTESIAN_POINT('Ctrl Pts',(-6.80000000000007,26.7912704738899,-35.4676559709598));
#10602=CARTESIAN_POINT('Ctrl Pts',(-7.60000000000007,26.7912704738899,-35.4676559709598));
#10603=CARTESIAN_POINT('Ctrl Pts',(-6.80000000000008,26.7929715246816,-35.3497950097426));
#10604=CARTESIAN_POINT('Ctrl Pts',(-7.60000000000007,26.7929715246816,-35.3497950097426));
#10605=CARTESIAN_POINT('Ctrl Pts',(-6.80000000000008,26.7961060509431,-35.1326126187427));
#10606=CARTESIAN_POINT('Ctrl Pts',(-7.60000000000007,26.7961060509431,-35.1326126187427));
#10607=CARTESIAN_POINT('Ctrl Pts',(-6.80000000000008,26.8386587523,-34.9197216908065));
#10608=CARTESIAN_POINT('Ctrl Pts',(-7.60000000000008,26.8386587523,-34.9197216908065));
#10609=CARTESIAN_POINT('Ctrl Pts',(-6.80000000000008,26.8581188711449,-34.822362824588));
#10610=CARTESIAN_POINT('Ctrl Pts',(-7.60000000000008,26.8581188711449,-34.822362824588));
#10611=CARTESIAN_POINT('',(-7.60000000000007,26.7912704738899,-35.4676559709598));
#10612=CARTESIAN_POINT('Ctrl Pts',(-7.60000000000007,26.7912704738899,-35.4676559709598));
#10613=CARTESIAN_POINT('Ctrl Pts',(-7.60000000000007,26.7929715246816,-35.3497950097426));
#10614=CARTESIAN_POINT('Ctrl Pts',(-7.60000000000007,26.7961060509431,-35.1326126187427));
#10615=CARTESIAN_POINT('Ctrl Pts',(-7.60000000000008,26.8386587523,-34.9197216908065));
#10616=CARTESIAN_POINT('Ctrl Pts',(-7.60000000000008,26.8581188711449,-34.822362824588));
#10617=CARTESIAN_POINT('',(-6.80000000000007,26.7912704738899,-35.4676559709598));
#10618=CARTESIAN_POINT('Origin',(-6.80000000000007,26.7912704738899,-36.9928947233249));
#10619=CARTESIAN_POINT('',(-7.60000000000007,26.7912704738899,-35.4676559709598));
#10620=CARTESIAN_POINT('Origin',(-7.6000000000001,28.7912705036923,-25.1033996932794));
#10621=CARTESIAN_POINT('Origin',(-6.8000000000001,34.9499997783452,-24.6348476680455));
#10622=CARTESIAN_POINT('Origin',(-6.80000000000009,29.6889511737152,-28.2780249558975));
#10623=CARTESIAN_POINT('',(-7.60000000000009,29.6889511737152,-30.5590619288971));
#10624=CARTESIAN_POINT('',(-6.80000000000009,29.6889511737152,-30.5590619288971));
#10625=CARTESIAN_POINT('',(-7.60000000000009,29.6889511737152,-28.2780249558975));
#10626=CARTESIAN_POINT('',(-7.60000000000009,29.6889511737152,-30.5590619288971));
#10627=CARTESIAN_POINT('',(-6.80000000000009,29.6889511737152,-28.2780249558975));
#10628=CARTESIAN_POINT('Origin',(-6.80000000000009,26.7912704738899,-28.2780249558975));
#10629=CARTESIAN_POINT('',(-7.60000000000009,26.7912704738899,-28.2780249558975));
#10630=CARTESIAN_POINT('',(-7.60000000000009,29.6889511737152,-28.2780249558975));
#10631=CARTESIAN_POINT('',(-6.80000000000009,26.7912704738899,-28.2780249558975));
#10632=CARTESIAN_POINT('Origin',(-6.80000000000009,26.7912704738899,-28.7664289914657));
#10633=CARTESIAN_POINT('',(-7.60000000000009,26.7912704738899,-28.7664289914657));
#10634=CARTESIAN_POINT('',(-7.60000000000009,26.7912704738899,-28.2780249558975));
#10635=CARTESIAN_POINT('',(-6.80000000000009,26.7912704738899,-28.7664289914657));
#10636=CARTESIAN_POINT('Origin',(-6.80000000000009,29.2824030908867,-28.7664289914657));
#10637=CARTESIAN_POINT('',(-7.60000000000009,29.2824030908867,-28.7664289914657));
#10638=CARTESIAN_POINT('',(-7.60000000000009,26.7912704738899,-28.7664289914657));
#10639=CARTESIAN_POINT('',(-6.80000000000009,29.2824030908867,-28.7664289914657));
#10640=CARTESIAN_POINT('Origin',(-6.80000000000009,29.2824030908867,-30.067929192691));
#10641=CARTESIAN_POINT('',(-7.60000000000009,29.2824030908867,-30.067929192691));
#10642=CARTESIAN_POINT('',(-7.60000000000009,29.2824030908867,-28.7664289914657));
#10643=CARTESIAN_POINT('',(-6.80000000000009,29.2824030908867,-30.067929192691));
#10644=CARTESIAN_POINT('Origin',(-6.80000000000009,27.8390193971916,-30.067929192691));
#10645=CARTESIAN_POINT('',(-7.60000000000009,27.8390193971916,-30.067929192691));
#10646=CARTESIAN_POINT('',(-7.60000000000009,29.2824030908867,-30.067929192691));
#10647=CARTESIAN_POINT('',(-6.80000000000009,27.8390193971916,-30.067929192691));
#10648=CARTESIAN_POINT('Ctrl Pts',(-6.80000000000009,27.1732623371407,-30.1006718122055));
#10649=CARTESIAN_POINT('Ctrl Pts',(-7.60000000000009,27.1732623371407,-30.1006718122055));
#10650=CARTESIAN_POINT('Ctrl Pts',(-6.80000000000009,27.2554999911897,-30.0912641755575));
#10651=CARTESIAN_POINT('Ctrl Pts',(-7.60000000000009,27.2554999911897,-30.0912641755575));
#10652=CARTESIAN_POINT('Ctrl Pts',(-6.80000000000009,27.4765651226911,-30.0659752679793));
#10653=CARTESIAN_POINT('Ctrl Pts',(-7.60000000000009,27.4765651226911,-30.0659752679793));
#10654=CARTESIAN_POINT('Ctrl Pts',(-6.80000000000009,27.699203765059,-30.0671754721863));
#10655=CARTESIAN_POINT('Ctrl Pts',(-7.60000000000009,27.699203765059,-30.0671754721863));
#10656=CARTESIAN_POINT('Ctrl Pts',(-6.80000000000009,27.8390193971916,-30.067929192691));
#10657=CARTESIAN_POINT('Ctrl Pts',(-7.60000000000009,27.8390193971916,-30.067929192691));
#10658=CARTESIAN_POINT('',(-7.60000000000009,27.1732623371407,-30.1006718122055));
#10659=CARTESIAN_POINT('Ctrl Pts',(-7.60000000000009,27.1732623371407,-30.1006718122055));
#10660=CARTESIAN_POINT('Ctrl Pts',(-7.60000000000009,27.2554999911897,-30.0912641755575));
#10661=CARTESIAN_POINT('Ctrl Pts',(-7.60000000000009,27.4765651226911,-30.0659752679793));
#10662=CARTESIAN_POINT('Ctrl Pts',(-7.60000000000009,27.699203765059,-30.0671754721863));
#10663=CARTESIAN_POINT('Ctrl Pts',(-7.60000000000009,27.8390193971916,-30.067929192691));
#10664=CARTESIAN_POINT('',(-6.80000000000009,27.1732623371407,-30.1006718122055));
#10665=CARTESIAN_POINT('Ctrl Pts',(-6.80000000000009,26.8922252449318,-30.280753537326));
#10666=CARTESIAN_POINT('Ctrl Pts',(-7.60000000000009,26.8922252449318,-30.280753537326));
#10667=CARTESIAN_POINT('Ctrl Pts',(-6.80000000000009,26.9327999450046,-30.236665509501));
#10668=CARTESIAN_POINT('Ctrl Pts',(-7.60000000000009,26.9327999450046,-30.236665509501));
#10669=CARTESIAN_POINT('Ctrl Pts',(-6.80000000000009,27.0108475607502,-30.1518598190461));
#10670=CARTESIAN_POINT('Ctrl Pts',(-7.60000000000009,27.0108475607502,-30.1518598190461));
#10671=CARTESIAN_POINT('Ctrl Pts',(-6.80000000000009,27.1205777178356,-30.117276339905));
#10672=CARTESIAN_POINT('Ctrl Pts',(-7.60000000000009,27.1205777178356,-30.117276339905));
#10673=CARTESIAN_POINT('Ctrl Pts',(-6.80000000000009,27.1732623371407,-30.1006718122055));
#10674=CARTESIAN_POINT('Ctrl Pts',(-7.60000000000009,27.1732623371407,-30.1006718122055));
#10675=CARTESIAN_POINT('',(-7.60000000000009,26.8922252449318,-30.280753537326));
#10676=CARTESIAN_POINT('Ctrl Pts',(-7.60000000000009,26.8922252449318,-30.280753537326));
#10677=CARTESIAN_POINT('Ctrl Pts',(-7.60000000000009,26.9327999450046,-30.236665509501));
#10678=CARTESIAN_POINT('Ctrl Pts',(-7.60000000000009,27.0108475607502,-30.1518598190461));
#10679=CARTESIAN_POINT('Ctrl Pts',(-7.60000000000009,27.1205777178356,-30.117276339905));
#10680=CARTESIAN_POINT('Ctrl Pts',(-7.60000000000009,27.1732623371407,-30.1006718122055));
#10681=CARTESIAN_POINT('',(-6.80000000000009,26.8922252449318,-30.280753537326));
#10682=CARTESIAN_POINT('Ctrl Pts',(-6.80000000000009,26.7721707615181,-30.7064016305496));
#10683=CARTESIAN_POINT('Ctrl Pts',(-7.60000000000009,26.7721707615181,-30.7064016305496));
#10684=CARTESIAN_POINT('Ctrl Pts',(-6.80000000000009,26.7747671834029,-30.6223142067416));
#10685=CARTESIAN_POINT('Ctrl Pts',(-7.60000000000009,26.7747671834029,-30.6223142067416));
#10686=CARTESIAN_POINT('Ctrl Pts',(-6.80000000000009,26.7794766606078,-30.4697936137025));
#10687=CARTESIAN_POINT('Ctrl Pts',(-7.60000000000009,26.7794766606078,-30.4697936137025));
#10688=CARTESIAN_POINT('Ctrl Pts',(-6.80000000000009,26.8573050748821,-30.3393024907596));
#10689=CARTESIAN_POINT('Ctrl Pts',(-7.60000000000009,26.8573050748821,-30.3393024907596));
#10690=CARTESIAN_POINT('Ctrl Pts',(-6.80000000000009,26.8922252449318,-30.280753537326));
#10691=CARTESIAN_POINT('Ctrl Pts',(-7.60000000000009,26.8922252449318,-30.280753537326));
#10692=CARTESIAN_POINT('',(-7.60000000000009,26.7721707615181,-30.7064016305496));
#10693=CARTESIAN_POINT('Ctrl Pts',(-7.60000000000009,26.7721707615181,-30.7064016305496));
#10694=CARTESIAN_POINT('Ctrl Pts',(-7.60000000000009,26.7747671834029,-30.6223142067416));
#10695=CARTESIAN_POINT('Ctrl Pts',(-7.60000000000009,26.7794766606078,-30.4697936137025));
#10696=CARTESIAN_POINT('Ctrl Pts',(-7.60000000000009,26.8573050748821,-30.3393024907596));
#10697=CARTESIAN_POINT('Ctrl Pts',(-7.60000000000009,26.8922252449318,-30.280753537326));
#10698=CARTESIAN_POINT('',(-6.80000000000009,26.7721707615181,-30.7064016305496));
#10699=CARTESIAN_POINT('Ctrl Pts',(-6.80000000000009,26.7939991745278,-31.1020358048965));
#10700=CARTESIAN_POINT('Ctrl Pts',(-7.60000000000009,26.7939991745278,-31.1020358048965));
#10701=CARTESIAN_POINT('Ctrl Pts',(-6.80000000000009,26.7876410952924,-31.0318248864849));
#10702=CARTESIAN_POINT('Ctrl Pts',(-7.60000000000009,26.7876410952924,-31.0318248864849));
#10703=CARTESIAN_POINT('Ctrl Pts',(-6.80000000000009,26.775721159954,-30.9001955725781));
#10704=CARTESIAN_POINT('Ctrl Pts',(-7.60000000000009,26.775721159954,-30.9001955725781));
#10705=CARTESIAN_POINT('Ctrl Pts',(-6.80000000000009,26.7733003256864,-30.7680574409861));
#10706=CARTESIAN_POINT('Ctrl Pts',(-7.60000000000009,26.7733003256864,-30.7680574409861));
#10707=CARTESIAN_POINT('Ctrl Pts',(-6.80000000000009,26.7721707615181,-30.7064016305496));
#10708=CARTESIAN_POINT('Ctrl Pts',(-7.60000000000009,26.7721707615181,-30.7064016305496));
#10709=CARTESIAN_POINT('',(-7.60000000000009,26.7939991745278,-31.1020358048965));
#10710=CARTESIAN_POINT('Ctrl Pts',(-7.60000000000009,26.7939991745278,-31.1020358048965));
#10711=CARTESIAN_POINT('Ctrl Pts',(-7.60000000000009,26.7876410952924,-31.0318248864849));
#10712=CARTESIAN_POINT('Ctrl Pts',(-7.60000000000009,26.775721159954,-30.9001955725781));
#10713=CARTESIAN_POINT('Ctrl Pts',(-7.60000000000009,26.7733003256864,-30.7680574409861));
#10714=CARTESIAN_POINT('Ctrl Pts',(-7.60000000000009,26.7721707615181,-30.7064016305496));
#10715=CARTESIAN_POINT('',(-6.80000000000009,26.7939991745278,-31.1020358048965));
#10716=CARTESIAN_POINT('Origin',(-6.80000000000009,27.2032759579941,-31.1020358048965));
#10717=CARTESIAN_POINT('',(-7.60000000000009,27.2032759579941,-31.1020358048965));
#10718=CARTESIAN_POINT('',(-7.60000000000009,26.7939991745278,-31.1020358048965));
#10719=CARTESIAN_POINT('',(-6.80000000000009,27.2032759579941,-31.1020358048965));
#10720=CARTESIAN_POINT('Origin',(-6.80000000000009,27.2032759579941,-30.8864833556701));
#10721=CARTESIAN_POINT('',(-7.60000000000009,27.2032759579941,-30.8864833556701));
#10722=CARTESIAN_POINT('',(-7.60000000000009,27.2032759579941,-31.1020358048965));
#10723=CARTESIAN_POINT('',(-6.80000000000009,27.2032759579941,-30.8864833556701));
#10724=CARTESIAN_POINT('Ctrl Pts',(-6.80000000000009,27.2346539291664,-30.6682022058059));
#10725=CARTESIAN_POINT('Ctrl Pts',(-7.60000000000009,27.2346539291664,-30.6682022058059));
#10726=CARTESIAN_POINT('Ctrl Pts',(-6.80000000000009,27.2255766728618,-30.6971054672076));
#10727=CARTESIAN_POINT('Ctrl Pts',(-7.60000000000009,27.2255766728618,-30.6971054672076));
#10728=CARTESIAN_POINT('Ctrl Pts',(-6.80000000000009,27.2033291465755,-30.7679447215173));
#10729=CARTESIAN_POINT('Ctrl Pts',(-7.60000000000009,27.2033291465755,-30.7679447215173));
#10730=CARTESIAN_POINT('Ctrl Pts',(-6.80000000000009,27.203295736412,-30.8424042208972));
#10731=CARTESIAN_POINT('Ctrl Pts',(-7.60000000000009,27.203295736412,-30.8424042208972));
#10732=CARTESIAN_POINT('Ctrl Pts',(-6.80000000000009,27.2032759579941,-30.8864833556701));
#10733=CARTESIAN_POINT('Ctrl Pts',(-7.60000000000009,27.2032759579941,-30.8864833556701));
#10734=CARTESIAN_POINT('',(-7.60000000000009,27.2346539291664,-30.6682022058059));
#10735=CARTESIAN_POINT('Ctrl Pts',(-7.60000000000009,27.2346539291664,-30.6682022058059));
#10736=CARTESIAN_POINT('Ctrl Pts',(-7.60000000000009,27.2255766728618,-30.6971054672076));
#10737=CARTESIAN_POINT('Ctrl Pts',(-7.60000000000009,27.2033291465755,-30.7679447215173));
#10738=CARTESIAN_POINT('Ctrl Pts',(-7.60000000000009,27.203295736412,-30.8424042208972));
#10739=CARTESIAN_POINT('Ctrl Pts',(-7.60000000000009,27.2032759579941,-30.8864833556701));
#10740=CARTESIAN_POINT('',(-6.80000000000009,27.2346539291664,-30.6682022058059));
#10741=CARTESIAN_POINT('Ctrl Pts',(-6.80000000000009,27.3342446479126,-30.5808897458603));
#10742=CARTESIAN_POINT('Ctrl Pts',(-7.60000000000009,27.3342446479126,-30.5808897458603));
#10743=CARTESIAN_POINT('Ctrl Pts',(-6.80000000000009,27.3130214644915,-30.5900270228932));
#10744=CARTESIAN_POINT('Ctrl Pts',(-7.60000000000009,27.3130214644915,-30.5900270228932));
#10745=CARTESIAN_POINT('Ctrl Pts',(-6.80000000000009,27.2704088522658,-30.608373151053));
#10746=CARTESIAN_POINT('Ctrl Pts',(-7.60000000000009,27.2704088522658,-30.608373151053));
#10747=CARTESIAN_POINT('Ctrl Pts',(-6.80000000000009,27.2466031946857,-30.6482073855395));
#10748=CARTESIAN_POINT('Ctrl Pts',(-7.60000000000009,27.2466031946857,-30.6482073855395));
#10749=CARTESIAN_POINT('Ctrl Pts',(-6.80000000000009,27.2346539291664,-30.6682022058059));
#10750=CARTESIAN_POINT('Ctrl Pts',(-7.60000000000009,27.2346539291664,-30.6682022058059));
#10751=CARTESIAN_POINT('',(-7.60000000000009,27.3342446479126,-30.5808897458603));
#10752=CARTESIAN_POINT('Ctrl Pts',(-7.60000000000009,27.3342446479126,-30.5808897458603));
#10753=CARTESIAN_POINT('Ctrl Pts',(-7.60000000000009,27.3130214644915,-30.5900270228932));
#10754=CARTESIAN_POINT('Ctrl Pts',(-7.60000000000009,27.2704088522658,-30.608373151053));
#10755=CARTESIAN_POINT('Ctrl Pts',(-7.60000000000009,27.2466031946857,-30.6482073855395));
#10756=CARTESIAN_POINT('Ctrl Pts',(-7.60000000000009,27.2346539291664,-30.6682022058059));
#10757=CARTESIAN_POINT('',(-6.80000000000009,27.3342446479126,-30.5808897458603));
#10758=CARTESIAN_POINT('Ctrl Pts',(-6.80000000000009,27.7789921554848,-30.5590619288971));
#10759=CARTESIAN_POINT('Ctrl Pts',(-7.60000000000009,27.7789921554848,-30.5590619288971));
#10760=CARTESIAN_POINT('Ctrl Pts',(-6.80000000000009,27.6789686942687,-30.5577363318532));
#10761=CARTESIAN_POINT('Ctrl Pts',(-7.60000000000009,27.6789686942687,-30.5577363318532));
#10762=CARTESIAN_POINT('Ctrl Pts',(-6.80000000000009,27.5301155493339,-30.5557636017908));
#10763=CARTESIAN_POINT('Ctrl Pts',(-7.60000000000009,27.5301155493339,-30.5557636017908));
#10764=CARTESIAN_POINT('Ctrl Pts',(-6.80000000000009,27.3826267670437,-30.5746833308856));
#10765=CARTESIAN_POINT('Ctrl Pts',(-7.60000000000009,27.3826267670437,-30.5746833308856));
#10766=CARTESIAN_POINT('Ctrl Pts',(-6.80000000000009,27.3342446479126,-30.5808897458603));
#10767=CARTESIAN_POINT('Ctrl Pts',(-7.60000000000009,27.3342446479126,-30.5808897458603));
#10768=CARTESIAN_POINT('',(-7.60000000000009,27.7789921554848,-30.5590619288971));
#10769=CARTESIAN_POINT('Ctrl Pts',(-7.60000000000009,27.7789921554848,-30.5590619288971));
#10770=CARTESIAN_POINT('Ctrl Pts',(-7.60000000000009,27.6789686942687,-30.5577363318532));
#10771=CARTESIAN_POINT('Ctrl Pts',(-7.60000000000009,27.5301155493339,-30.5557636017908));
#10772=CARTESIAN_POINT('Ctrl Pts',(-7.60000000000009,27.3826267670437,-30.5746833308856));
#10773=CARTESIAN_POINT('Ctrl Pts',(-7.60000000000009,27.3342446479126,-30.5808897458603));
#10774=CARTESIAN_POINT('',(-6.80000000000009,27.7789921554848,-30.5590619288971));
#10775=CARTESIAN_POINT('Origin',(-6.80000000000009,29.6889511737152,-30.5590619288971));
#10776=CARTESIAN_POINT('',(-7.60000000000009,27.7789921554848,-30.5590619288971));
#10777=CARTESIAN_POINT('Origin',(-7.6000000000001,28.7912705036923,-25.1033996932794));
#10778=CARTESIAN_POINT('Origin',(-6.80000000000014,29.6889511737152,-13.2139046632339));
#10779=CARTESIAN_POINT('',(-7.60000000000013,29.6889511737152,-15.494941040187));
#10780=CARTESIAN_POINT('',(-6.80000000000013,29.6889511737152,-15.494941040187));
#10781=CARTESIAN_POINT('',(-7.60000000000014,29.6889511737152,-13.2139046632339));
#10782=CARTESIAN_POINT('',(-7.60000000000013,29.6889511737152,-15.494941040187));
#10783=CARTESIAN_POINT('',(-6.80000000000014,29.6889511737152,-13.2139046632339));
#10784=CARTESIAN_POINT('Origin',(-6.80000000000014,26.7912704738899,-13.2139046632339));
#10785=CARTESIAN_POINT('',(-7.60000000000014,26.7912704738899,-13.2139046632339));
#10786=CARTESIAN_POINT('',(-7.60000000000014,29.6889511737152,-13.2139046632339));
#10787=CARTESIAN_POINT('',(-6.80000000000014,26.7912704738899,-13.2139046632339));
#10788=CARTESIAN_POINT('Origin',(-6.80000000000013,26.7912704738899,-13.7023098908951));
#10789=CARTESIAN_POINT('',(-7.60000000000013,26.7912704738899,-13.7023098908951));
#10790=CARTESIAN_POINT('',(-7.60000000000014,26.7912704738899,-13.2139046632339));
#10791=CARTESIAN_POINT('',(-6.80000000000013,26.7912704738899,-13.7023098908951));
#10792=CARTESIAN_POINT('Origin',(-6.80000000000013,29.2824030908867,-13.7023098908951));
#10793=CARTESIAN_POINT('',(-7.60000000000013,29.2824030908867,-13.7023098908951));
#10794=CARTESIAN_POINT('',(-7.60000000000013,26.7912704738899,-13.7023098908951));
#10795=CARTESIAN_POINT('',(-6.80000000000013,29.2824030908867,-13.7023098908951));
#10796=CARTESIAN_POINT('Origin',(-6.80000000000013,29.2824030908867,-15.003808303981));
#10797=CARTESIAN_POINT('',(-7.60000000000013,29.2824030908867,-15.003808303981));
#10798=CARTESIAN_POINT('',(-7.60000000000013,29.2824030908867,-13.7023098908951));
#10799=CARTESIAN_POINT('',(-6.80000000000013,29.2824030908867,-15.003808303981));
#10800=CARTESIAN_POINT('Origin',(-6.80000000000013,27.8390193971916,-15.003808303981));
#10801=CARTESIAN_POINT('',(-7.60000000000013,27.8390193971916,-15.003808303981));
#10802=CARTESIAN_POINT('',(-7.60000000000013,29.2824030908867,-15.003808303981));
#10803=CARTESIAN_POINT('',(-6.80000000000013,27.8390193971916,-15.003808303981));
#10804=CARTESIAN_POINT('Ctrl Pts',(-6.80000000000013,27.1732623371407,-15.0365527116348));
#10805=CARTESIAN_POINT('Ctrl Pts',(-7.60000000000013,27.1732623371407,-15.0365527116348));
#10806=CARTESIAN_POINT('Ctrl Pts',(-6.80000000000013,27.2554999924767,-15.0271451407001));
#10807=CARTESIAN_POINT('Ctrl Pts',(-7.60000000000013,27.2554999924767,-15.0271451407001));
#10808=CARTESIAN_POINT('Ctrl Pts',(-6.80000000000013,27.4765651390184,-15.0018564084427));
#10809=CARTESIAN_POINT('Ctrl Pts',(-7.60000000000013,27.4765651390184,-15.0018564084427));
#10810=CARTESIAN_POINT('Ctrl Pts',(-6.80000000000013,27.6992037686921,-15.0030553662094));
#10811=CARTESIAN_POINT('Ctrl Pts',(-7.60000000000013,27.6992037686921,-15.0030553662094));
#10812=CARTESIAN_POINT('Ctrl Pts',(-6.80000000000013,27.8390193971916,-15.003808303981));
#10813=CARTESIAN_POINT('Ctrl Pts',(-7.60000000000013,27.8390193971916,-15.003808303981));
#10814=CARTESIAN_POINT('',(-7.60000000000013,27.1732623371407,-15.0365527116348));
#10815=CARTESIAN_POINT('Ctrl Pts',(-7.60000000000013,27.1732623371407,-15.0365527116348));
#10816=CARTESIAN_POINT('Ctrl Pts',(-7.60000000000013,27.2554999924767,-15.0271451407001));
#10817=CARTESIAN_POINT('Ctrl Pts',(-7.60000000000013,27.4765651390184,-15.0018564084427));
#10818=CARTESIAN_POINT('Ctrl Pts',(-7.60000000000013,27.6992037686921,-15.0030553662094));
#10819=CARTESIAN_POINT('Ctrl Pts',(-7.60000000000013,27.8390193971916,-15.003808303981));
#10820=CARTESIAN_POINT('',(-6.80000000000013,27.1732623371407,-15.0365527116348));
#10821=CARTESIAN_POINT('Ctrl Pts',(-6.80000000000013,26.8922252449318,-15.2166350328018));
#10822=CARTESIAN_POINT('Ctrl Pts',(-7.60000000000013,26.8922252449318,-15.2166350328018));
#10823=CARTESIAN_POINT('Ctrl Pts',(-6.80000000000013,26.9327998529139,-15.1725464696977));
#10824=CARTESIAN_POINT('Ctrl Pts',(-7.60000000000013,26.9327998529139,-15.1725464696977));
#10825=CARTESIAN_POINT('Ctrl Pts',(-6.80000000000013,27.0108470690732,-15.0877399913146));
#10826=CARTESIAN_POINT('Ctrl Pts',(-7.60000000000013,27.0108470690732,-15.0877399913146));
#10827=CARTESIAN_POINT('Ctrl Pts',(-6.80000000000013,27.1205776681911,-15.0531569688358));
#10828=CARTESIAN_POINT('Ctrl Pts',(-7.60000000000013,27.1205776681911,-15.0531569688358));
#10829=CARTESIAN_POINT('Ctrl Pts',(-6.80000000000013,27.1732623371407,-15.0365527116348));
#10830=CARTESIAN_POINT('Ctrl Pts',(-7.60000000000013,27.1732623371407,-15.0365527116348));
#10831=CARTESIAN_POINT('',(-7.60000000000013,26.8922252449318,-15.2166350328018));
#10832=CARTESIAN_POINT('Ctrl Pts',(-7.60000000000013,26.8922252449318,-15.2166350328018));
#10833=CARTESIAN_POINT('Ctrl Pts',(-7.60000000000013,26.9327998529139,-15.1725464696977));
#10834=CARTESIAN_POINT('Ctrl Pts',(-7.60000000000013,27.0108470690732,-15.0877399913146));
#10835=CARTESIAN_POINT('Ctrl Pts',(-7.60000000000013,27.1205776681911,-15.0531569688358));
#10836=CARTESIAN_POINT('Ctrl Pts',(-7.60000000000013,27.1732623371407,-15.0365527116348));
#10837=CARTESIAN_POINT('',(-6.80000000000013,26.8922252449318,-15.2166350328018));
#10838=CARTESIAN_POINT('Ctrl Pts',(-6.80000000000013,26.7721707615181,-15.6422837220718));
#10839=CARTESIAN_POINT('Ctrl Pts',(-7.60000000000013,26.7721707615181,-15.6422837220718));
#10840=CARTESIAN_POINT('Ctrl Pts',(-6.80000000000013,26.774767219123,-15.5581963143748));
#10841=CARTESIAN_POINT('Ctrl Pts',(-7.60000000000013,26.774767219123,-15.5581963143748));
#10842=CARTESIAN_POINT('Ctrl Pts',(-6.80000000000013,26.7794767667134,-15.4056755693543));
#10843=CARTESIAN_POINT('Ctrl Pts',(-7.60000000000013,26.7794767667134,-15.4056755693543));
#10844=CARTESIAN_POINT('Ctrl Pts',(-6.80000000000013,26.8573050725559,-15.2751841877595));
#10845=CARTESIAN_POINT('Ctrl Pts',(-7.60000000000013,26.8573050725559,-15.2751841877595));
#10846=CARTESIAN_POINT('Ctrl Pts',(-6.80000000000013,26.8922252449318,-15.2166350328018));
#10847=CARTESIAN_POINT('Ctrl Pts',(-7.60000000000013,26.8922252449318,-15.2166350328018));
#10848=CARTESIAN_POINT('',(-7.60000000000013,26.7721707615181,-15.6422837220718));
#10849=CARTESIAN_POINT('Ctrl Pts',(-7.60000000000013,26.7721707615181,-15.6422837220718));
#10850=CARTESIAN_POINT('Ctrl Pts',(-7.60000000000013,26.774767219123,-15.5581963143748));
#10851=CARTESIAN_POINT('Ctrl Pts',(-7.60000000000013,26.7794767667134,-15.4056755693543));
#10852=CARTESIAN_POINT('Ctrl Pts',(-7.60000000000013,26.8573050725559,-15.2751841877595));
#10853=CARTESIAN_POINT('Ctrl Pts',(-7.60000000000013,26.8922252449318,-15.2166350328018));
#10854=CARTESIAN_POINT('',(-6.80000000000013,26.7721707615181,-15.6422837220718));
#10855=CARTESIAN_POINT('Ctrl Pts',(-6.80000000000013,26.7939991745278,-16.0379155122329));
#10856=CARTESIAN_POINT('Ctrl Pts',(-7.60000000000013,26.7939991745278,-16.0379155122329));
#10857=CARTESIAN_POINT('Ctrl Pts',(-6.80000000000013,26.7876410954026,-15.9677049914629));
#10858=CARTESIAN_POINT('Ctrl Pts',(-7.60000000000013,26.7876410954026,-15.9677049914629));
#10859=CARTESIAN_POINT('Ctrl Pts',(-6.80000000000013,26.7757211648392,-15.8360764734886));
#10860=CARTESIAN_POINT('Ctrl Pts',(-7.60000000000013,26.7757211648392,-15.8360764734886));
#10861=CARTESIAN_POINT('Ctrl Pts',(-6.80000000000013,26.7733003269031,-15.7039391352955));
#10862=CARTESIAN_POINT('Ctrl Pts',(-7.60000000000013,26.7733003269031,-15.7039391352955));
#10863=CARTESIAN_POINT('Ctrl Pts',(-6.80000000000013,26.7721707615181,-15.6422837220718));
#10864=CARTESIAN_POINT('Ctrl Pts',(-7.60000000000013,26.7721707615181,-15.6422837220718));
#10865=CARTESIAN_POINT('',(-7.60000000000013,26.7939991745278,-16.0379155122329));
#10866=CARTESIAN_POINT('Ctrl Pts',(-7.60000000000013,26.7939991745278,-16.0379155122329));
#10867=CARTESIAN_POINT('Ctrl Pts',(-7.60000000000013,26.7876410954026,-15.9677049914629));
#10868=CARTESIAN_POINT('Ctrl Pts',(-7.60000000000013,26.7757211648392,-15.8360764734886));
#10869=CARTESIAN_POINT('Ctrl Pts',(-7.60000000000013,26.7733003269031,-15.7039391352955));
#10870=CARTESIAN_POINT('Ctrl Pts',(-7.60000000000013,26.7721707615181,-15.6422837220718));
#10871=CARTESIAN_POINT('',(-6.80000000000013,26.7939991745278,-16.0379155122329));
#10872=CARTESIAN_POINT('Origin',(-6.80000000000013,27.2032759579941,-16.0379155122329));
#10873=CARTESIAN_POINT('',(-7.60000000000013,27.2032759579941,-16.0379155122329));
#10874=CARTESIAN_POINT('',(-7.60000000000013,26.7939991745278,-16.0379155122329));
#10875=CARTESIAN_POINT('',(-6.80000000000013,27.2032759579941,-16.0379155122329));
#10876=CARTESIAN_POINT('Origin',(-6.80000000000013,27.2032759579941,-15.8223660432388));
#10877=CARTESIAN_POINT('',(-7.60000000000013,27.2032759579941,-15.8223660432388));
#10878=CARTESIAN_POINT('',(-7.60000000000013,27.2032759579941,-16.0379155122329));
#10879=CARTESIAN_POINT('',(-6.80000000000013,27.2032759579941,-15.8223660432388));
#10880=CARTESIAN_POINT('Ctrl Pts',(-6.80000000000013,27.2346539291664,-15.6040842973282));
#10881=CARTESIAN_POINT('Ctrl Pts',(-7.60000000000013,27.2346539291664,-15.6040842973282));
#10882=CARTESIAN_POINT('Ctrl Pts',(-6.80000000000013,27.2255766666112,-15.6329879570743));
#10883=CARTESIAN_POINT('Ctrl Pts',(-7.60000000000013,27.2255766666112,-15.6329879570743));
#10884=CARTESIAN_POINT('Ctrl Pts',(-6.80000000000013,27.2033293523642,-15.7038274637366));
#10885=CARTESIAN_POINT('Ctrl Pts',(-7.60000000000013,27.2033293523642,-15.7038274637366));
#10886=CARTESIAN_POINT('Ctrl Pts',(-6.80000000000013,27.2032958128476,-15.7782871238124));
#10887=CARTESIAN_POINT('Ctrl Pts',(-7.60000000000013,27.2032958128476,-15.7782871238124));
#10888=CARTESIAN_POINT('Ctrl Pts',(-6.80000000000013,27.2032759579941,-15.8223660432388));
#10889=CARTESIAN_POINT('Ctrl Pts',(-7.60000000000013,27.2032759579941,-15.8223660432388));
#10890=CARTESIAN_POINT('',(-7.60000000000013,27.2346539291664,-15.6040842973282));
#10891=CARTESIAN_POINT('Ctrl Pts',(-7.60000000000013,27.2346539291664,-15.6040842973282));
#10892=CARTESIAN_POINT('Ctrl Pts',(-7.60000000000013,27.2255766666112,-15.6329879570743));
#10893=CARTESIAN_POINT('Ctrl Pts',(-7.60000000000013,27.2033293523642,-15.7038274637366));
#10894=CARTESIAN_POINT('Ctrl Pts',(-7.60000000000013,27.2032958128476,-15.7782871238124));
#10895=CARTESIAN_POINT('Ctrl Pts',(-7.60000000000013,27.2032759579941,-15.8223660432388));
#10896=CARTESIAN_POINT('',(-6.80000000000013,27.2346539291664,-15.6040842973282));
#10897=CARTESIAN_POINT('Ctrl Pts',(-6.80000000000013,27.3342446479126,-15.5167706452896));
#10898=CARTESIAN_POINT('Ctrl Pts',(-7.60000000000013,27.3342446479126,-15.5167706452896));
#10899=CARTESIAN_POINT('Ctrl Pts',(-6.80000000000013,27.3130215444594,-15.525908845043));
#10900=CARTESIAN_POINT('Ctrl Pts',(-7.60000000000013,27.3130215444594,-15.525908845043));
#10901=CARTESIAN_POINT('Ctrl Pts',(-6.80000000000013,27.2704097603179,-15.5442565384514));
#10902=CARTESIAN_POINT('Ctrl Pts',(-7.60000000000013,27.2704097603179,-15.5442565384514));
#10903=CARTESIAN_POINT('Ctrl Pts',(-6.80000000000013,27.2466033744912,-15.5840901170622));
#10904=CARTESIAN_POINT('Ctrl Pts',(-7.60000000000013,27.2466033744912,-15.5840901170622));
#10905=CARTESIAN_POINT('Ctrl Pts',(-6.80000000000013,27.2346539291664,-15.6040842973282));
#10906=CARTESIAN_POINT('Ctrl Pts',(-7.60000000000013,27.2346539291664,-15.6040842973282));
#10907=CARTESIAN_POINT('',(-7.60000000000013,27.3342446479126,-15.5167706452896));
#10908=CARTESIAN_POINT('Ctrl Pts',(-7.60000000000013,27.3342446479126,-15.5167706452896));
#10909=CARTESIAN_POINT('Ctrl Pts',(-7.60000000000013,27.3130215444594,-15.525908845043));
#10910=CARTESIAN_POINT('Ctrl Pts',(-7.60000000000013,27.2704097603179,-15.5442565384514));
#10911=CARTESIAN_POINT('Ctrl Pts',(-7.60000000000013,27.2466033744912,-15.5840901170622));
#10912=CARTESIAN_POINT('Ctrl Pts',(-7.60000000000013,27.2346539291664,-15.6040842973282));
#10913=CARTESIAN_POINT('',(-6.80000000000013,27.3342446479126,-15.5167706452896));
#10914=CARTESIAN_POINT('Ctrl Pts',(-6.80000000000013,27.7789921554848,-15.494941040187));
#10915=CARTESIAN_POINT('Ctrl Pts',(-7.60000000000013,27.7789921554848,-15.494941040187));
#10916=CARTESIAN_POINT('Ctrl Pts',(-6.80000000000013,27.6789686651074,-15.4936154392988));
#10917=CARTESIAN_POINT('Ctrl Pts',(-7.60000000000013,27.6789686651074,-15.4936154392988));
#10918=CARTESIAN_POINT('Ctrl Pts',(-6.80000000000013,27.5301154339685,-15.4916427029477));
#10919=CARTESIAN_POINT('Ctrl Pts',(-7.60000000000013,27.5301154339685,-15.4916427029477));
#10920=CARTESIAN_POINT('Ctrl Pts',(-6.80000000000013,27.3826267600082,-15.5105637833701));
#10921=CARTESIAN_POINT('Ctrl Pts',(-7.60000000000013,27.3826267600082,-15.5105637833701));
#10922=CARTESIAN_POINT('Ctrl Pts',(-6.80000000000013,27.3342446479126,-15.5167706452896));
#10923=CARTESIAN_POINT('Ctrl Pts',(-7.60000000000013,27.3342446479126,-15.5167706452896));
#10924=CARTESIAN_POINT('',(-7.60000000000013,27.7789921554848,-15.494941040187));
#10925=CARTESIAN_POINT('Ctrl Pts',(-7.60000000000013,27.7789921554848,-15.494941040187));
#10926=CARTESIAN_POINT('Ctrl Pts',(-7.60000000000013,27.6789686651074,-15.4936154392988));
#10927=CARTESIAN_POINT('Ctrl Pts',(-7.60000000000013,27.5301154339685,-15.4916427029477));
#10928=CARTESIAN_POINT('Ctrl Pts',(-7.60000000000013,27.3826267600082,-15.5105637833701));
#10929=CARTESIAN_POINT('Ctrl Pts',(-7.60000000000013,27.3342446479126,-15.5167706452896));
#10930=CARTESIAN_POINT('',(-6.80000000000013,27.7789921554848,-15.494941040187));
#10931=CARTESIAN_POINT('Origin',(-6.80000000000013,29.6889511737152,-15.494941040187));
#10932=CARTESIAN_POINT('',(-7.60000000000013,27.7789921554848,-15.494941040187));
#10933=CARTESIAN_POINT('Origin',(-7.6000000000001,28.7912705036923,-25.1033996932794));
#10934=CARTESIAN_POINT('Origin',(-6.80000000000012,29.6889511737152,-19.0092666589309));
#10935=CARTESIAN_POINT('',(-7.60000000000012,29.6889511737152,-19.5003982030441));
#10936=CARTESIAN_POINT('',(-6.80000000000012,29.6889511737152,-19.5003982030441));
#10937=CARTESIAN_POINT('',(-7.60000000000012,29.6889511737152,-19.0092666589309));
#10938=CARTESIAN_POINT('',(-7.60000000000012,29.6889511737152,-19.5003982030441));
#10939=CARTESIAN_POINT('',(-6.80000000000012,29.6889511737152,-19.0092666589309));
#10940=CARTESIAN_POINT('Origin',(-6.80000000000012,26.7912704738899,-19.0092666589309));
#10941=CARTESIAN_POINT('',(-7.60000000000012,26.7912704738899,-19.0092666589309));
#10942=CARTESIAN_POINT('',(-7.60000000000012,29.6889511737152,-19.0092666589309));
#10943=CARTESIAN_POINT('',(-6.80000000000012,26.7912704738899,-19.0092666589309));
#10944=CARTESIAN_POINT('Origin',(-6.80000000000012,26.7912704738899,-19.5003982030441));
#10945=CARTESIAN_POINT('',(-7.60000000000012,26.7912704738899,-19.5003982030441));
#10946=CARTESIAN_POINT('',(-7.60000000000012,26.7912704738899,-19.0092666589309));
#10947=CARTESIAN_POINT('',(-6.80000000000012,26.7912704738899,-19.5003982030441));
#10948=CARTESIAN_POINT('Origin',(-6.80000000000012,29.6889511737152,-19.5003982030441));
#10949=CARTESIAN_POINT('',(-7.60000000000012,26.7912704738899,-19.5003982030441));
#10950=CARTESIAN_POINT('Origin',(-7.6000000000001,28.7912705036923,-25.1033996932794));
#10951=CARTESIAN_POINT('Origin',(-6.80000000000012,29.6889511737152,-17.7541501962234));
#10952=CARTESIAN_POINT('',(-7.60000000000012,29.6889511737152,-18.2452829324295));
#10953=CARTESIAN_POINT('',(-6.80000000000012,29.6889511737152,-18.2452829324295));
#10954=CARTESIAN_POINT('',(-7.60000000000012,29.6889511737152,-17.7541501962234));
#10955=CARTESIAN_POINT('',(-7.60000000000012,29.6889511737152,-18.2452829324295));
#10956=CARTESIAN_POINT('',(-6.80000000000012,29.6889511737152,-17.7541501962234));
#10957=CARTESIAN_POINT('Origin',(-6.80000000000012,28.4365637096687,-17.7541501962234));
#10958=CARTESIAN_POINT('',(-7.60000000000012,28.4365637096687,-17.7541501962234));
#10959=CARTESIAN_POINT('',(-7.60000000000012,29.6889511737152,-17.7541501962234));
#10960=CARTESIAN_POINT('',(-6.80000000000012,28.4365637096687,-17.7541501962234));
#10961=CARTESIAN_POINT('Ctrl Pts',(-6.80000000000012,28.5266048702522,-17.425363823085));
#10962=CARTESIAN_POINT('Ctrl Pts',(-7.60000000000012,28.5266048702522,-17.425363823085));
#10963=CARTESIAN_POINT('Ctrl Pts',(-6.80000000000012,28.500505595285,-17.4673544563767));
#10964=CARTESIAN_POINT('Ctrl Pts',(-7.60000000000012,28.500505595285,-17.4673544563767));
#10965=CARTESIAN_POINT('Ctrl Pts',(-6.80000000000012,28.4384745711034,-17.5671550061003));
#10966=CARTESIAN_POINT('Ctrl Pts',(-7.60000000000012,28.4384745711034,-17.5671550061003));
#10967=CARTESIAN_POINT('Ctrl Pts',(-6.80000000000012,28.4372645942137,-17.6855622618186));
#10968=CARTESIAN_POINT('Ctrl Pts',(-7.60000000000012,28.4372645942137,-17.6855622618186));
#10969=CARTESIAN_POINT('Ctrl Pts',(-6.80000000000012,28.4365637096687,-17.7541501962234));
#10970=CARTESIAN_POINT('Ctrl Pts',(-7.60000000000012,28.4365637096687,-17.7541501962234));
#10971=CARTESIAN_POINT('',(-7.60000000000012,28.5266048702522,-17.425363823085));
#10972=CARTESIAN_POINT('Ctrl Pts',(-7.60000000000012,28.5266048702522,-17.425363823085));
#10973=CARTESIAN_POINT('Ctrl Pts',(-7.60000000000012,28.500505595285,-17.4673544563767));
#10974=CARTESIAN_POINT('Ctrl Pts',(-7.60000000000012,28.4384745711034,-17.5671550061003));
#10975=CARTESIAN_POINT('Ctrl Pts',(-7.60000000000012,28.4372645942137,-17.6855622618186));
#10976=CARTESIAN_POINT('Ctrl Pts',(-7.60000000000012,28.4365637096687,-17.7541501962234));
#10977=CARTESIAN_POINT('',(-6.80000000000012,28.5266048702522,-17.425363823085));
#10978=CARTESIAN_POINT('Ctrl Pts',(-6.80000000000013,29.0504790338799,-17.1484215699722));
#10979=CARTESIAN_POINT('Ctrl Pts',(-7.60000000000013,29.0504790338799,-17.1484215699722));
#10980=CARTESIAN_POINT('Ctrl Pts',(-6.80000000000013,28.9314860481929,-17.1965276462889));
#10981=CARTESIAN_POINT('Ctrl Pts',(-7.60000000000013,28.9314860481929,-17.1965276462889));
#10982=CARTESIAN_POINT('Ctrl Pts',(-6.80000000000013,28.7469865992245,-17.271116451009));
#10983=CARTESIAN_POINT('Ctrl Pts',(-7.60000000000013,28.7469865992245,-17.271116451009));
#10984=CARTESIAN_POINT('Ctrl Pts',(-6.80000000000013,28.5843492152035,-17.3849479796187));
#10985=CARTESIAN_POINT('Ctrl Pts',(-7.60000000000013,28.5843492152035,-17.3849479796187));
#10986=CARTESIAN_POINT('Ctrl Pts',(-6.80000000000012,28.5266048702522,-17.425363823085));
#10987=CARTESIAN_POINT('Ctrl Pts',(-7.60000000000012,28.5266048702522,-17.425363823085));
#10988=CARTESIAN_POINT('',(-7.60000000000013,29.0504790338799,-17.1484215699722));
#10989=CARTESIAN_POINT('Ctrl Pts',(-7.60000000000013,29.0504790338799,-17.1484215699722));
#10990=CARTESIAN_POINT('Ctrl Pts',(-7.60000000000013,28.9314860481929,-17.1965276462889));
#10991=CARTESIAN_POINT('Ctrl Pts',(-7.60000000000013,28.7469865992245,-17.271116451009));
#10992=CARTESIAN_POINT('Ctrl Pts',(-7.60000000000013,28.5843492152035,-17.3849479796187));
#10993=CARTESIAN_POINT('Ctrl Pts',(-7.60000000000012,28.5266048702522,-17.425363823085));
#10994=CARTESIAN_POINT('',(-6.80000000000013,29.0504790338799,-17.1484215699722));
#10995=CARTESIAN_POINT('Ctrl Pts',(-6.80000000000013,29.5034123453423,-16.9137700044204));
#10996=CARTESIAN_POINT('Ctrl Pts',(-7.60000000000013,29.5034123453423,-16.9137700044204));
#10997=CARTESIAN_POINT('Ctrl Pts',(-6.80000000000013,29.448213947112,-16.9497046688732));
#10998=CARTESIAN_POINT('Ctrl Pts',(-7.60000000000013,29.448213947112,-16.9497046688732));
#10999=CARTESIAN_POINT('Ctrl Pts',(-6.80000000000013,29.3052111749802,-17.0428007875493));
#11000=CARTESIAN_POINT('Ctrl Pts',(-7.60000000000013,29.3052111749802,-17.0428007875493));
#11001=CARTESIAN_POINT('Ctrl Pts',(-6.80000000000013,29.1473850289771,-17.1082409827113));
#11002=CARTESIAN_POINT('Ctrl Pts',(-7.60000000000013,29.1473850289771,-17.1082409827113));
#11003=CARTESIAN_POINT('Ctrl Pts',(-6.80000000000013,29.0504790338799,-17.1484215699722));
#11004=CARTESIAN_POINT('Ctrl Pts',(-7.60000000000013,29.0504790338799,-17.1484215699722));
#11005=CARTESIAN_POINT('',(-7.60000000000013,29.5034123453423,-16.9137700044204));
#11006=CARTESIAN_POINT('Ctrl Pts',(-7.60000000000013,29.5034123453423,-16.9137700044204));
#11007=CARTESIAN_POINT('Ctrl Pts',(-7.60000000000013,29.448213947112,-16.9497046688732));
#11008=CARTESIAN_POINT('Ctrl Pts',(-7.60000000000013,29.3052111749802,-17.0428007875493));
#11009=CARTESIAN_POINT('Ctrl Pts',(-7.60000000000013,29.1473850289771,-17.1082409827113));
#11010=CARTESIAN_POINT('Ctrl Pts',(-7.60000000000013,29.0504790338799,-17.1484215699722));
#11011=CARTESIAN_POINT('',(-6.80000000000013,29.5034123453423,-16.9137700044204));
#11012=CARTESIAN_POINT('Ctrl Pts',(-6.80000000000013,29.6507520469948,-16.7064030610611));
#11013=CARTESIAN_POINT('Ctrl Pts',(-7.60000000000013,29.6507520469948,-16.7064030610611));
#11014=CARTESIAN_POINT('Ctrl Pts',(-6.80000000000013,29.6344417867021,-16.7448783042287));
#11015=CARTESIAN_POINT('Ctrl Pts',(-7.60000000000013,29.6344417867021,-16.7448783042287));
#11016=CARTESIAN_POINT('Ctrl Pts',(-6.80000000000013,29.6005930502197,-16.8247261020996));
#11017=CARTESIAN_POINT('Ctrl Pts',(-7.60000000000013,29.6005930502197,-16.8247261020996));
#11018=CARTESIAN_POINT('Ctrl Pts',(-6.80000000000013,29.5365801586943,-16.8833792850278));
#11019=CARTESIAN_POINT('Ctrl Pts',(-7.60000000000013,29.5365801586943,-16.8833792850278));
#11020=CARTESIAN_POINT('Ctrl Pts',(-6.80000000000013,29.5034123453423,-16.9137700044204));
#11021=CARTESIAN_POINT('Ctrl Pts',(-7.60000000000013,29.5034123453423,-16.9137700044204));
#11022=CARTESIAN_POINT('',(-7.60000000000013,29.6507520469948,-16.7064030610611));
#11023=CARTESIAN_POINT('Ctrl Pts',(-7.60000000000013,29.6507520469948,-16.7064030610611));
#11024=CARTESIAN_POINT('Ctrl Pts',(-7.60000000000013,29.6344417867021,-16.7448783042287));
#11025=CARTESIAN_POINT('Ctrl Pts',(-7.60000000000013,29.6005930502197,-16.8247261020996));
#11026=CARTESIAN_POINT('Ctrl Pts',(-7.60000000000013,29.5365801586943,-16.8833792850278));
#11027=CARTESIAN_POINT('Ctrl Pts',(-7.60000000000013,29.5034123453423,-16.9137700044204));
#11028=CARTESIAN_POINT('',(-6.80000000000013,29.6507520469948,-16.7064030610611));
#11029=CARTESIAN_POINT('Ctrl Pts',(-6.80000000000013,29.6889511737152,-16.329868599086));
#11030=CARTESIAN_POINT('Ctrl Pts',(-7.60000000000013,29.6889511737152,-16.329868599086));
#11031=CARTESIAN_POINT('Ctrl Pts',(-6.80000000000013,29.6888882716271,-16.4048047985523));
#11032=CARTESIAN_POINT('Ctrl Pts',(-7.60000000000013,29.6888882716271,-16.4048047985523));
#11033=CARTESIAN_POINT('Ctrl Pts',(-6.80000000000013,29.688781702668,-16.531761995126));
#11034=CARTESIAN_POINT('Ctrl Pts',(-7.60000000000013,29.688781702668,-16.531761995126));
#11035=CARTESIAN_POINT('Ctrl Pts',(-6.80000000000013,29.6618055757353,-16.655642674005));
#11036=CARTESIAN_POINT('Ctrl Pts',(-7.60000000000013,29.6618055757353,-16.655642674005));
#11037=CARTESIAN_POINT('Ctrl Pts',(-6.80000000000013,29.6507520469948,-16.7064030610611));
#11038=CARTESIAN_POINT('Ctrl Pts',(-7.60000000000013,29.6507520469948,-16.7064030610611));
#11039=CARTESIAN_POINT('',(-7.60000000000013,29.6889511737152,-16.329868599086));
#11040=CARTESIAN_POINT('Ctrl Pts',(-7.60000000000013,29.6889511737152,-16.329868599086));
#11041=CARTESIAN_POINT('Ctrl Pts',(-7.60000000000013,29.6888882716271,-16.4048047985523));
#11042=CARTESIAN_POINT('Ctrl Pts',(-7.60000000000013,29.688781702668,-16.531761995126));
#11043=CARTESIAN_POINT('Ctrl Pts',(-7.60000000000013,29.6618055757353,-16.655642674005));
#11044=CARTESIAN_POINT('Ctrl Pts',(-7.60000000000013,29.6507520469948,-16.7064030610611));
#11045=CARTESIAN_POINT('',(-6.80000000000013,29.6889511737152,-16.329868599086));
#11046=CARTESIAN_POINT('Origin',(-6.80000000000013,29.6889511737152,-16.2316401444961));
#11047=CARTESIAN_POINT('',(-7.60000000000013,29.6889511737152,-16.2316401444961));
#11048=CARTESIAN_POINT('',(-7.60000000000013,29.6889511737152,-16.329868599086));
#11049=CARTESIAN_POINT('',(-6.80000000000013,29.6889511737152,-16.2316401444961));
#11050=CARTESIAN_POINT('Origin',(-6.80000000000013,29.2824027928635,-16.2316401444961));
#11051=CARTESIAN_POINT('',(-7.60000000000013,29.2824027928635,-16.2316401444961));
#11052=CARTESIAN_POINT('',(-7.60000000000013,29.6889511737152,-16.2316401444961));
#11053=CARTESIAN_POINT('',(-6.80000000000013,29.2824027928635,-16.2316401444961));
#11054=CARTESIAN_POINT('Origin',(-6.80000000000013,29.2851311954781,-16.3680680238296));
#11055=CARTESIAN_POINT('',(-7.60000000000013,29.2851311954781,-16.3680680238296));
#11056=CARTESIAN_POINT('',(-7.60000000000013,29.2824027928635,-16.2316401444961));
#11057=CARTESIAN_POINT('',(-6.80000000000013,29.2851311954781,-16.3680680238296));
#11058=CARTESIAN_POINT('Ctrl Pts',(-6.80000000000013,29.227832654409,-16.6163619004776));
#11059=CARTESIAN_POINT('Ctrl Pts',(-7.60000000000013,29.227832654409,-16.6163619004776));
#11060=CARTESIAN_POINT('Ctrl Pts',(-6.80000000000013,29.2443335525426,-16.5871756138597));
#11061=CARTESIAN_POINT('Ctrl Pts',(-7.60000000000013,29.2443335525426,-16.5871756138597));
#11062=CARTESIAN_POINT('Ctrl Pts',(-6.80000000000013,29.2873906423633,-16.5110175432951));
#11063=CARTESIAN_POINT('Ctrl Pts',(-7.60000000000013,29.2873906423633,-16.5110175432952));
#11064=CARTESIAN_POINT('Ctrl Pts',(-6.80000000000013,29.2859931330752,-16.4226006468907));
#11065=CARTESIAN_POINT('Ctrl Pts',(-7.60000000000013,29.2859931330752,-16.4226006468907));
#11066=CARTESIAN_POINT('Ctrl Pts',(-6.80000000000013,29.2851311954781,-16.3680680238296));
#11067=CARTESIAN_POINT('Ctrl Pts',(-7.60000000000013,29.2851311954781,-16.3680680238296));
#11068=CARTESIAN_POINT('',(-7.60000000000013,29.227832654409,-16.6163619004776));
#11069=CARTESIAN_POINT('Ctrl Pts',(-7.60000000000013,29.227832654409,-16.6163619004776));
#11070=CARTESIAN_POINT('Ctrl Pts',(-7.60000000000013,29.2443335525426,-16.5871756138597));
#11071=CARTESIAN_POINT('Ctrl Pts',(-7.60000000000013,29.2873906423633,-16.5110175432952));
#11072=CARTESIAN_POINT('Ctrl Pts',(-7.60000000000013,29.2859931330752,-16.4226006468907));
#11073=CARTESIAN_POINT('Ctrl Pts',(-7.60000000000013,29.2851311954781,-16.3680680238296));
#11074=CARTESIAN_POINT('',(-6.80000000000013,29.227832654409,-16.6163619004776));
#11075=CARTESIAN_POINT('Ctrl Pts',(-6.80000000000013,28.8703973087593,-16.7909844361831));
#11076=CARTESIAN_POINT('Ctrl Pts',(-7.60000000000013,28.8703973087593,-16.7909844361831));
#11077=CARTESIAN_POINT('Ctrl Pts',(-6.80000000000013,28.9515310381513,-16.7603358352414));
#11078=CARTESIAN_POINT('Ctrl Pts',(-7.60000000000013,28.9515310381513,-16.7603358352414));
#11079=CARTESIAN_POINT('Ctrl Pts',(-6.80000000000013,29.0763633388368,-16.7131799187439));
#11080=CARTESIAN_POINT('Ctrl Pts',(-7.60000000000013,29.0763633388368,-16.7131799187439));
#11081=CARTESIAN_POINT('Ctrl Pts',(-6.80000000000013,29.1885579944753,-16.6414659601909));
#11082=CARTESIAN_POINT('Ctrl Pts',(-7.60000000000013,29.1885579944753,-16.6414659601909));
#11083=CARTESIAN_POINT('Ctrl Pts',(-6.80000000000013,29.227832654409,-16.6163619004776));
#11084=CARTESIAN_POINT('Ctrl Pts',(-7.60000000000013,29.227832654409,-16.6163619004776));
#11085=CARTESIAN_POINT('',(-7.60000000000013,28.8703973087593,-16.7909844361831));
#11086=CARTESIAN_POINT('Ctrl Pts',(-7.60000000000013,28.8703973087593,-16.7909844361831));
#11087=CARTESIAN_POINT('Ctrl Pts',(-7.60000000000013,28.9515310381513,-16.7603358352414));
#11088=CARTESIAN_POINT('Ctrl Pts',(-7.60000000000013,29.0763633388368,-16.7131799187439));
#11089=CARTESIAN_POINT('Ctrl Pts',(-7.60000000000013,29.1885579944753,-16.6414659601909));
#11090=CARTESIAN_POINT('Ctrl Pts',(-7.60000000000013,29.227832654409,-16.6163619004776));
#11091=CARTESIAN_POINT('',(-6.80000000000013,28.8703973087593,-16.7909844361831));
#11092=CARTESIAN_POINT('Ctrl Pts',(-6.80000000000013,28.4774912390038,-16.9956238709976));
#11093=CARTESIAN_POINT('Ctrl Pts',(-7.60000000000013,28.4774912390038,-16.9956238709976));
#11094=CARTESIAN_POINT('Ctrl Pts',(-6.80000000000013,28.5275557114492,-16.9614970126732));
#11095=CARTESIAN_POINT('Ctrl Pts',(-7.60000000000013,28.5275557114492,-16.9614970126732));
#11096=CARTESIAN_POINT('Ctrl Pts',(-6.80000000000013,28.6502292809343,-16.8778755677347));
#11097=CARTESIAN_POINT('Ctrl Pts',(-7.60000000000013,28.6502292809343,-16.8778755677347));
#11098=CARTESIAN_POINT('Ctrl Pts',(-6.80000000000013,28.7885354518835,-16.8232918944691));
#11099=CARTESIAN_POINT('Ctrl Pts',(-7.60000000000013,28.7885354518835,-16.8232918944691));
#11100=CARTESIAN_POINT('Ctrl Pts',(-6.80000000000013,28.8703973087593,-16.7909844361831));
#11101=CARTESIAN_POINT('Ctrl Pts',(-7.60000000000013,28.8703973087593,-16.7909844361831));
#11102=CARTESIAN_POINT('',(-7.60000000000013,28.4774912390038,-16.9956238709976));
#11103=CARTESIAN_POINT('Ctrl Pts',(-7.60000000000013,28.4774912390038,-16.9956238709976));
#11104=CARTESIAN_POINT('Ctrl Pts',(-7.60000000000013,28.5275557114492,-16.9614970126732));
#11105=CARTESIAN_POINT('Ctrl Pts',(-7.60000000000013,28.6502292809343,-16.8778755677347));
#11106=CARTESIAN_POINT('Ctrl Pts',(-7.60000000000013,28.7885354518835,-16.8232918944691));
#11107=CARTESIAN_POINT('Ctrl Pts',(-7.60000000000013,28.8703973087593,-16.7909844361831));
#11108=CARTESIAN_POINT('',(-6.80000000000013,28.4774912390038,-16.9956238709976));
#11109=CARTESIAN_POINT('Ctrl Pts',(-6.80000000000013,28.2783098015114,-17.2821171723892));
#11110=CARTESIAN_POINT('Ctrl Pts',(-7.60000000000013,28.2783098015114,-17.2821171723892));
#11111=CARTESIAN_POINT('Ctrl Pts',(-6.80000000000013,28.3068604467957,-17.2237820807195));
#11112=CARTESIAN_POINT('Ctrl Pts',(-7.60000000000013,28.3068604467957,-17.2237820807195));
#11113=CARTESIAN_POINT('Ctrl Pts',(-6.80000000000013,28.3586755856177,-17.1179126391372));
#11114=CARTESIAN_POINT('Ctrl Pts',(-7.60000000000013,28.3586755856177,-17.1179126391372));
#11115=CARTESIAN_POINT('Ctrl Pts',(-6.80000000000013,28.4406745163654,-17.0335167877142));
#11116=CARTESIAN_POINT('Ctrl Pts',(-7.60000000000013,28.4406745163654,-17.0335167877142));
#11117=CARTESIAN_POINT('Ctrl Pts',(-6.80000000000013,28.4774912390038,-16.9956238709976));
#11118=CARTESIAN_POINT('Ctrl Pts',(-7.60000000000013,28.4774912390038,-16.9956238709976));
#11119=CARTESIAN_POINT('',(-7.60000000000013,28.2783098015114,-17.2821171723892));
#11120=CARTESIAN_POINT('Ctrl Pts',(-7.60000000000013,28.2783098015114,-17.2821171723892));
#11121=CARTESIAN_POINT('Ctrl Pts',(-7.60000000000013,28.3068604467957,-17.2237820807195));
#11122=CARTESIAN_POINT('Ctrl Pts',(-7.60000000000013,28.3586755856177,-17.1179126391372));
#11123=CARTESIAN_POINT('Ctrl Pts',(-7.60000000000013,28.4406745163654,-17.0335167877142));
#11124=CARTESIAN_POINT('Ctrl Pts',(-7.60000000000013,28.4774912390038,-16.9956238709976));
#11125=CARTESIAN_POINT('',(-6.80000000000013,28.2783098015114,-17.2821171723892));
#11126=CARTESIAN_POINT('Ctrl Pts',(-6.80000000000013,27.6889512929245,-16.6600163423111));
#11127=CARTESIAN_POINT('Ctrl Pts',(-7.60000000000013,27.6889512929245,-16.6600163423111));
#11128=CARTESIAN_POINT('Ctrl Pts',(-6.80000000000013,27.8355770596437,-16.7508450335867));
#11129=CARTESIAN_POINT('Ctrl Pts',(-7.60000000000013,27.8355770596437,-16.7508450335867));
#11130=CARTESIAN_POINT('Ctrl Pts',(-6.80000000000013,28.088690371715,-16.9076384225953));
#11131=CARTESIAN_POINT('Ctrl Pts',(-7.60000000000013,28.088690371715,-16.9076384225953));
#11132=CARTESIAN_POINT('Ctrl Pts',(-6.80000000000013,28.2221583568937,-17.1712238804826));
#11133=CARTESIAN_POINT('Ctrl Pts',(-7.60000000000013,28.2221583568937,-17.1712238804827));
#11134=CARTESIAN_POINT('Ctrl Pts',(-6.80000000000013,28.2783098015114,-17.2821171723892));
#11135=CARTESIAN_POINT('Ctrl Pts',(-7.60000000000013,28.2783098015114,-17.2821171723892));
#11136=CARTESIAN_POINT('',(-7.60000000000013,27.6889512929245,-16.6600163423111));
#11137=CARTESIAN_POINT('Ctrl Pts',(-7.60000000000013,27.6889512929245,-16.6600163423111));
#11138=CARTESIAN_POINT('Ctrl Pts',(-7.60000000000013,27.8355770596437,-16.7508450335867));
#11139=CARTESIAN_POINT('Ctrl Pts',(-7.60000000000013,28.088690371715,-16.9076384225953));
#11140=CARTESIAN_POINT('Ctrl Pts',(-7.60000000000013,28.2221583568937,-17.1712238804827));
#11141=CARTESIAN_POINT('Ctrl Pts',(-7.60000000000013,28.2783098015114,-17.2821171723892));
#11142=CARTESIAN_POINT('',(-6.80000000000013,27.6889512929245,-16.6600163423111));
#11143=CARTESIAN_POINT('Origin',(-6.80000000000013,26.7912704738899,-16.1225016557266));
#11144=CARTESIAN_POINT('',(-7.60000000000013,26.7912704738899,-16.1225016557266));
#11145=CARTESIAN_POINT('',(-7.60000000000013,27.6889512929245,-16.6600163423111));
#11146=CARTESIAN_POINT('',(-6.80000000000013,26.7912704738899,-16.1225016557266));
#11147=CARTESIAN_POINT('Origin',(-6.80000000000013,26.7912704738899,-16.662743850856));
#11148=CARTESIAN_POINT('',(-7.60000000000013,26.7912704738899,-16.662743850856));
#11149=CARTESIAN_POINT('',(-7.60000000000013,26.7912704738899,-16.1225016557266));
#11150=CARTESIAN_POINT('',(-6.80000000000013,26.7912704738899,-16.662743850856));
#11151=CARTESIAN_POINT('Origin',(-6.80000000000013,27.6889512929245,-17.1866209947159));
#11152=CARTESIAN_POINT('',(-7.60000000000013,27.6889512929245,-17.1866209947159));
#11153=CARTESIAN_POINT('',(-7.60000000000013,26.7912704738899,-16.662743850856));
#11154=CARTESIAN_POINT('',(-6.80000000000013,27.6889512929245,-17.1866209947159));
#11155=CARTESIAN_POINT('Ctrl Pts',(-6.80000000000012,28.0450219902321,-17.4676568948318));
#11156=CARTESIAN_POINT('Ctrl Pts',(-7.60000000000012,28.0450219902321,-17.4676568948318));
#11157=CARTESIAN_POINT('Ctrl Pts',(-6.80000000000012,28.0025101092709,-17.4224121393469));
#11158=CARTESIAN_POINT('Ctrl Pts',(-7.60000000000012,28.0025101092709,-17.4224121393469));
#11159=CARTESIAN_POINT('Ctrl Pts',(-6.80000000000013,27.8980928276791,-17.3112823970913));
#11160=CARTESIAN_POINT('Ctrl Pts',(-7.60000000000013,27.8980928276791,-17.3112823970913));
#11161=CARTESIAN_POINT('Ctrl Pts',(-6.80000000000013,27.7667938957763,-17.2330200423629));
#11162=CARTESIAN_POINT('Ctrl Pts',(-7.60000000000013,27.7667938957763,-17.2330200423629));
#11163=CARTESIAN_POINT('Ctrl Pts',(-6.80000000000013,27.6889512929245,-17.1866209947159));
#11164=CARTESIAN_POINT('Ctrl Pts',(-7.60000000000013,27.6889512929245,-17.1866209947159));
#11165=CARTESIAN_POINT('',(-7.60000000000012,28.0450219902321,-17.4676568948318));
#11166=CARTESIAN_POINT('Ctrl Pts',(-7.60000000000012,28.0450219902321,-17.4676568948318));
#11167=CARTESIAN_POINT('Ctrl Pts',(-7.60000000000012,28.0025101092709,-17.4224121393469));
#11168=CARTESIAN_POINT('Ctrl Pts',(-7.60000000000013,27.8980928276791,-17.3112823970913));
#11169=CARTESIAN_POINT('Ctrl Pts',(-7.60000000000013,27.7667938957763,-17.2330200423629));
#11170=CARTESIAN_POINT('Ctrl Pts',(-7.60000000000013,27.6889512929245,-17.1866209947159));
#11171=CARTESIAN_POINT('',(-6.80000000000012,28.0450219902321,-17.4676568948318));
#11172=CARTESIAN_POINT('Ctrl Pts',(-6.80000000000012,28.1309700998589,-17.7541501962234));
#11173=CARTESIAN_POINT('Ctrl Pts',(-7.60000000000012,28.1309700998589,-17.7541501962234));
#11174=CARTESIAN_POINT('Ctrl Pts',(-6.80000000000012,28.1278725614814,-17.7012934488569));
#11175=CARTESIAN_POINT('Ctrl Pts',(-7.60000000000012,28.1278725614814,-17.7012934488569));
#11176=CARTESIAN_POINT('Ctrl Pts',(-6.80000000000012,28.1218705347868,-17.5988741823244));
#11177=CARTESIAN_POINT('Ctrl Pts',(-7.60000000000012,28.1218705347868,-17.5988741823244));
#11178=CARTESIAN_POINT('Ctrl Pts',(-6.80000000000012,28.0700829371401,-17.5104479391426));
#11179=CARTESIAN_POINT('Ctrl Pts',(-7.60000000000012,28.0700829371401,-17.5104479391426));
#11180=CARTESIAN_POINT('Ctrl Pts',(-6.80000000000012,28.0450219902321,-17.4676568948318));
#11181=CARTESIAN_POINT('Ctrl Pts',(-7.60000000000012,28.0450219902321,-17.4676568948318));
#11182=CARTESIAN_POINT('',(-7.60000000000012,28.1309700998589,-17.7541501962234));
#11183=CARTESIAN_POINT('Ctrl Pts',(-7.60000000000012,28.1309700998589,-17.7541501962234));
#11184=CARTESIAN_POINT('Ctrl Pts',(-7.60000000000012,28.1278725614814,-17.7012934488569));
#11185=CARTESIAN_POINT('Ctrl Pts',(-7.60000000000012,28.1218705347868,-17.5988741823244));
#11186=CARTESIAN_POINT('Ctrl Pts',(-7.60000000000012,28.0700829371401,-17.5104479391426));
#11187=CARTESIAN_POINT('Ctrl Pts',(-7.60000000000012,28.0450219902321,-17.4676568948318));
#11188=CARTESIAN_POINT('',(-6.80000000000012,28.1309700998589,-17.7541501962234));
#11189=CARTESIAN_POINT('Origin',(-6.80000000000012,26.7912704738899,-17.7541501962234));
#11190=CARTESIAN_POINT('',(-7.60000000000012,26.7912704738899,-17.7541501962234));
#11191=CARTESIAN_POINT('',(-7.60000000000012,28.1309700998589,-17.7541501962234));
#11192=CARTESIAN_POINT('',(-6.80000000000012,26.7912704738899,-17.7541501962234));
#11193=CARTESIAN_POINT('Origin',(-6.80000000000012,26.7912704738899,-18.2452829324295));
#11194=CARTESIAN_POINT('',(-7.60000000000012,26.7912704738899,-18.2452829324295));
#11195=CARTESIAN_POINT('',(-7.60000000000012,26.7912704738899,-17.7541501962234));
#11196=CARTESIAN_POINT('',(-6.80000000000012,26.7912704738899,-18.2452829324295));
#11197=CARTESIAN_POINT('Origin',(-6.80000000000012,29.6889511737152,-18.2452829324295));
#11198=CARTESIAN_POINT('',(-7.60000000000012,26.7912704738899,-18.2452829324295));
#11199=CARTESIAN_POINT('Origin',(-7.6000000000001,28.7912705036923,-25.1033996932794));
#11200=CARTESIAN_POINT('Origin',(-6.80000000000009,40.7271491736174,-31.5920879691839));
#11201=CARTESIAN_POINT('',(-6.80000000000008,40.7271491736174,-33.2100959867239));
#11202=CARTESIAN_POINT('',(-6.80000000000009,40.7271491736174,-31.5920879691839));
#11203=CARTESIAN_POINT('',(-6.80000000000009,40.7271491736174,-28.1134678186147));
#11204=CARTESIAN_POINT('',(-7.60000000000008,40.7271491736174,-33.2100959867239));
#11205=CARTESIAN_POINT('',(-6.80000000000008,40.7271491736174,-33.2100959867239));
#11206=CARTESIAN_POINT('',(-7.60000000000009,40.7271491736174,-31.5920879691839));
#11207=CARTESIAN_POINT('',(-7.60000000000008,40.7271491736174,-33.2100959867239));
#11208=CARTESIAN_POINT('',(-6.80000000000009,40.7271491736174,-31.5920879691839));
#11209=CARTESIAN_POINT('Ctrl Pts',(-6.80000000000009,41.2755801528692,-31.7776264995337));
#11210=CARTESIAN_POINT('Ctrl Pts',(-7.60000000000009,41.2755801528692,-31.7776264995337));
#11211=CARTESIAN_POINT('Ctrl Pts',(-6.80000000000009,41.2013327761759,-31.7313187207386));
#11212=CARTESIAN_POINT('Ctrl Pts',(-7.60000000000009,41.2013327761759,-31.7313187207386));
#11213=CARTESIAN_POINT('Ctrl Pts',(-6.80000000000009,41.0337747742815,-31.6268134946601));
#11214=CARTESIAN_POINT('Ctrl Pts',(-7.60000000000009,41.0337747742815,-31.6268134946601));
#11215=CARTESIAN_POINT('Ctrl Pts',(-6.80000000000009,40.8368267029516,-31.6045090124067));
#11216=CARTESIAN_POINT('Ctrl Pts',(-7.60000000000009,40.8368267029516,-31.6045090124067));
#11217=CARTESIAN_POINT('Ctrl Pts',(-6.80000000000009,40.7271491736174,-31.5920879691839));
#11218=CARTESIAN_POINT('Ctrl Pts',(-7.60000000000009,40.7271491736174,-31.5920879691839));
#11219=CARTESIAN_POINT('',(-6.80000000000009,41.2755801528692,-31.7776264995337));
#11220=CARTESIAN_POINT('Ctrl Pts',(-6.80000000000009,40.7271491736174,-31.5920879691839));
#11221=CARTESIAN_POINT('Ctrl Pts',(-6.80000000000009,40.8368267029516,-31.6045090124067));
#11222=CARTESIAN_POINT('Ctrl Pts',(-6.80000000000009,41.0337747742815,-31.6268134946601));
#11223=CARTESIAN_POINT('Ctrl Pts',(-6.80000000000009,41.2013327761759,-31.7313187207386));
#11224=CARTESIAN_POINT('Ctrl Pts',(-6.80000000000009,41.2755801528692,-31.7776264995337));
#11225=CARTESIAN_POINT('',(-7.60000000000009,41.2755801528692,-31.7776264995337));
#11226=CARTESIAN_POINT('Ctrl Pts',(-7.60000000000009,41.2755801528692,-31.7776264995337));
#11227=CARTESIAN_POINT('Ctrl Pts',(-7.60000000000009,41.2013327761759,-31.7313187207386));
#11228=CARTESIAN_POINT('Ctrl Pts',(-7.60000000000009,41.0337747742815,-31.6268134946601));
#11229=CARTESIAN_POINT('Ctrl Pts',(-7.60000000000009,40.8368267029516,-31.6045090124067));
#11230=CARTESIAN_POINT('Ctrl Pts',(-7.60000000000009,40.7271491736174,-31.5920879691839));
#11231=CARTESIAN_POINT('',(-6.80000000000009,41.2755801528692,-31.7776264995337));
#11232=CARTESIAN_POINT('Ctrl Pts',(-6.80000000000008,41.5593456476927,-32.3860850185156));
#11233=CARTESIAN_POINT('Ctrl Pts',(-7.60000000000008,41.5593456476927,-32.3860850185156));
#11234=CARTESIAN_POINT('Ctrl Pts',(-6.80000000000008,41.5477294993132,-32.2674532806571));
#11235=CARTESIAN_POINT('Ctrl Pts',(-7.60000000000008,41.5477294993132,-32.2674532806571));
#11236=CARTESIAN_POINT('Ctrl Pts',(-6.80000000000008,41.5245980046365,-32.0312192620189));
#11237=CARTESIAN_POINT('Ctrl Pts',(-7.60000000000008,41.5245980046365,-32.0312192620189));
#11238=CARTESIAN_POINT('Ctrl Pts',(-6.80000000000008,41.3583446045969,-31.8619114847275));
#11239=CARTESIAN_POINT('Ctrl Pts',(-7.60000000000008,41.3583446045969,-31.8619114847275));
#11240=CARTESIAN_POINT('Ctrl Pts',(-6.80000000000009,41.2755801528692,-31.7776264995337));
#11241=CARTESIAN_POINT('Ctrl Pts',(-7.60000000000009,41.2755801528692,-31.7776264995337));
#11242=CARTESIAN_POINT('',(-6.80000000000008,41.5593456476927,-32.3860850185156));
#11243=CARTESIAN_POINT('Ctrl Pts',(-6.80000000000009,41.2755801528692,-31.7776264995337));
#11244=CARTESIAN_POINT('Ctrl Pts',(-6.80000000000008,41.3583446045969,-31.8619114847275));
#11245=CARTESIAN_POINT('Ctrl Pts',(-6.80000000000008,41.5245980046365,-32.0312192620189));
#11246=CARTESIAN_POINT('Ctrl Pts',(-6.80000000000008,41.5477294993132,-32.2674532806571));
#11247=CARTESIAN_POINT('Ctrl Pts',(-6.80000000000008,41.5593456476927,-32.3860850185156));
#11248=CARTESIAN_POINT('',(-7.60000000000008,41.5593456476927,-32.3860850185156));
#11249=CARTESIAN_POINT('Ctrl Pts',(-7.60000000000008,41.5593456476927,-32.3860850185156));
#11250=CARTESIAN_POINT('Ctrl Pts',(-7.60000000000008,41.5477294993132,-32.2674532806571));
#11251=CARTESIAN_POINT('Ctrl Pts',(-7.60000000000008,41.5245980046365,-32.0312192620189));
#11252=CARTESIAN_POINT('Ctrl Pts',(-7.60000000000008,41.3583446045969,-31.8619114847275));
#11253=CARTESIAN_POINT('Ctrl Pts',(-7.60000000000009,41.2755801528692,-31.7776264995337));
#11254=CARTESIAN_POINT('',(-6.80000000000008,41.5593456476927,-32.3860850185156));
#11255=CARTESIAN_POINT('Ctrl Pts',(-6.80000000000008,41.3328792899847,-32.9549800604582));
#11256=CARTESIAN_POINT('Ctrl Pts',(-7.60000000000008,41.3328792899847,-32.9549800604582));
#11257=CARTESIAN_POINT('Ctrl Pts',(-6.80000000000008,41.398929018988,-32.8729294203974));
#11258=CARTESIAN_POINT('Ctrl Pts',(-7.60000000000008,41.398929018988,-32.8729294203974));
#11259=CARTESIAN_POINT('Ctrl Pts',(-6.80000000000008,41.5327459955338,-32.7066945433995));
#11260=CARTESIAN_POINT('Ctrl Pts',(-7.60000000000008,41.5327459955338,-32.7066945433995));
#11261=CARTESIAN_POINT('Ctrl Pts',(-6.80000000000008,41.5504035530395,-32.493865402301));
#11262=CARTESIAN_POINT('Ctrl Pts',(-7.60000000000008,41.5504035530395,-32.493865402301));
#11263=CARTESIAN_POINT('Ctrl Pts',(-6.80000000000008,41.5593456476927,-32.3860850185156));
#11264=CARTESIAN_POINT('Ctrl Pts',(-7.60000000000008,41.5593456476927,-32.3860850185156));
#11265=CARTESIAN_POINT('',(-6.80000000000008,41.3328792899847,-32.9549800604582));
#11266=CARTESIAN_POINT('Ctrl Pts',(-6.80000000000008,41.5593456476927,-32.3860850185156));
#11267=CARTESIAN_POINT('Ctrl Pts',(-6.80000000000008,41.5504035530395,-32.493865402301));
#11268=CARTESIAN_POINT('Ctrl Pts',(-6.80000000000008,41.5327459955338,-32.7066945433995));
#11269=CARTESIAN_POINT('Ctrl Pts',(-6.80000000000008,41.398929018988,-32.8729294203974));
#11270=CARTESIAN_POINT('Ctrl Pts',(-6.80000000000008,41.3328792899847,-32.9549800604582));
#11271=CARTESIAN_POINT('',(-7.60000000000008,41.3328792899847,-32.9549800604582));
#11272=CARTESIAN_POINT('Ctrl Pts',(-7.60000000000008,41.3328792899847,-32.9549800604582));
#11273=CARTESIAN_POINT('Ctrl Pts',(-7.60000000000008,41.398929018988,-32.8729294203974));
#11274=CARTESIAN_POINT('Ctrl Pts',(-7.60000000000008,41.5327459955338,-32.7066945433995));
#11275=CARTESIAN_POINT('Ctrl Pts',(-7.60000000000008,41.5504035530395,-32.493865402301));
#11276=CARTESIAN_POINT('Ctrl Pts',(-7.60000000000008,41.5593456476927,-32.3860850185156));
#11277=CARTESIAN_POINT('',(-6.80000000000008,41.3328792899847,-32.9549800604582));
#11278=CARTESIAN_POINT('Ctrl Pts',(-6.80000000000008,40.7271491736174,-33.2100959867239));
#11279=CARTESIAN_POINT('Ctrl Pts',(-7.60000000000008,40.7271491736174,-33.2100959867239));
#11280=CARTESIAN_POINT('Ctrl Pts',(-6.80000000000008,40.8453327146267,-33.1951689380816));
#11281=CARTESIAN_POINT('Ctrl Pts',(-7.60000000000008,40.8453327146267,-33.1951689380816));
#11282=CARTESIAN_POINT('Ctrl Pts',(-6.80000000000008,41.071588995415,-33.1665918749802));
#11283=CARTESIAN_POINT('Ctrl Pts',(-7.60000000000008,41.071588995415,-33.1665918749802));
#11284=CARTESIAN_POINT('Ctrl Pts',(-6.80000000000008,41.2484165114802,-33.0233841389501));
#11285=CARTESIAN_POINT('Ctrl Pts',(-7.60000000000008,41.2484165114802,-33.0233841389501));
#11286=CARTESIAN_POINT('Ctrl Pts',(-6.80000000000008,41.3328792899847,-32.9549800604582));
#11287=CARTESIAN_POINT('Ctrl Pts',(-7.60000000000008,41.3328792899847,-32.9549800604582));
#11288=CARTESIAN_POINT('Ctrl Pts',(-6.80000000000008,41.3328792899847,-32.9549800604582));
#11289=CARTESIAN_POINT('Ctrl Pts',(-6.80000000000008,41.2484165114802,-33.0233841389501));
#11290=CARTESIAN_POINT('Ctrl Pts',(-6.80000000000008,41.071588995415,-33.1665918749802));
#11291=CARTESIAN_POINT('Ctrl Pts',(-6.80000000000008,40.8453327146267,-33.1951689380816));
#11292=CARTESIAN_POINT('Ctrl Pts',(-6.80000000000008,40.7271491736174,-33.2100959867239));
#11293=CARTESIAN_POINT('Ctrl Pts',(-7.60000000000008,40.7271491736174,-33.2100959867239));
#11294=CARTESIAN_POINT('Ctrl Pts',(-7.60000000000008,40.8453327146267,-33.1951689380816));
#11295=CARTESIAN_POINT('Ctrl Pts',(-7.60000000000008,41.071588995415,-33.1665918749802));
#11296=CARTESIAN_POINT('Ctrl Pts',(-7.60000000000008,41.2484165114802,-33.0233841389501));
#11297=CARTESIAN_POINT('Ctrl Pts',(-7.60000000000008,41.3328792899847,-32.9549800604582));
#11298=CARTESIAN_POINT('Origin',(-6.80000000000009,39.870396181941,-31.0900416225195));
#11299=CARTESIAN_POINT('',(-7.60000000000009,39.9331518262625,-31.5975447744131));
#11300=CARTESIAN_POINT('',(-6.80000000000009,39.9331518262625,-31.5975447744131));
#11301=CARTESIAN_POINT('',(-7.60000000000009,39.870396181941,-31.0900416225195));
#11302=CARTESIAN_POINT('',(-7.60000000000009,39.9331518262625,-31.5975447744131));
#11303=CARTESIAN_POINT('',(-6.80000000000009,39.870396181941,-31.0900416225195));
#11304=CARTESIAN_POINT('Ctrl Pts',(-6.80000000000009,39.1800823062658,-31.5347888320685));
#11305=CARTESIAN_POINT('Ctrl Pts',(-7.60000000000009,39.1800823062658,-31.5347888320685));
#11306=CARTESIAN_POINT('Ctrl Pts',(-6.80000000000009,39.2725768774801,-31.434476436709));
#11307=CARTESIAN_POINT('Ctrl Pts',(-7.60000000000009,39.2725768774801,-31.4344764367091));
#11308=CARTESIAN_POINT('Ctrl Pts',(-6.80000000000009,39.4639766729267,-31.2268991518965));
#11309=CARTESIAN_POINT('Ctrl Pts',(-7.60000000000009,39.4639766729267,-31.2268991518965));
#11310=CARTESIAN_POINT('Ctrl Pts',(-6.80000000000009,39.7319314295371,-31.1366681832517));
#11311=CARTESIAN_POINT('Ctrl Pts',(-7.60000000000009,39.7319314295371,-31.1366681832517));
#11312=CARTESIAN_POINT('Ctrl Pts',(-6.80000000000009,39.870396181941,-31.0900416225195));
#11313=CARTESIAN_POINT('Ctrl Pts',(-7.60000000000009,39.870396181941,-31.0900416225195));
#11314=CARTESIAN_POINT('',(-7.60000000000009,39.1800823062658,-31.5347888320685));
#11315=CARTESIAN_POINT('Ctrl Pts',(-7.60000000000009,39.1800823062658,-31.5347888320685));
#11316=CARTESIAN_POINT('Ctrl Pts',(-7.60000000000009,39.2725768774801,-31.4344764367091));
#11317=CARTESIAN_POINT('Ctrl Pts',(-7.60000000000009,39.4639766729267,-31.2268991518965));
#11318=CARTESIAN_POINT('Ctrl Pts',(-7.60000000000009,39.7319314295371,-31.1366681832517));
#11319=CARTESIAN_POINT('Ctrl Pts',(-7.60000000000009,39.870396181941,-31.0900416225195));
#11320=CARTESIAN_POINT('',(-6.80000000000009,39.1800823062658,-31.5347888320685));
#11321=CARTESIAN_POINT('Ctrl Pts',(-6.80000000000008,38.9345165342093,-32.3642572015524));
#11322=CARTESIAN_POINT('Ctrl Pts',(-7.60000000000008,38.9345165342093,-32.3642572015524));
#11323=CARTESIAN_POINT('Ctrl Pts',(-6.80000000000008,38.942159470156,-32.2070754224016));
#11324=CARTESIAN_POINT('Ctrl Pts',(-7.60000000000008,38.942159470156,-32.2070754224016));
#11325=CARTESIAN_POINT('Ctrl Pts',(-6.80000000000008,38.9566084828419,-31.9099223994319));
#11326=CARTESIAN_POINT('Ctrl Pts',(-7.60000000000008,38.9566084828419,-31.9099223994319));
#11327=CARTESIAN_POINT('Ctrl Pts',(-6.80000000000009,39.1085239156612,-31.6549100790718));
#11328=CARTESIAN_POINT('Ctrl Pts',(-7.60000000000009,39.1085239156612,-31.6549100790719));
#11329=CARTESIAN_POINT('Ctrl Pts',(-6.80000000000009,39.1800823062658,-31.5347888320685));
#11330=CARTESIAN_POINT('Ctrl Pts',(-7.60000000000009,39.1800823062658,-31.5347888320685));
#11331=CARTESIAN_POINT('',(-7.60000000000008,38.9345165342093,-32.3642572015524));
#11332=CARTESIAN_POINT('Ctrl Pts',(-7.60000000000008,38.9345165342093,-32.3642572015524));
#11333=CARTESIAN_POINT('Ctrl Pts',(-7.60000000000008,38.942159470156,-32.2070754224016));
#11334=CARTESIAN_POINT('Ctrl Pts',(-7.60000000000008,38.9566084828419,-31.9099223994319));
#11335=CARTESIAN_POINT('Ctrl Pts',(-7.60000000000009,39.1085239156612,-31.6549100790719));
#11336=CARTESIAN_POINT('Ctrl Pts',(-7.60000000000009,39.1800823062658,-31.5347888320685));
#11337=CARTESIAN_POINT('',(-6.80000000000008,38.9345165342093,-32.3642572015524));
#11338=CARTESIAN_POINT('Ctrl Pts',(-6.80000000000008,39.3260579556227,-33.3724426478148));
#11339=CARTESIAN_POINT('Ctrl Pts',(-7.60000000000008,39.3260579556227,-33.3724426478148));
#11340=CARTESIAN_POINT('Ctrl Pts',(-6.80000000000008,39.2119238722203,-33.2328474948858));
#11341=CARTESIAN_POINT('Ctrl Pts',(-7.60000000000008,39.2119238722203,-33.2328474948858));
#11342=CARTESIAN_POINT('Ctrl Pts',(-6.80000000000008,38.9726847850799,-32.9402388721118));
#11343=CARTESIAN_POINT('Ctrl Pts',(-7.60000000000008,38.9726847850799,-32.9402388721118));
#11344=CARTESIAN_POINT('Ctrl Pts',(-6.80000000000008,38.9476223846605,-32.5620323016635));
#11345=CARTESIAN_POINT('Ctrl Pts',(-7.60000000000008,38.9476223846605,-32.5620323016635));
#11346=CARTESIAN_POINT('Ctrl Pts',(-6.80000000000008,38.9345165342093,-32.3642572015524));
#11347=CARTESIAN_POINT('Ctrl Pts',(-7.60000000000008,38.9345165342093,-32.3642572015524));
#11348=CARTESIAN_POINT('',(-7.60000000000008,39.3260579556227,-33.3724426478148));
#11349=CARTESIAN_POINT('Ctrl Pts',(-7.60000000000008,39.3260579556227,-33.3724426478148));
#11350=CARTESIAN_POINT('Ctrl Pts',(-7.60000000000008,39.2119238722203,-33.2328474948858));
#11351=CARTESIAN_POINT('Ctrl Pts',(-7.60000000000008,38.9726847850799,-32.9402388721118));
#11352=CARTESIAN_POINT('Ctrl Pts',(-7.60000000000008,38.9476223846605,-32.5620323016635));
#11353=CARTESIAN_POINT('Ctrl Pts',(-7.60000000000008,38.9345165342093,-32.3642572015524));
#11354=CARTESIAN_POINT('',(-6.80000000000008,39.3260579556227,-33.3724426478148));
#11355=CARTESIAN_POINT('Ctrl Pts',(-6.80000000000008,40.4242842644453,-33.7448846548796));
#11356=CARTESIAN_POINT('Ctrl Pts',(-7.60000000000008,40.4242842644453,-33.7448846548796));
#11357=CARTESIAN_POINT('Ctrl Pts',(-6.80000000000008,40.2076322189647,-33.7345293339022));
#11358=CARTESIAN_POINT('Ctrl Pts',(-7.60000000000008,40.2076322189647,-33.7345293339022));
#11359=CARTESIAN_POINT('Ctrl Pts',(-6.80000000000008,39.8042754495531,-33.7152500845123));
#11360=CARTESIAN_POINT('Ctrl Pts',(-7.60000000000008,39.8042754495531,-33.7152500845123));
#11361=CARTESIAN_POINT('Ctrl Pts',(-6.80000000000008,39.4773734815308,-33.4809123048797));
#11362=CARTESIAN_POINT('Ctrl Pts',(-7.60000000000008,39.4773734815308,-33.4809123048797));
#11363=CARTESIAN_POINT('Ctrl Pts',(-6.80000000000008,39.3260579556227,-33.3724426478148));
#11364=CARTESIAN_POINT('Ctrl Pts',(-7.60000000000008,39.3260579556227,-33.3724426478148));
#11365=CARTESIAN_POINT('',(-7.60000000000008,40.4242842644453,-33.7448846548796));
#11366=CARTESIAN_POINT('Ctrl Pts',(-7.60000000000008,40.4242842644453,-33.7448846548796));
#11367=CARTESIAN_POINT('Ctrl Pts',(-7.60000000000008,40.2076322189647,-33.7345293339022));
#11368=CARTESIAN_POINT('Ctrl Pts',(-7.60000000000008,39.8042754495531,-33.7152500845123));
#11369=CARTESIAN_POINT('Ctrl Pts',(-7.60000000000008,39.4773734815308,-33.4809123048797));
#11370=CARTESIAN_POINT('Ctrl Pts',(-7.60000000000008,39.3260579556227,-33.3724426478148));
#11371=CARTESIAN_POINT('',(-6.80000000000008,40.4242842644453,-33.7448846548796));
#11372=CARTESIAN_POINT('Ctrl Pts',(-6.80000000000008,41.5593456476927,-33.3683498948813));
#11373=CARTESIAN_POINT('Ctrl Pts',(-7.60000000000008,41.5593456476927,-33.3683498948813));
#11374=CARTESIAN_POINT('Ctrl Pts',(-6.80000000000008,41.4028601524382,-33.4779976282316));
#11375=CARTESIAN_POINT('Ctrl Pts',(-7.60000000000008,41.4028601524382,-33.4779976282316));
#11376=CARTESIAN_POINT('Ctrl Pts',(-6.80000000000008,41.0636054643953,-33.7157098041229));
#11377=CARTESIAN_POINT('Ctrl Pts',(-7.60000000000008,41.0636054643953,-33.7157098041229));
#11378=CARTESIAN_POINT('Ctrl Pts',(-6.80000000000008,40.6481211882682,-33.7346700571987));
#11379=CARTESIAN_POINT('Ctrl Pts',(-7.60000000000008,40.6481211882682,-33.7346700571987));
#11380=CARTESIAN_POINT('Ctrl Pts',(-6.80000000000008,40.4242842644453,-33.7448846548796));
#11381=CARTESIAN_POINT('Ctrl Pts',(-7.60000000000008,40.4242842644453,-33.7448846548796));
#11382=CARTESIAN_POINT('',(-7.60000000000008,41.5593456476927,-33.3683498948813));
#11383=CARTESIAN_POINT('Ctrl Pts',(-7.60000000000008,41.5593456476927,-33.3683498948813));
#11384=CARTESIAN_POINT('Ctrl Pts',(-7.60000000000008,41.4028601524382,-33.4779976282316));
#11385=CARTESIAN_POINT('Ctrl Pts',(-7.60000000000008,41.0636054643953,-33.7157098041229));
#11386=CARTESIAN_POINT('Ctrl Pts',(-7.60000000000008,40.6481211882682,-33.7346700571987));
#11387=CARTESIAN_POINT('Ctrl Pts',(-7.60000000000008,40.4242842644453,-33.7448846548796));
#11388=CARTESIAN_POINT('',(-6.80000000000008,41.5593456476927,-33.3683498948813));
#11389=CARTESIAN_POINT('Ctrl Pts',(-6.80000000000008,41.9631656259298,-32.3915424197912));
#11390=CARTESIAN_POINT('Ctrl Pts',(-7.60000000000008,41.9631656259298,-32.3915424197912));
#11391=CARTESIAN_POINT('Ctrl Pts',(-6.80000000000008,41.9479937808722,-32.580739835205));
#11392=CARTESIAN_POINT('Ctrl Pts',(-7.60000000000008,41.9479937808722,-32.580739835205));
#11393=CARTESIAN_POINT('Ctrl Pts',(-6.80000000000008,41.9183529293659,-32.9503700597647));
#11394=CARTESIAN_POINT('Ctrl Pts',(-7.60000000000008,41.9183529293659,-32.9503700597647));
#11395=CARTESIAN_POINT('Ctrl Pts',(-6.80000000000008,41.6771079555864,-33.2312432885558));
#11396=CARTESIAN_POINT('Ctrl Pts',(-7.60000000000008,41.6771079555864,-33.2312432885558));
#11397=CARTESIAN_POINT('Ctrl Pts',(-6.80000000000008,41.5593456476927,-33.3683498948813));
#11398=CARTESIAN_POINT('Ctrl Pts',(-7.60000000000008,41.5593456476927,-33.3683498948813));
#11399=CARTESIAN_POINT('',(-7.60000000000008,41.9631656259298,-32.3915424197912));
#11400=CARTESIAN_POINT('Ctrl Pts',(-7.60000000000008,41.9631656259298,-32.3915424197912));
#11401=CARTESIAN_POINT('Ctrl Pts',(-7.60000000000008,41.9479937808722,-32.580739835205));
#11402=CARTESIAN_POINT('Ctrl Pts',(-7.60000000000008,41.9183529293659,-32.9503700597647));
#11403=CARTESIAN_POINT('Ctrl Pts',(-7.60000000000008,41.6771079555864,-33.2312432885558));
#11404=CARTESIAN_POINT('Ctrl Pts',(-7.60000000000008,41.5593456476927,-33.3683498948813));
#11405=CARTESIAN_POINT('',(-6.80000000000008,41.9631656259298,-32.3915424197912));
#11406=CARTESIAN_POINT('Ctrl Pts',(-6.80000000000009,41.5675311535597,-31.4420195668936));
#11407=CARTESIAN_POINT('Ctrl Pts',(-7.60000000000009,41.5675311535597,-31.4420195668936));
#11408=CARTESIAN_POINT('Ctrl Pts',(-6.80000000000009,41.6829109291076,-31.5755886001567));
#11409=CARTESIAN_POINT('Ctrl Pts',(-7.60000000000009,41.6829109291076,-31.5755886001567));
#11410=CARTESIAN_POINT('Ctrl Pts',(-6.80000000000008,41.9185132219887,-31.8483328514371));
#11411=CARTESIAN_POINT('Ctrl Pts',(-7.60000000000008,41.9185132219887,-31.8483328514371));
#11412=CARTESIAN_POINT('Ctrl Pts',(-6.80000000000008,41.9480789196275,-32.2080082201729));
#11413=CARTESIAN_POINT('Ctrl Pts',(-7.60000000000008,41.9480789196275,-32.2080082201729));
#11414=CARTESIAN_POINT('Ctrl Pts',(-6.80000000000008,41.9631656259298,-32.3915424197912));
#11415=CARTESIAN_POINT('Ctrl Pts',(-7.60000000000008,41.9631656259298,-32.3915424197912));
#11416=CARTESIAN_POINT('',(-7.60000000000009,41.5675311535597,-31.4420195668936));
#11417=CARTESIAN_POINT('Ctrl Pts',(-7.60000000000009,41.5675311535597,-31.4420195668936));
#11418=CARTESIAN_POINT('Ctrl Pts',(-7.60000000000009,41.6829109291076,-31.5755886001567));
#11419=CARTESIAN_POINT('Ctrl Pts',(-7.60000000000008,41.9185132219887,-31.8483328514371));
#11420=CARTESIAN_POINT('Ctrl Pts',(-7.60000000000008,41.9480789196275,-32.2080082201729));
#11421=CARTESIAN_POINT('Ctrl Pts',(-7.60000000000008,41.9631656259298,-32.3915424197912));
#11422=CARTESIAN_POINT('',(-6.80000000000009,41.5675311535597,-31.4420195668936));
#11423=CARTESIAN_POINT('Ctrl Pts',(-6.80000000000009,40.4542978852987,-31.0736706107855));
#11424=CARTESIAN_POINT('Ctrl Pts',(-7.60000000000009,40.4542978852987,-31.0736706107855));
#11425=CARTESIAN_POINT('Ctrl Pts',(-6.80000000000009,40.6738830211552,-31.0836147792421));
#11426=CARTESIAN_POINT('Ctrl Pts',(-7.60000000000009,40.6738830211552,-31.0836147792421));
#11427=CARTESIAN_POINT('Ctrl Pts',(-6.80000000000009,41.0812411810616,-31.1020624676455));
#11428=CARTESIAN_POINT('Ctrl Pts',(-7.60000000000009,41.0812411810616,-31.1020624676455));
#11429=CARTESIAN_POINT('Ctrl Pts',(-6.80000000000009,41.4140992024828,-31.3347578835976));
#11430=CARTESIAN_POINT('Ctrl Pts',(-7.60000000000009,41.4140992024828,-31.3347578835976));
#11431=CARTESIAN_POINT('Ctrl Pts',(-6.80000000000009,41.5675311535597,-31.4420195668936));
#11432=CARTESIAN_POINT('Ctrl Pts',(-7.60000000000009,41.5675311535597,-31.4420195668936));
#11433=CARTESIAN_POINT('',(-7.60000000000009,40.4542978852987,-31.0736706107855));
#11434=CARTESIAN_POINT('Ctrl Pts',(-7.60000000000009,40.4542978852987,-31.0736706107855));
#11435=CARTESIAN_POINT('Ctrl Pts',(-7.60000000000009,40.6738830211552,-31.0836147792421));
#11436=CARTESIAN_POINT('Ctrl Pts',(-7.60000000000009,41.0812411810616,-31.1020624676455));
#11437=CARTESIAN_POINT('Ctrl Pts',(-7.60000000000009,41.4140992024828,-31.3347578835976));
#11438=CARTESIAN_POINT('Ctrl Pts',(-7.60000000000009,41.5675311535597,-31.4420195668936));
#11439=CARTESIAN_POINT('',(-6.80000000000009,40.4542978852987,-31.0736706107855));
#11440=CARTESIAN_POINT('Ctrl Pts',(-6.80000000000009,40.3233291953802,-31.0763993114233));
#11441=CARTESIAN_POINT('Ctrl Pts',(-7.60000000000009,40.3233291953802,-31.0763993114233));
#11442=CARTESIAN_POINT('Ctrl Pts',(-6.80000000000009,40.3487931943799,-31.0756108646604));
#11443=CARTESIAN_POINT('Ctrl Pts',(-7.60000000000009,40.3487931943799,-31.0756108646604));
#11444=CARTESIAN_POINT('Ctrl Pts',(-6.80000000000009,40.3924407443517,-31.0742593970656));
#11445=CARTESIAN_POINT('Ctrl Pts',(-7.60000000000009,40.3924407443517,-31.0742593970656));
#11446=CARTESIAN_POINT('Ctrl Pts',(-6.80000000000009,40.4361066763727,-31.0738437635383));
#11447=CARTESIAN_POINT('Ctrl Pts',(-7.60000000000009,40.4361066763727,-31.0738437635383));
#11448=CARTESIAN_POINT('Ctrl Pts',(-6.80000000000009,40.4542978852987,-31.0736706107855));
#11449=CARTESIAN_POINT('Ctrl Pts',(-7.60000000000009,40.4542978852987,-31.0736706107855));
#11450=CARTESIAN_POINT('',(-7.60000000000009,40.3233291953802,-31.0763993114233));
#11451=CARTESIAN_POINT('Ctrl Pts',(-7.60000000000009,40.3233291953802,-31.0763993114233));
#11452=CARTESIAN_POINT('Ctrl Pts',(-7.60000000000009,40.3487931943799,-31.0756108646604));
#11453=CARTESIAN_POINT('Ctrl Pts',(-7.60000000000009,40.3924407443517,-31.0742593970656));
#11454=CARTESIAN_POINT('Ctrl Pts',(-7.60000000000009,40.4361066763727,-31.0738437635383));
#11455=CARTESIAN_POINT('Ctrl Pts',(-7.60000000000009,40.4542978852987,-31.0736706107855));
#11456=CARTESIAN_POINT('',(-6.80000000000009,40.3233291953802,-31.0763993114233));
#11457=CARTESIAN_POINT('Origin',(-6.80000000000008,40.3233291953802,-33.2373812049627));
#11458=CARTESIAN_POINT('',(-7.60000000000008,40.3233291953802,-33.2373812049628));
#11459=CARTESIAN_POINT('',(-7.60000000000009,40.3233291953802,-31.0763993114233));
#11460=CARTESIAN_POINT('',(-6.80000000000008,40.3233291953802,-33.2373812049627));
#11461=CARTESIAN_POINT('Ctrl Pts',(-6.80000000000008,39.59208779037,-32.9672583192587));
#11462=CARTESIAN_POINT('Ctrl Pts',(-7.60000000000008,39.59208779037,-32.9672583192587));
#11463=CARTESIAN_POINT('Ctrl Pts',(-6.80000000000008,39.6917633109228,-33.0394287867936));
#11464=CARTESIAN_POINT('Ctrl Pts',(-7.60000000000008,39.6917633109228,-33.0394287867936));
#11465=CARTESIAN_POINT('Ctrl Pts',(-6.80000000000008,39.9093917187197,-33.1970035238251));
#11466=CARTESIAN_POINT('Ctrl Pts',(-7.60000000000008,39.9093917187197,-33.1970035238251));
#11467=CARTESIAN_POINT('Ctrl Pts',(-6.80000000000008,40.1778350297872,-33.2231889238649));
#11468=CARTESIAN_POINT('Ctrl Pts',(-7.60000000000008,40.1778350297872,-33.2231889238649));
#11469=CARTESIAN_POINT('Ctrl Pts',(-6.80000000000008,40.3233291953802,-33.2373812049627));
#11470=CARTESIAN_POINT('Ctrl Pts',(-7.60000000000008,40.3233291953802,-33.2373812049628));
#11471=CARTESIAN_POINT('',(-7.60000000000008,39.59208779037,-32.9672583192587));
#11472=CARTESIAN_POINT('Ctrl Pts',(-7.60000000000008,39.59208779037,-32.9672583192587));
#11473=CARTESIAN_POINT('Ctrl Pts',(-7.60000000000008,39.6917633109228,-33.0394287867936));
#11474=CARTESIAN_POINT('Ctrl Pts',(-7.60000000000008,39.9093917187197,-33.1970035238251));
#11475=CARTESIAN_POINT('Ctrl Pts',(-7.60000000000008,40.1778350297872,-33.2231889238649));
#11476=CARTESIAN_POINT('Ctrl Pts',(-7.60000000000008,40.3233291953802,-33.2373812049628));
#11477=CARTESIAN_POINT('',(-6.80000000000008,39.59208779037,-32.9672583192587));
#11478=CARTESIAN_POINT('Ctrl Pts',(-6.80000000000008,39.3383362144232,-32.3615285009146));
#11479=CARTESIAN_POINT('Ctrl Pts',(-7.60000000000008,39.3383362144232,-32.3615285009146));
#11480=CARTESIAN_POINT('Ctrl Pts',(-6.80000000000008,39.3485130999635,-32.4771085028389));
#11481=CARTESIAN_POINT('Ctrl Pts',(-7.60000000000008,39.3485130999635,-32.4771085028389));
#11482=CARTESIAN_POINT('Ctrl Pts',(-6.80000000000008,39.3686806089803,-32.7061531080596));
#11483=CARTESIAN_POINT('Ctrl Pts',(-7.60000000000008,39.3686806089803,-32.7061531080596));
#11484=CARTESIAN_POINT('Ctrl Pts',(-6.80000000000008,39.5180786642513,-32.8807607931466));
#11485=CARTESIAN_POINT('Ctrl Pts',(-7.60000000000008,39.5180786642513,-32.8807607931466));
#11486=CARTESIAN_POINT('Ctrl Pts',(-6.80000000000008,39.59208779037,-32.9672583192587));
#11487=CARTESIAN_POINT('Ctrl Pts',(-7.60000000000008,39.59208779037,-32.9672583192587));
#11488=CARTESIAN_POINT('',(-7.60000000000008,39.3383362144232,-32.3615285009146));
#11489=CARTESIAN_POINT('Ctrl Pts',(-7.60000000000008,39.3383362144232,-32.3615285009146));
#11490=CARTESIAN_POINT('Ctrl Pts',(-7.60000000000008,39.3485130999635,-32.4771085028389));
#11491=CARTESIAN_POINT('Ctrl Pts',(-7.60000000000008,39.3686806089803,-32.7061531080596));
#11492=CARTESIAN_POINT('Ctrl Pts',(-7.60000000000008,39.5180786642513,-32.8807607931466));
#11493=CARTESIAN_POINT('Ctrl Pts',(-7.60000000000008,39.59208779037,-32.9672583192587));
#11494=CARTESIAN_POINT('',(-6.80000000000008,39.3383362144232,-32.3615285009146));
#11495=CARTESIAN_POINT('Ctrl Pts',(-6.80000000000008,39.4802188128233,-31.9004096835852));
#11496=CARTESIAN_POINT('Ctrl Pts',(-7.60000000000008,39.4802188128233,-31.9004096835852));
#11497=CARTESIAN_POINT('Ctrl Pts',(-6.80000000000008,39.4388498023922,-31.9688174959459));
#11498=CARTESIAN_POINT('Ctrl Pts',(-7.60000000000008,39.4388498023922,-31.9688174959459));
#11499=CARTESIAN_POINT('Ctrl Pts',(-6.80000000000008,39.353181283814,-32.1104789928744));
#11500=CARTESIAN_POINT('Ctrl Pts',(-7.60000000000008,39.353181283814,-32.1104789928744));
#11501=CARTESIAN_POINT('Ctrl Pts',(-6.80000000000008,39.3433961456154,-32.2759584572126));
#11502=CARTESIAN_POINT('Ctrl Pts',(-7.60000000000008,39.3433961456154,-32.2759584572126));
#11503=CARTESIAN_POINT('Ctrl Pts',(-6.80000000000008,39.3383362144232,-32.3615285009146));
#11504=CARTESIAN_POINT('Ctrl Pts',(-7.60000000000008,39.3383362144232,-32.3615285009146));
#11505=CARTESIAN_POINT('',(-7.60000000000008,39.4802188128233,-31.9004096835852));
#11506=CARTESIAN_POINT('Ctrl Pts',(-7.60000000000008,39.4802188128233,-31.9004096835852));
#11507=CARTESIAN_POINT('Ctrl Pts',(-7.60000000000008,39.4388498023922,-31.9688174959459));
#11508=CARTESIAN_POINT('Ctrl Pts',(-7.60000000000008,39.353181283814,-32.1104789928744));
#11509=CARTESIAN_POINT('Ctrl Pts',(-7.60000000000008,39.3433961456154,-32.2759584572126));
#11510=CARTESIAN_POINT('Ctrl Pts',(-7.60000000000008,39.3383362144232,-32.3615285009146));
#11511=CARTESIAN_POINT('',(-6.80000000000008,39.4802188128233,-31.9004096835852));
#11512=CARTESIAN_POINT('Ctrl Pts',(-6.80000000000009,39.9331518262625,-31.5975447744131));
#11513=CARTESIAN_POINT('Ctrl Pts',(-7.60000000000009,39.9331518262625,-31.5975447744131));
#11514=CARTESIAN_POINT('Ctrl Pts',(-6.80000000000009,39.8390761800539,-31.6348972135545));
#11515=CARTESIAN_POINT('Ctrl Pts',(-7.60000000000009,39.8390761800539,-31.6348972135545));
#11516=CARTESIAN_POINT('Ctrl Pts',(-6.80000000000009,39.6659526603052,-31.7036353620123));
#11517=CARTESIAN_POINT('Ctrl Pts',(-7.60000000000009,39.6659526603052,-31.7036353620123));
#11518=CARTESIAN_POINT('Ctrl Pts',(-6.80000000000008,39.5384405861037,-31.8387270657245));
#11519=CARTESIAN_POINT('Ctrl Pts',(-7.60000000000008,39.5384405861037,-31.8387270657245));
#11520=CARTESIAN_POINT('Ctrl Pts',(-6.80000000000008,39.4802188128233,-31.9004096835852));
#11521=CARTESIAN_POINT('Ctrl Pts',(-7.60000000000008,39.4802188128233,-31.9004096835852));
#11522=CARTESIAN_POINT('Ctrl Pts',(-7.60000000000009,39.9331518262625,-31.5975447744131));
#11523=CARTESIAN_POINT('Ctrl Pts',(-7.60000000000009,39.8390761800539,-31.6348972135545));
#11524=CARTESIAN_POINT('Ctrl Pts',(-7.60000000000009,39.6659526603052,-31.7036353620123));
#11525=CARTESIAN_POINT('Ctrl Pts',(-7.60000000000008,39.5384405861037,-31.8387270657245));
#11526=CARTESIAN_POINT('Ctrl Pts',(-7.60000000000008,39.4802188128233,-31.9004096835852));
#11527=CARTESIAN_POINT('Origin',(-7.6000000000001,40.9672585874796,-26.7926342785359));
#11528=CARTESIAN_POINT('Origin',(-6.8000000000001,34.9499997783452,-24.6348476680455));
#11529=CARTESIAN_POINT('Origin',(-6.80000000000012,39.4038205593824,-18.8171901553869));
#11530=CARTESIAN_POINT('',(-6.80000000000012,39.4038205593824,-19.3328788131476));
#11531=CARTESIAN_POINT('',(-6.80000000000012,39.4038205593824,-18.8171901553869));
#11532=CARTESIAN_POINT('',(-6.80000000000011,39.4038205593824,-21.7260189117162));
#11533=CARTESIAN_POINT('',(-7.60000000000012,39.4038205593824,-19.3328788131476));
#11534=CARTESIAN_POINT('',(-6.80000000000012,39.4038205593824,-19.3328788131476));
#11535=CARTESIAN_POINT('',(-7.60000000000012,39.4038205593824,-18.8171901553869));
#11536=CARTESIAN_POINT('',(-7.60000000000012,39.4038205593824,-19.3328788131476));
#11537=CARTESIAN_POINT('',(-6.80000000000012,39.4038205593824,-18.8171901553869));
#11538=CARTESIAN_POINT('Ctrl Pts',(-6.80000000000012,39.5184179395437,-18.1514324992895));
#11539=CARTESIAN_POINT('Ctrl Pts',(-7.60000000000012,39.5184179395437,-18.1514324992895));
#11540=CARTESIAN_POINT('Ctrl Pts',(-6.80000000000012,39.4852508648326,-18.239230796834));
#11541=CARTESIAN_POINT('Ctrl Pts',(-7.60000000000012,39.4852508648326,-18.239230796834));
#11542=CARTESIAN_POINT('Ctrl Pts',(-6.80000000000012,39.4045398919166,-18.4528850330576));
#11543=CARTESIAN_POINT('Ctrl Pts',(-7.60000000000012,39.4045398919166,-18.4528850330576));
#11544=CARTESIAN_POINT('Ctrl Pts',(-6.80000000000012,39.4040872149292,-18.6821427649824));
#11545=CARTESIAN_POINT('Ctrl Pts',(-7.60000000000012,39.4040872149292,-18.6821427649824));
#11546=CARTESIAN_POINT('Ctrl Pts',(-6.80000000000012,39.4038205593824,-18.8171901553869));
#11547=CARTESIAN_POINT('Ctrl Pts',(-7.60000000000012,39.4038205593824,-18.8171901553869));
#11548=CARTESIAN_POINT('',(-6.80000000000012,39.5184179395437,-18.1514324992895));
#11549=CARTESIAN_POINT('Ctrl Pts',(-6.80000000000012,39.4038205593824,-18.8171901553869));
#11550=CARTESIAN_POINT('Ctrl Pts',(-6.80000000000012,39.4040872149292,-18.6821427649824));
#11551=CARTESIAN_POINT('Ctrl Pts',(-6.80000000000012,39.4045398919166,-18.4528850330576));
#11552=CARTESIAN_POINT('Ctrl Pts',(-6.80000000000012,39.4852508648326,-18.239230796834));
#11553=CARTESIAN_POINT('Ctrl Pts',(-6.80000000000012,39.5184179395437,-18.1514324992895));
#11554=CARTESIAN_POINT('',(-7.60000000000012,39.5184179395437,-18.1514324992895));
#11555=CARTESIAN_POINT('Ctrl Pts',(-7.60000000000012,39.5184179395437,-18.1514324992895));
#11556=CARTESIAN_POINT('Ctrl Pts',(-7.60000000000012,39.4852508648326,-18.239230796834));
#11557=CARTESIAN_POINT('Ctrl Pts',(-7.60000000000012,39.4045398919166,-18.4528850330576));
#11558=CARTESIAN_POINT('Ctrl Pts',(-7.60000000000012,39.4040872149292,-18.6821427649824));
#11559=CARTESIAN_POINT('Ctrl Pts',(-7.60000000000012,39.4038205593824,-18.8171901553869));
#11560=CARTESIAN_POINT('',(-6.80000000000012,39.5184179395437,-18.1514324992895));
#11561=CARTESIAN_POINT('Ctrl Pts',(-6.80000000000012,39.8758532851934,-17.9522516578436));
#11562=CARTESIAN_POINT('Ctrl Pts',(-7.60000000000012,39.8758532851934,-17.9522516578436));
#11563=CARTESIAN_POINT('Ctrl Pts',(-6.80000000000012,39.8005896460849,-17.9599720995224));
#11564=CARTESIAN_POINT('Ctrl Pts',(-7.60000000000012,39.8005896460849,-17.9599720995224));
#11565=CARTESIAN_POINT('Ctrl Pts',(-6.80000000000012,39.6525769895468,-17.9751550364101));
#11566=CARTESIAN_POINT('Ctrl Pts',(-7.60000000000012,39.6525769895468,-17.9751550364101));
#11567=CARTESIAN_POINT('Ctrl Pts',(-6.80000000000012,39.5626282360667,-18.0933426506805));
#11568=CARTESIAN_POINT('Ctrl Pts',(-7.60000000000012,39.5626282360667,-18.0933426506805));
#11569=CARTESIAN_POINT('Ctrl Pts',(-6.80000000000012,39.5184179395437,-18.1514324992895));
#11570=CARTESIAN_POINT('Ctrl Pts',(-7.60000000000012,39.5184179395437,-18.1514324992895));
#11571=CARTESIAN_POINT('',(-6.80000000000012,39.8758532851934,-17.9522516578436));
#11572=CARTESIAN_POINT('Ctrl Pts',(-6.80000000000012,39.5184179395437,-18.1514324992895));
#11573=CARTESIAN_POINT('Ctrl Pts',(-6.80000000000012,39.5626282360667,-18.0933426506805));
#11574=CARTESIAN_POINT('Ctrl Pts',(-6.80000000000012,39.6525769895468,-17.9751550364101));
#11575=CARTESIAN_POINT('Ctrl Pts',(-6.80000000000012,39.8005896460849,-17.9599720995224));
#11576=CARTESIAN_POINT('Ctrl Pts',(-6.80000000000012,39.8758532851934,-17.9522516578436));
#11577=CARTESIAN_POINT('',(-7.60000000000012,39.8758532851934,-17.9522516578436));
#11578=CARTESIAN_POINT('Ctrl Pts',(-7.60000000000012,39.8758532851934,-17.9522516578436));
#11579=CARTESIAN_POINT('Ctrl Pts',(-7.60000000000012,39.8005896460849,-17.9599720995224));
#11580=CARTESIAN_POINT('Ctrl Pts',(-7.60000000000012,39.6525769895468,-17.9751550364101));
#11581=CARTESIAN_POINT('Ctrl Pts',(-7.60000000000012,39.5626282360667,-18.0933426506805));
#11582=CARTESIAN_POINT('Ctrl Pts',(-7.60000000000012,39.5184179395437,-18.1514324992895));
#11583=CARTESIAN_POINT('',(-6.80000000000012,39.8758532851934,-17.9522516578436));
#11584=CARTESIAN_POINT('Ctrl Pts',(-6.80000000000012,40.2114602178335,-18.0995907634497));
#11585=CARTESIAN_POINT('Ctrl Pts',(-7.60000000000012,40.2114602178335,-18.0995907634497));
#11586=CARTESIAN_POINT('Ctrl Pts',(-6.80000000000012,40.1615842669338,-18.0566269427333));
#11587=CARTESIAN_POINT('Ctrl Pts',(-7.60000000000012,40.1615842669338,-18.0566269427333));
#11588=CARTESIAN_POINT('Ctrl Pts',(-6.80000000000012,40.0645928264722,-17.9730772001451));
#11589=CARTESIAN_POINT('Ctrl Pts',(-7.60000000000012,40.0645928264722,-17.9730772001451));
#11590=CARTESIAN_POINT('Ctrl Pts',(-6.80000000000012,39.9375613230066,-17.9590605297054));
#11591=CARTESIAN_POINT('Ctrl Pts',(-7.60000000000012,39.9375613230066,-17.9590605297054));
#11592=CARTESIAN_POINT('Ctrl Pts',(-6.80000000000012,39.8758532851934,-17.9522516578436));
#11593=CARTESIAN_POINT('Ctrl Pts',(-7.60000000000012,39.8758532851934,-17.9522516578436));
#11594=CARTESIAN_POINT('',(-6.80000000000012,40.2114602178335,-18.0995907634497));
#11595=CARTESIAN_POINT('Ctrl Pts',(-6.80000000000012,39.8758532851934,-17.9522516578436));
#11596=CARTESIAN_POINT('Ctrl Pts',(-6.80000000000012,39.9375613230066,-17.9590605297054));
#11597=CARTESIAN_POINT('Ctrl Pts',(-6.80000000000012,40.0645928264722,-17.9730772001451));
#11598=CARTESIAN_POINT('Ctrl Pts',(-6.80000000000012,40.1615842669338,-18.0566269427333));
#11599=CARTESIAN_POINT('Ctrl Pts',(-6.80000000000012,40.2114602178335,-18.0995907634497));
#11600=CARTESIAN_POINT('',(-7.60000000000012,40.2114602178335,-18.0995907634497));
#11601=CARTESIAN_POINT('Ctrl Pts',(-7.60000000000012,40.2114602178335,-18.0995907634497));
#11602=CARTESIAN_POINT('Ctrl Pts',(-7.60000000000012,40.1615842669338,-18.0566269427333));
#11603=CARTESIAN_POINT('Ctrl Pts',(-7.60000000000012,40.0645928264722,-17.9730772001451));
#11604=CARTESIAN_POINT('Ctrl Pts',(-7.60000000000012,39.9375613230066,-17.9590605297054));
#11605=CARTESIAN_POINT('Ctrl Pts',(-7.60000000000012,39.8758532851934,-17.9522516578436));
#11606=CARTESIAN_POINT('',(-6.80000000000012,40.2114602178335,-18.0995907634497));
#11607=CARTESIAN_POINT('Ctrl Pts',(-6.80000000000012,40.358799919486,-18.7517061084509));
#11608=CARTESIAN_POINT('Ctrl Pts',(-7.60000000000012,40.358799919486,-18.7517061084509));
#11609=CARTESIAN_POINT('Ctrl Pts',(-6.80000000000012,40.3608260575153,-18.6093888650651));
#11610=CARTESIAN_POINT('Ctrl Pts',(-7.60000000000012,40.3608260575153,-18.6093888650651));
#11611=CARTESIAN_POINT('Ctrl Pts',(-6.80000000000012,40.3641213031799,-18.3779286819422));
#11612=CARTESIAN_POINT('Ctrl Pts',(-7.60000000000012,40.3641213031799,-18.3779286819422));
#11613=CARTESIAN_POINT('Ctrl Pts',(-6.80000000000012,40.253907271405,-18.1769819631155));
#11614=CARTESIAN_POINT('Ctrl Pts',(-7.60000000000012,40.253907271405,-18.1769819631155));
#11615=CARTESIAN_POINT('Ctrl Pts',(-6.80000000000012,40.2114602178335,-18.0995907634497));
#11616=CARTESIAN_POINT('Ctrl Pts',(-7.60000000000012,40.2114602178335,-18.0995907634497));
#11617=CARTESIAN_POINT('',(-6.80000000000012,40.358799919486,-18.7517061084509));
#11618=CARTESIAN_POINT('Ctrl Pts',(-6.80000000000012,40.2114602178335,-18.0995907634497));
#11619=CARTESIAN_POINT('Ctrl Pts',(-6.80000000000012,40.253907271405,-18.1769819631155));
#11620=CARTESIAN_POINT('Ctrl Pts',(-6.80000000000012,40.3641213031799,-18.3779286819422));
#11621=CARTESIAN_POINT('Ctrl Pts',(-6.80000000000012,40.3608260575153,-18.6093888650651));
#11622=CARTESIAN_POINT('Ctrl Pts',(-6.80000000000012,40.358799919486,-18.7517061084509));
#11623=CARTESIAN_POINT('',(-7.60000000000012,40.358799919486,-18.7517061084509));
#11624=CARTESIAN_POINT('Ctrl Pts',(-7.60000000000012,40.358799919486,-18.7517061084509));
#11625=CARTESIAN_POINT('Ctrl Pts',(-7.60000000000012,40.3608260575153,-18.6093888650651));
#11626=CARTESIAN_POINT('Ctrl Pts',(-7.60000000000012,40.3641213031799,-18.3779286819422));
#11627=CARTESIAN_POINT('Ctrl Pts',(-7.60000000000012,40.253907271405,-18.1769819631155));
#11628=CARTESIAN_POINT('Ctrl Pts',(-7.60000000000012,40.2114602178335,-18.0995907634497));
#11629=CARTESIAN_POINT('',(-6.80000000000012,40.358799919486,-18.7517061084509));
#11630=CARTESIAN_POINT('Origin',(-6.80000000000012,40.358799919486,-19.3328788131476));
#11631=CARTESIAN_POINT('',(-6.80000000000012,40.358799919486,-19.3328788131476));
#11632=CARTESIAN_POINT('',(-6.80000000000011,40.358799919486,-21.9838632405965));
#11633=CARTESIAN_POINT('',(-7.60000000000012,40.358799919486,-19.3328788131476));
#11634=CARTESIAN_POINT('',(-7.60000000000012,40.358799919486,-18.7517061084509));
#11635=CARTESIAN_POINT('',(-6.80000000000012,40.358799919486,-19.3328788131476));
#11636=CARTESIAN_POINT('Origin',(-6.80000000000012,39.4038205593824,-19.3328788131476));
#11637=CARTESIAN_POINT('',(-6.80000000000012,37.1769101688638,-19.3328788131476));
#11638=CARTESIAN_POINT('',(-7.60000000000012,40.358799919486,-19.3328788131476));
#11639=CARTESIAN_POINT('Origin',(-6.80000000000012,41.8976812809706,-19.3328788131476));
#11640=CARTESIAN_POINT('',(-7.60000000000012,41.8976812809706,-19.8240115493536));
#11641=CARTESIAN_POINT('',(-6.80000000000012,41.8976812809706,-19.8240115493536));
#11642=CARTESIAN_POINT('',(-7.60000000000012,41.8976812809706,-19.3328788131476));
#11643=CARTESIAN_POINT('',(-7.60000000000012,41.8976812809706,-19.8240115493536));
#11644=CARTESIAN_POINT('',(-6.80000000000012,41.8976812809706,-19.3328788131476));
#11645=CARTESIAN_POINT('Origin',(-6.80000000000012,40.7653483003378,-19.3328788131476));
#11646=CARTESIAN_POINT('',(-7.60000000000012,40.7653483003378,-19.3328788131476));
#11647=CARTESIAN_POINT('',(-7.60000000000012,41.8976812809706,-19.3328788131476));
#11648=CARTESIAN_POINT('',(-6.80000000000012,40.7653483003378,-19.3328788131476));
#11649=CARTESIAN_POINT('Origin',(-6.80000000000012,40.7653483003378,-18.7107779830694));
#11650=CARTESIAN_POINT('',(-7.60000000000012,40.7653483003378,-18.7107779830694));
#11651=CARTESIAN_POINT('',(-7.60000000000012,40.7653483003378,-19.3328788131476));
#11652=CARTESIAN_POINT('',(-6.80000000000012,40.7653483003378,-18.7107779830694));
#11653=CARTESIAN_POINT('Ctrl Pts',(-6.80000000000012,40.5293320864439,-17.773534283042));
#11654=CARTESIAN_POINT('Ctrl Pts',(-7.60000000000012,40.5293320864439,-17.773534283042));
#11655=CARTESIAN_POINT('Ctrl Pts',(-6.80000000000012,40.5979634032715,-17.9038382047669));
#11656=CARTESIAN_POINT('Ctrl Pts',(-7.60000000000012,40.5979634032715,-17.9038382047669));
#11657=CARTESIAN_POINT('Ctrl Pts',(-6.80000000000012,40.7518293835572,-18.1959692839601));
#11658=CARTESIAN_POINT('Ctrl Pts',(-7.60000000000012,40.7518293835572,-18.1959692839601));
#11659=CARTESIAN_POINT('Ctrl Pts',(-6.80000000000012,40.7605290731535,-18.527258835957));
#11660=CARTESIAN_POINT('Ctrl Pts',(-7.60000000000012,40.7605290731535,-18.527258835957));
#11661=CARTESIAN_POINT('Ctrl Pts',(-6.80000000000012,40.7653483003378,-18.7107779830694));
#11662=CARTESIAN_POINT('Ctrl Pts',(-7.60000000000012,40.7653483003378,-18.7107779830694));
#11663=CARTESIAN_POINT('',(-7.60000000000012,40.5293320864439,-17.773534283042));
#11664=CARTESIAN_POINT('Ctrl Pts',(-7.60000000000012,40.5293320864439,-17.773534283042));
#11665=CARTESIAN_POINT('Ctrl Pts',(-7.60000000000012,40.5979634032715,-17.9038382047669));
#11666=CARTESIAN_POINT('Ctrl Pts',(-7.60000000000012,40.7518293835572,-18.1959692839601));
#11667=CARTESIAN_POINT('Ctrl Pts',(-7.60000000000012,40.7605290731535,-18.527258835957));
#11668=CARTESIAN_POINT('Ctrl Pts',(-7.60000000000012,40.7653483003378,-18.7107779830694));
#11669=CARTESIAN_POINT('',(-6.80000000000012,40.5293320864439,-17.773534283042));
#11670=CARTESIAN_POINT('Ctrl Pts',(-6.80000000000012,39.878581687808,-17.4447479099035));
#11671=CARTESIAN_POINT('Ctrl Pts',(-7.60000000000012,39.878581687808,-17.4447479099035));
#11672=CARTESIAN_POINT('Ctrl Pts',(-6.80000000000012,40.0090901915833,-17.458046195007));
#11673=CARTESIAN_POINT('Ctrl Pts',(-7.60000000000012,40.0090901915833,-17.4580461950071));
#11674=CARTESIAN_POINT('Ctrl Pts',(-6.80000000000012,40.268232066503,-17.4844516968345));
#11675=CARTESIAN_POINT('Ctrl Pts',(-7.60000000000012,40.268232066503,-17.4844516968345));
#11676=CARTESIAN_POINT('Ctrl Pts',(-6.80000000000012,40.4427196063752,-17.6776393852102));
#11677=CARTESIAN_POINT('Ctrl Pts',(-7.60000000000012,40.4427196063752,-17.6776393852102));
#11678=CARTESIAN_POINT('Ctrl Pts',(-6.80000000000012,40.5293320864439,-17.773534283042));
#11679=CARTESIAN_POINT('Ctrl Pts',(-7.60000000000012,40.5293320864439,-17.773534283042));
#11680=CARTESIAN_POINT('',(-7.60000000000012,39.878581687808,-17.4447479099035));
#11681=CARTESIAN_POINT('Ctrl Pts',(-7.60000000000012,39.878581687808,-17.4447479099035));
#11682=CARTESIAN_POINT('Ctrl Pts',(-7.60000000000012,40.0090901915833,-17.4580461950071));
#11683=CARTESIAN_POINT('Ctrl Pts',(-7.60000000000012,40.268232066503,-17.4844516968345));
#11684=CARTESIAN_POINT('Ctrl Pts',(-7.60000000000012,40.4427196063752,-17.6776393852102));
#11685=CARTESIAN_POINT('Ctrl Pts',(-7.60000000000012,40.5293320864439,-17.773534283042));
#11686=CARTESIAN_POINT('',(-6.80000000000012,39.878581687808,-17.4447479099035));
#11687=CARTESIAN_POINT('Ctrl Pts',(-6.80000000000012,39.2578449100256,-17.7189638465643));
#11688=CARTESIAN_POINT('Ctrl Pts',(-7.60000000000012,39.2578449100256,-17.7189638465643));
#11689=CARTESIAN_POINT('Ctrl Pts',(-6.80000000000012,39.3475313789367,-17.6389865271504));
#11690=CARTESIAN_POINT('Ctrl Pts',(-7.60000000000012,39.3475313789367,-17.6389865271505));
#11691=CARTESIAN_POINT('Ctrl Pts',(-6.80000000000012,39.5250648735862,-17.4806721996869));
#11692=CARTESIAN_POINT('Ctrl Pts',(-7.60000000000012,39.5250648735862,-17.4806721996869));
#11693=CARTESIAN_POINT('Ctrl Pts',(-6.80000000000012,39.7615595317262,-17.456639671984));
#11694=CARTESIAN_POINT('Ctrl Pts',(-7.60000000000012,39.7615595317262,-17.456639671984));
#11695=CARTESIAN_POINT('Ctrl Pts',(-6.80000000000012,39.878581687808,-17.4447479099035));
#11696=CARTESIAN_POINT('Ctrl Pts',(-7.60000000000012,39.878581687808,-17.4447479099035));
#11697=CARTESIAN_POINT('',(-7.60000000000012,39.2578449100256,-17.7189638465643));
#11698=CARTESIAN_POINT('Ctrl Pts',(-7.60000000000012,39.2578449100256,-17.7189638465643));
#11699=CARTESIAN_POINT('Ctrl Pts',(-7.60000000000012,39.3475313789367,-17.6389865271505));
#11700=CARTESIAN_POINT('Ctrl Pts',(-7.60000000000012,39.5250648735862,-17.4806721996869));
#11701=CARTESIAN_POINT('Ctrl Pts',(-7.60000000000012,39.7615595317262,-17.456639671984));
#11702=CARTESIAN_POINT('Ctrl Pts',(-7.60000000000012,39.878581687808,-17.4447479099035));
#11703=CARTESIAN_POINT('',(-6.80000000000012,39.2578449100256,-17.7189638465643));
#11704=CARTESIAN_POINT('Ctrl Pts',(-6.80000000000012,39.0000005811453,-18.5961809009314));
#11705=CARTESIAN_POINT('Ctrl Pts',(-7.60000000000012,39.0000005811453,-18.5961809009314));
#11706=CARTESIAN_POINT('Ctrl Pts',(-6.80000000000012,39.0040181356291,-18.4169805575361));
#11707=CARTESIAN_POINT('Ctrl Pts',(-7.60000000000012,39.0040181356291,-18.4169805575361));
#11708=CARTESIAN_POINT('Ctrl Pts',(-6.80000000000012,39.0111400427007,-18.0993126334306));
#11709=CARTESIAN_POINT('Ctrl Pts',(-7.60000000000012,39.0111400427007,-18.0993126334306));
#11710=CARTESIAN_POINT('Ctrl Pts',(-6.80000000000012,39.1829535109408,-17.834425098292));
#11711=CARTESIAN_POINT('Ctrl Pts',(-7.60000000000012,39.1829535109408,-17.834425098292));
#11712=CARTESIAN_POINT('Ctrl Pts',(-6.80000000000012,39.2578449100256,-17.7189638465643));
#11713=CARTESIAN_POINT('Ctrl Pts',(-7.60000000000012,39.2578449100256,-17.7189638465643));
#11714=CARTESIAN_POINT('',(-7.60000000000012,39.0000005811453,-18.5961809009314));
#11715=CARTESIAN_POINT('Ctrl Pts',(-7.60000000000012,39.0000005811453,-18.5961809009314));
#11716=CARTESIAN_POINT('Ctrl Pts',(-7.60000000000012,39.0040181356291,-18.4169805575361));
#11717=CARTESIAN_POINT('Ctrl Pts',(-7.60000000000012,39.0111400427007,-18.0993126334306));
#11718=CARTESIAN_POINT('Ctrl Pts',(-7.60000000000012,39.1829535109408,-17.834425098292));
#11719=CARTESIAN_POINT('Ctrl Pts',(-7.60000000000012,39.2578449100256,-17.7189638465643));
#11720=CARTESIAN_POINT('',(-6.80000000000012,39.0000005811453,-18.5961809009314));
#11721=CARTESIAN_POINT('Origin',(-6.80000000000012,39.0000005811453,-19.8240115493536));
#11722=CARTESIAN_POINT('',(-7.60000000000012,39.0000005811453,-19.8240115493536));
#11723=CARTESIAN_POINT('',(-7.60000000000012,39.0000005811453,-18.5961809009314));
#11724=CARTESIAN_POINT('',(-6.80000000000012,39.0000005811453,-19.8240115493536));
#11725=CARTESIAN_POINT('Origin',(-6.80000000000012,41.8976812809706,-19.8240115493536));
#11726=CARTESIAN_POINT('',(-7.60000000000012,39.0000005811453,-19.8240115493536));
#11727=CARTESIAN_POINT('Origin',(-7.6000000000001,40.9672585874796,-26.7926342785359));
#11728=CARTESIAN_POINT('Origin',(-6.8000000000001,34.9499997783452,-24.6348476680455));
#11729=CARTESIAN_POINT('Origin',(-6.80000000000011,41.8976812809706,-22.8990461677313));
#11730=CARTESIAN_POINT('',(-7.60000000000011,41.8976812809706,-23.6630298942328));
#11731=CARTESIAN_POINT('',(-6.80000000000011,41.8976812809706,-23.6630298942328));
#11732=CARTESIAN_POINT('',(-7.60000000000011,41.8976812809706,-22.8990461677313));
#11733=CARTESIAN_POINT('',(-7.60000000000011,41.8976812809706,-23.6630298942328));
#11734=CARTESIAN_POINT('',(-6.80000000000011,41.8976812809706,-22.8990461677313));
#11735=CARTESIAN_POINT('Origin',(-6.80000000000011,39.5784451812506,-22.1377911418677));
#11736=CARTESIAN_POINT('',(-7.60000000000011,39.5784451812506,-22.1377911418677));
#11737=CARTESIAN_POINT('',(-7.60000000000011,41.8976812809706,-22.8990461677313));
#11738=CARTESIAN_POINT('',(-6.80000000000011,39.5784451812506,-22.1377911418677));
#11739=CARTESIAN_POINT('Origin',(-6.80000000000011,41.8976812809706,-21.2919523566961));
#11740=CARTESIAN_POINT('',(-7.60000000000011,41.8976812809706,-21.2919523566962));
#11741=CARTESIAN_POINT('',(-7.60000000000011,39.5784451812506,-22.1377911418677));
#11742=CARTESIAN_POINT('',(-6.80000000000011,41.8976812809706,-21.2919523566961));
#11743=CARTESIAN_POINT('Origin',(-6.80000000000012,41.8976812809706,-20.5852677673102));
#11744=CARTESIAN_POINT('',(-7.60000000000012,41.8976812809706,-20.5852677673102));
#11745=CARTESIAN_POINT('',(-7.60000000000011,41.8976812809706,-21.2919523566962));
#11746=CARTESIAN_POINT('',(-6.80000000000012,41.8976812809706,-20.5852677673102));
#11747=CARTESIAN_POINT('Origin',(-6.80000000000012,39.0000005811453,-20.5852677673102));
#11748=CARTESIAN_POINT('',(-7.60000000000012,39.0000005811453,-20.5852677673102));
#11749=CARTESIAN_POINT('',(-7.60000000000012,41.8976812809706,-20.5852677673102));
#11750=CARTESIAN_POINT('',(-6.80000000000012,39.0000005811453,-20.5852677673102));
#11751=CARTESIAN_POINT('Origin',(-6.80000000000011,39.0000005811453,-21.0763993114233));
#11752=CARTESIAN_POINT('',(-7.60000000000011,39.0000005811453,-21.0763993114233));
#11753=CARTESIAN_POINT('',(-7.60000000000012,39.0000005811453,-20.5852677673102));
#11754=CARTESIAN_POINT('',(-6.80000000000011,39.0000005811453,-21.0763993114233));
#11755=CARTESIAN_POINT('Origin',(-6.80000000000011,41.3328792899847,-21.0763993114233));
#11756=CARTESIAN_POINT('',(-7.60000000000011,41.3328792899847,-21.0763993114233));
#11757=CARTESIAN_POINT('',(-7.60000000000011,39.0000005811453,-21.0763993114233));
#11758=CARTESIAN_POINT('',(-6.80000000000011,41.3328792899847,-21.0763993114233));
#11759=CARTESIAN_POINT('Origin',(-6.80000000000011,39.0000005811453,-21.9331528991461));
#11760=CARTESIAN_POINT('',(-7.60000000000011,39.0000005811453,-21.9331528991461));
#11761=CARTESIAN_POINT('',(-7.60000000000011,41.3328792899847,-21.0763993114233));
#11762=CARTESIAN_POINT('',(-6.80000000000011,39.0000005811453,-21.9331528991461));
#11763=CARTESIAN_POINT('Origin',(-6.80000000000011,39.0000005811453,-22.3724427074194));
#11764=CARTESIAN_POINT('',(-7.60000000000011,39.0000005811453,-22.3724427074194));
#11765=CARTESIAN_POINT('',(-7.60000000000011,39.0000005811453,-21.9331528991461));
#11766=CARTESIAN_POINT('',(-6.80000000000011,39.0000005811453,-22.3724427074194));
#11767=CARTESIAN_POINT('Origin',(-6.80000000000011,41.4447482675314,-23.182811960578));
#11768=CARTESIAN_POINT('',(-7.60000000000011,41.4447482675314,-23.182811960578));
#11769=CARTESIAN_POINT('',(-7.60000000000011,39.0000005811453,-22.3724427074194));
#11770=CARTESIAN_POINT('',(-6.80000000000011,41.4447482675314,-23.182811960578));
#11771=CARTESIAN_POINT('Origin',(-6.80000000000011,39.0000005811453,-23.182811960578));
#11772=CARTESIAN_POINT('',(-7.60000000000011,39.0000005811453,-23.182811960578));
#11773=CARTESIAN_POINT('',(-7.60000000000011,41.4447482675314,-23.182811960578));
#11774=CARTESIAN_POINT('',(-6.80000000000011,39.0000005811453,-23.182811960578));
#11775=CARTESIAN_POINT('Origin',(-6.80000000000011,39.0000005811453,-23.6630298942328));
#11776=CARTESIAN_POINT('',(-7.60000000000011,39.0000005811453,-23.6630298942328));
#11777=CARTESIAN_POINT('',(-7.60000000000011,39.0000005811453,-23.182811960578));
#11778=CARTESIAN_POINT('',(-6.80000000000011,39.0000005811453,-23.6630298942328));
#11779=CARTESIAN_POINT('Origin',(-6.80000000000011,41.8976812809706,-23.6630298942328));
#11780=CARTESIAN_POINT('',(-7.60000000000011,39.0000005811453,-23.6630298942328));
#11781=CARTESIAN_POINT('Origin',(-7.60000000000009,40.9672585874796,-26.7926342785359));
#11782=CARTESIAN_POINT('Origin',(-6.80000000000013,41.8976812809706,-16.5852680057287));
#11783=CARTESIAN_POINT('',(-7.60000000000012,41.8976812809706,-17.076398357749));
#11784=CARTESIAN_POINT('',(-6.80000000000013,41.8976812809706,-17.076398357749));
#11785=CARTESIAN_POINT('',(-7.60000000000013,41.8976812809706,-16.5852680057287));
#11786=CARTESIAN_POINT('',(-7.60000000000012,41.8976812809706,-17.076398357749));
#11787=CARTESIAN_POINT('',(-6.80000000000013,41.8976812809706,-16.5852680057287));
#11788=CARTESIAN_POINT('Origin',(-6.80000000000013,39.0000005811453,-16.5852680057287));
#11789=CARTESIAN_POINT('',(-7.60000000000013,39.0000005811453,-16.5852680057287));
#11790=CARTESIAN_POINT('',(-7.60000000000013,41.8976812809706,-16.5852680057287));
#11791=CARTESIAN_POINT('',(-6.80000000000013,39.0000005811453,-16.5852680057287));
#11792=CARTESIAN_POINT('Origin',(-6.80000000000013,39.0000005811453,-17.076398357749));
#11793=CARTESIAN_POINT('',(-7.60000000000012,39.0000005811453,-17.076398357749));
#11794=CARTESIAN_POINT('',(-7.60000000000013,39.0000005811453,-16.5852680057287));
#11795=CARTESIAN_POINT('',(-6.80000000000013,39.0000005811453,-17.076398357749));
#11796=CARTESIAN_POINT('Origin',(-6.80000000000013,41.8976812809706,-17.076398357749));
#11797=CARTESIAN_POINT('',(-7.60000000000012,39.0000005811453,-17.076398357749));
#11798=CARTESIAN_POINT('Origin',(-7.6000000000001,40.9672585874796,-26.7926342785359));
#11799=CARTESIAN_POINT('Origin',(-6.8000000000001,41.8976812809706,-26.3069572299719));
#11800=CARTESIAN_POINT('',(-7.6000000000001,41.8976812809706,-26.798089966178));
#11801=CARTESIAN_POINT('',(-6.8000000000001,41.8976812809706,-26.798089966178));
#11802=CARTESIAN_POINT('',(-7.6000000000001,41.8976812809706,-26.3069572299719));
#11803=CARTESIAN_POINT('',(-7.6000000000001,41.8976812809706,-26.798089966178));
#11804=CARTESIAN_POINT('',(-6.8000000000001,41.8976812809706,-26.3069572299719));
#11805=CARTESIAN_POINT('Origin',(-6.8000000000001,39.6875857561827,-26.3069572299719));
#11806=CARTESIAN_POINT('',(-7.6000000000001,39.6875857561827,-26.3069572299719));
#11807=CARTESIAN_POINT('',(-7.6000000000001,41.8976812809706,-26.3069572299719));
#11808=CARTESIAN_POINT('',(-6.8000000000001,39.6875857561827,-26.3069572299719));
#11809=CARTESIAN_POINT('Origin',(-6.8000000000001,41.8976812809706,-24.9454297870398));
#11810=CARTESIAN_POINT('',(-7.6000000000001,41.8976812809706,-24.9454297870398));
#11811=CARTESIAN_POINT('',(-7.6000000000001,39.6875857561827,-26.3069572299719));
#11812=CARTESIAN_POINT('',(-6.8000000000001,41.8976812809706,-24.9454297870398));
#11813=CARTESIAN_POINT('Origin',(-6.8000000000001,41.8976812809706,-24.4160976260901));
#11814=CARTESIAN_POINT('',(-7.6000000000001,41.8976812809706,-24.4160976260901));
#11815=CARTESIAN_POINT('',(-7.6000000000001,41.8976812809706,-24.9454297870398));
#11816=CARTESIAN_POINT('',(-6.8000000000001,41.8976812809706,-24.4160976260901));
#11817=CARTESIAN_POINT('Origin',(-6.8000000000001,39.0000005811453,-24.4160976260901));
#11818=CARTESIAN_POINT('',(-7.6000000000001,39.0000005811453,-24.4160976260901));
#11819=CARTESIAN_POINT('',(-7.6000000000001,41.8976812809706,-24.4160976260901));
#11820=CARTESIAN_POINT('',(-6.8000000000001,39.0000005811453,-24.4160976260901));
#11821=CARTESIAN_POINT('Origin',(-6.8000000000001,39.0000005811453,-24.9072303622961));
#11822=CARTESIAN_POINT('',(-7.6000000000001,39.0000005811453,-24.9072303622961));
#11823=CARTESIAN_POINT('',(-7.6000000000001,39.0000005811453,-24.4160976260901));
#11824=CARTESIAN_POINT('',(-6.8000000000001,39.0000005811453,-24.9072303622961));
#11825=CARTESIAN_POINT('Origin',(-6.8000000000001,41.1964534968138,-24.9072303622961));
#11826=CARTESIAN_POINT('',(-7.6000000000001,41.1964534968138,-24.9072303622961));
#11827=CARTESIAN_POINT('',(-7.6000000000001,39.0000005811453,-24.9072303622961));
#11828=CARTESIAN_POINT('',(-6.8000000000001,41.1964534968138,-24.9072303622961));
#11829=CARTESIAN_POINT('Origin',(-6.8000000000001,39.0000005811453,-26.2687589973211));
#11830=CARTESIAN_POINT('',(-7.6000000000001,39.0000005811453,-26.2687589973212));
#11831=CARTESIAN_POINT('',(-7.6000000000001,41.1964534968138,-24.9072303622961));
#11832=CARTESIAN_POINT('',(-6.8000000000001,39.0000005811453,-26.2687589973211));
#11833=CARTESIAN_POINT('Origin',(-6.8000000000001,39.0000005811453,-26.798089966178));
#11834=CARTESIAN_POINT('',(-7.6000000000001,39.0000005811453,-26.798089966178));
#11835=CARTESIAN_POINT('',(-7.6000000000001,39.0000005811453,-26.2687589973212));
#11836=CARTESIAN_POINT('',(-6.8000000000001,39.0000005811453,-26.798089966178));
#11837=CARTESIAN_POINT('Origin',(-6.8000000000001,41.8976812809706,-26.798089966178));
#11838=CARTESIAN_POINT('',(-7.6000000000001,39.0000005811453,-26.798089966178));
#11839=CARTESIAN_POINT('Origin',(-7.6000000000001,40.9672585874796,-26.7926342785359));
#11840=CARTESIAN_POINT('Origin',(-6.80000000000009,40.6452938169241,-28.7844475358725));
#11841=CARTESIAN_POINT('',(-7.60000000000009,41.8976812809706,-28.7844475358725));
#11842=CARTESIAN_POINT('',(-6.80000000000009,41.8976812809706,-28.7844475358725));
#11843=CARTESIAN_POINT('',(-7.60000000000009,40.6452938169241,-28.7844475358725));
#11844=CARTESIAN_POINT('',(-7.60000000000009,41.8976812809706,-28.7844475358725));
#11845=CARTESIAN_POINT('',(-6.80000000000009,40.6452938169241,-28.7844475358725));
#11846=CARTESIAN_POINT('Ctrl Pts',(-6.80000000000009,40.7353349775076,-28.454298004508));
#11847=CARTESIAN_POINT('Ctrl Pts',(-7.60000000000009,40.7353349775076,-28.454298004508));
#11848=CARTESIAN_POINT('Ctrl Pts',(-6.80000000000009,40.7092315352962,-28.4966342046555));
#11849=CARTESIAN_POINT('Ctrl Pts',(-7.60000000000009,40.7092315352962,-28.4966342046555));
#11850=CARTESIAN_POINT('Ctrl Pts',(-6.80000000000009,40.647351705135,-28.59699479517));
#11851=CARTESIAN_POINT('Ctrl Pts',(-7.60000000000009,40.647351705135,-28.59699479517));
#11852=CARTESIAN_POINT('Ctrl Pts',(-6.80000000000009,40.6460477249539,-28.7157741620377));
#11853=CARTESIAN_POINT('Ctrl Pts',(-7.60000000000009,40.6460477249539,-28.7157741620377));
#11854=CARTESIAN_POINT('Ctrl Pts',(-6.80000000000009,40.6452938169241,-28.7844475358725));
#11855=CARTESIAN_POINT('Ctrl Pts',(-7.60000000000009,40.6452938169241,-28.7844475358725));
#11856=CARTESIAN_POINT('',(-7.60000000000009,40.7353349775076,-28.454298004508));
#11857=CARTESIAN_POINT('Ctrl Pts',(-7.60000000000009,40.7353349775076,-28.454298004508));
#11858=CARTESIAN_POINT('Ctrl Pts',(-7.60000000000009,40.7092315352962,-28.4966342046555));
#11859=CARTESIAN_POINT('Ctrl Pts',(-7.60000000000009,40.647351705135,-28.59699479517));
#11860=CARTESIAN_POINT('Ctrl Pts',(-7.60000000000009,40.6460477249539,-28.7157741620377));
#11861=CARTESIAN_POINT('Ctrl Pts',(-7.60000000000009,40.6452938169241,-28.7844475358725));
#11862=CARTESIAN_POINT('',(-6.80000000000009,40.7353349775076,-28.454298004508));
#11863=CARTESIAN_POINT('Ctrl Pts',(-6.80000000000009,41.2592091411352,-28.175989612937));
#11864=CARTESIAN_POINT('Ctrl Pts',(-7.60000000000009,41.2592091411352,-28.175989612937));
#11865=CARTESIAN_POINT('Ctrl Pts',(-6.80000000000009,41.1401391920192,-28.2241028667425));
#11866=CARTESIAN_POINT('Ctrl Pts',(-7.60000000000009,41.1401391920192,-28.2241028667425));
#11867=CARTESIAN_POINT('Ctrl Pts',(-6.80000000000009,40.9553687426813,-28.2987640855534));
#11868=CARTESIAN_POINT('Ctrl Pts',(-7.60000000000009,40.9553687426813,-28.2987640855534));
#11869=CARTESIAN_POINT('Ctrl Pts',(-6.80000000000009,40.7930515648525,-28.4135002341688));
#11870=CARTESIAN_POINT('Ctrl Pts',(-7.60000000000009,40.7930515648525,-28.4135002341688));
#11871=CARTESIAN_POINT('Ctrl Pts',(-6.80000000000009,40.7353349775076,-28.454298004508));
#11872=CARTESIAN_POINT('Ctrl Pts',(-7.60000000000009,40.7353349775076,-28.454298004508));
#11873=CARTESIAN_POINT('',(-7.60000000000009,41.2592091411352,-28.175989612937));
#11874=CARTESIAN_POINT('Ctrl Pts',(-7.60000000000009,41.2592091411352,-28.175989612937));
#11875=CARTESIAN_POINT('Ctrl Pts',(-7.60000000000009,41.1401391920192,-28.2241028667425));
#11876=CARTESIAN_POINT('Ctrl Pts',(-7.60000000000009,40.9553687426813,-28.2987640855534));
#11877=CARTESIAN_POINT('Ctrl Pts',(-7.60000000000009,40.7930515648525,-28.4135002341688));
#11878=CARTESIAN_POINT('Ctrl Pts',(-7.60000000000009,40.7353349775076,-28.454298004508));
#11879=CARTESIAN_POINT('',(-6.80000000000009,41.2592091411352,-28.175989612937));
#11880=CARTESIAN_POINT('Ctrl Pts',(-6.80000000000009,41.7858123034239,-27.8676673024893));
#11881=CARTESIAN_POINT('Ctrl Pts',(-7.60000000000009,41.7858123034239,-27.8676673024893));
#11882=CARTESIAN_POINT('Ctrl Pts',(-6.80000000000009,41.7244933212022,-27.9187967377869));
#11883=CARTESIAN_POINT('Ctrl Pts',(-7.60000000000009,41.7244933212022,-27.9187967377869));
#11884=CARTESIAN_POINT('Ctrl Pts',(-6.80000000000009,41.5667140140067,-28.050357415839));
#11885=CARTESIAN_POINT('Ctrl Pts',(-7.60000000000009,41.5667140140067,-28.050357415839));
#11886=CARTESIAN_POINT('Ctrl Pts',(-6.80000000000009,41.3758786773327,-28.1283238636758));
#11887=CARTESIAN_POINT('Ctrl Pts',(-7.60000000000009,41.3758786773327,-28.1283238636758));
#11888=CARTESIAN_POINT('Ctrl Pts',(-6.80000000000009,41.2592091411352,-28.175989612937));
#11889=CARTESIAN_POINT('Ctrl Pts',(-7.60000000000009,41.2592091411352,-28.175989612937));
#11890=CARTESIAN_POINT('',(-7.60000000000009,41.7858123034239,-27.8676673024893));
#11891=CARTESIAN_POINT('Ctrl Pts',(-7.60000000000009,41.7858123034239,-27.8676673024893));
#11892=CARTESIAN_POINT('Ctrl Pts',(-7.60000000000009,41.7244933212022,-27.9187967377869));
#11893=CARTESIAN_POINT('Ctrl Pts',(-7.60000000000009,41.5667140140067,-28.050357415839));
#11894=CARTESIAN_POINT('Ctrl Pts',(-7.60000000000009,41.3758786773327,-28.1283238636758));
#11895=CARTESIAN_POINT('Ctrl Pts',(-7.60000000000009,41.2592091411352,-28.175989612937));
#11896=CARTESIAN_POINT('',(-6.80000000000009,41.7858123034239,-27.8676673024893));
#11897=CARTESIAN_POINT('Ctrl Pts',(-6.8000000000001,41.8976812809706,-27.4420192092657));
#11898=CARTESIAN_POINT('Ctrl Pts',(-7.6000000000001,41.8976812809706,-27.4420192092657));
#11899=CARTESIAN_POINT('Ctrl Pts',(-6.8000000000001,41.8961994342945,-27.5284086067504));
#11900=CARTESIAN_POINT('Ctrl Pts',(-7.6000000000001,41.8961994342945,-27.5284086067504));
#11901=CARTESIAN_POINT('Ctrl Pts',(-6.8000000000001,41.8935941972747,-27.6802899451358));
#11902=CARTESIAN_POINT('Ctrl Pts',(-7.6000000000001,41.8935941972747,-27.6802899451358));
#11903=CARTESIAN_POINT('Ctrl Pts',(-6.80000000000009,41.8182856849059,-27.8112127702017));
#11904=CARTESIAN_POINT('Ctrl Pts',(-7.60000000000009,41.8182856849059,-27.8112127702017));
#11905=CARTESIAN_POINT('Ctrl Pts',(-6.80000000000009,41.7858123034239,-27.8676673024893));
#11906=CARTESIAN_POINT('Ctrl Pts',(-7.60000000000009,41.7858123034239,-27.8676673024893));
#11907=CARTESIAN_POINT('',(-7.6000000000001,41.8976812809706,-27.4420192092657));
#11908=CARTESIAN_POINT('Ctrl Pts',(-7.6000000000001,41.8976812809706,-27.4420192092657));
#11909=CARTESIAN_POINT('Ctrl Pts',(-7.6000000000001,41.8961994342945,-27.5284086067504));
#11910=CARTESIAN_POINT('Ctrl Pts',(-7.6000000000001,41.8935941972747,-27.6802899451358));
#11911=CARTESIAN_POINT('Ctrl Pts',(-7.60000000000009,41.8182856849059,-27.8112127702017));
#11912=CARTESIAN_POINT('Ctrl Pts',(-7.60000000000009,41.7858123034239,-27.8676673024893));
#11913=CARTESIAN_POINT('',(-6.8000000000001,41.8976812809706,-27.4420192092657));
#11914=CARTESIAN_POINT('Origin',(-6.8000000000001,41.8976812809706,-27.2619380801916));
#11915=CARTESIAN_POINT('',(-7.6000000000001,41.8976812809706,-27.2619380801916));
#11916=CARTESIAN_POINT('',(-7.6000000000001,41.8976812809706,-27.4420192092657));
#11917=CARTESIAN_POINT('',(-6.8000000000001,41.8976812809706,-27.2619380801916));
#11918=CARTESIAN_POINT('Origin',(-6.8000000000001,41.4911329001188,-27.2619380801916));
#11919=CARTESIAN_POINT('',(-7.6000000000001,41.4911329001188,-27.2619380801916));
#11920=CARTESIAN_POINT('',(-7.6000000000001,41.8976812809706,-27.2619380801916));
#11921=CARTESIAN_POINT('',(-6.8000000000001,41.4911329001188,-27.2619380801916));
#11922=CARTESIAN_POINT('Origin',(-6.8000000000001,41.4938613027334,-27.3956348747015));
#11923=CARTESIAN_POINT('',(-7.6000000000001,41.4938613027334,-27.3956348747015));
#11924=CARTESIAN_POINT('',(-7.6000000000001,41.4911329001188,-27.2619380801916));
#11925=CARTESIAN_POINT('',(-6.8000000000001,41.4938613027334,-27.3956348747015));
#11926=CARTESIAN_POINT('Ctrl Pts',(-6.8000000000001,41.4365627616644,-27.6466574519873));
#11927=CARTESIAN_POINT('Ctrl Pts',(-7.6000000000001,41.4365627616644,-27.6466574519873));
#11928=CARTESIAN_POINT('Ctrl Pts',(-6.8000000000001,41.4530585940697,-27.6172378918243));
#11929=CARTESIAN_POINT('Ctrl Pts',(-7.6000000000001,41.4530585940697,-27.6172378918243));
#11930=CARTESIAN_POINT('Ctrl Pts',(-6.8000000000001,41.4962761439806,-27.5401613746494));
#11931=CARTESIAN_POINT('Ctrl Pts',(-7.6000000000001,41.4962761439806,-27.5401613746495));
#11932=CARTESIAN_POINT('Ctrl Pts',(-6.8000000000001,41.4947839418746,-27.4508541591799));
#11933=CARTESIAN_POINT('Ctrl Pts',(-7.6000000000001,41.4947839418746,-27.4508541591799));
#11934=CARTESIAN_POINT('Ctrl Pts',(-6.8000000000001,41.4938613027334,-27.3956348747015));
#11935=CARTESIAN_POINT('Ctrl Pts',(-7.6000000000001,41.4938613027334,-27.3956348747015));
#11936=CARTESIAN_POINT('',(-7.6000000000001,41.4365627616644,-27.6466574519873));
#11937=CARTESIAN_POINT('Ctrl Pts',(-7.6000000000001,41.4365627616644,-27.6466574519873));
#11938=CARTESIAN_POINT('Ctrl Pts',(-7.6000000000001,41.4530585940697,-27.6172378918243));
#11939=CARTESIAN_POINT('Ctrl Pts',(-7.6000000000001,41.4962761439806,-27.5401613746495));
#11940=CARTESIAN_POINT('Ctrl Pts',(-7.6000000000001,41.4947839418746,-27.4508541591799));
#11941=CARTESIAN_POINT('Ctrl Pts',(-7.6000000000001,41.4938613027334,-27.3956348747015));
#11942=CARTESIAN_POINT('',(-6.8000000000001,41.4365627616644,-27.6466574519873));
#11943=CARTESIAN_POINT('Ctrl Pts',(-6.80000000000009,41.0791274160147,-27.8212823718786));
#11944=CARTESIAN_POINT('Ctrl Pts',(-7.60000000000009,41.0791274160147,-27.8212823718786));
#11945=CARTESIAN_POINT('Ctrl Pts',(-6.8000000000001,41.1602614253597,-27.7906344449894));
#11946=CARTESIAN_POINT('Ctrl Pts',(-7.6000000000001,41.1602614253597,-27.7906344449894));
#11947=CARTESIAN_POINT('Ctrl Pts',(-6.8000000000001,41.2850946799183,-27.7434793679763));
#11948=CARTESIAN_POINT('Ctrl Pts',(-7.6000000000001,41.2850946799183,-27.7434793679763));
#11949=CARTESIAN_POINT('Ctrl Pts',(-6.8000000000001,41.3972881953036,-27.6717626670323));
#11950=CARTESIAN_POINT('Ctrl Pts',(-7.6000000000001,41.3972881953036,-27.6717626670323));
#11951=CARTESIAN_POINT('Ctrl Pts',(-6.8000000000001,41.4365627616644,-27.6466574519873));
#11952=CARTESIAN_POINT('Ctrl Pts',(-7.6000000000001,41.4365627616644,-27.6466574519873));
#11953=CARTESIAN_POINT('',(-7.60000000000009,41.0791274160147,-27.8212823718786));
#11954=CARTESIAN_POINT('Ctrl Pts',(-7.60000000000009,41.0791274160147,-27.8212823718786));
#11955=CARTESIAN_POINT('Ctrl Pts',(-7.6000000000001,41.1602614253597,-27.7906344449894));
#11956=CARTESIAN_POINT('Ctrl Pts',(-7.6000000000001,41.2850946799183,-27.7434793679763));
#11957=CARTESIAN_POINT('Ctrl Pts',(-7.6000000000001,41.3972881953036,-27.6717626670323));
#11958=CARTESIAN_POINT('Ctrl Pts',(-7.6000000000001,41.4365627616644,-27.6466574519873));
#11959=CARTESIAN_POINT('',(-6.80000000000009,41.0791274160147,-27.8212823718786));
#11960=CARTESIAN_POINT('Ctrl Pts',(-6.80000000000009,40.6862213462591,-28.0231925100088));
#11961=CARTESIAN_POINT('Ctrl Pts',(-7.60000000000009,40.6862213462591,-28.0231925100088));
#11962=CARTESIAN_POINT('Ctrl Pts',(-6.80000000000009,40.7362724884537,-27.9892477674026));
#11963=CARTESIAN_POINT('Ctrl Pts',(-7.60000000000009,40.7362724884537,-27.9892477674026));
#11964=CARTESIAN_POINT('Ctrl Pts',(-6.80000000000009,40.8588313583529,-27.9061281998876));
#11965=CARTESIAN_POINT('Ctrl Pts',(-7.60000000000009,40.8588313583529,-27.9061281998876));
#11966=CARTESIAN_POINT('Ctrl Pts',(-6.80000000000009,40.9972417074435,-27.8528202070063));
#11967=CARTESIAN_POINT('Ctrl Pts',(-7.60000000000009,40.9972417074435,-27.8528202070063));
#11968=CARTESIAN_POINT('Ctrl Pts',(-6.80000000000009,41.0791274160147,-27.8212823718786));
#11969=CARTESIAN_POINT('Ctrl Pts',(-7.60000000000009,41.0791274160147,-27.8212823718786));
#11970=CARTESIAN_POINT('',(-7.60000000000009,40.6862213462591,-28.0231925100088));
#11971=CARTESIAN_POINT('Ctrl Pts',(-7.60000000000009,40.6862213462591,-28.0231925100088));
#11972=CARTESIAN_POINT('Ctrl Pts',(-7.60000000000009,40.7362724884537,-27.9892477674026));
#11973=CARTESIAN_POINT('Ctrl Pts',(-7.60000000000009,40.8588313583529,-27.9061281998876));
#11974=CARTESIAN_POINT('Ctrl Pts',(-7.60000000000009,40.9972417074435,-27.8528202070063));
#11975=CARTESIAN_POINT('Ctrl Pts',(-7.60000000000009,41.0791274160147,-27.8212823718786));
#11976=CARTESIAN_POINT('',(-6.80000000000009,40.6862213462591,-28.0231925100088));
#11977=CARTESIAN_POINT('Ctrl Pts',(-6.80000000000009,40.4870399087667,-28.3124151080847));
#11978=CARTESIAN_POINT('Ctrl Pts',(-7.60000000000009,40.4870399087667,-28.3124151080847));
#11979=CARTESIAN_POINT('Ctrl Pts',(-6.80000000000009,40.5155118357207,-28.2533606459586));
#11980=CARTESIAN_POINT('Ctrl Pts',(-7.60000000000009,40.5155118357207,-28.2533606459586));
#11981=CARTESIAN_POINT('Ctrl Pts',(-6.80000000000009,40.5670464479417,-28.1464711891786));
#11982=CARTESIAN_POINT('Ctrl Pts',(-7.60000000000009,40.5670464479417,-28.1464711891786));
#11983=CARTESIAN_POINT('Ctrl Pts',(-6.80000000000009,40.6493769395021,-28.0613056518192));
#11984=CARTESIAN_POINT('Ctrl Pts',(-7.60000000000009,40.6493769395021,-28.0613056518192));
#11985=CARTESIAN_POINT('Ctrl Pts',(-6.80000000000009,40.6862213462591,-28.0231925100088));
#11986=CARTESIAN_POINT('Ctrl Pts',(-7.60000000000009,40.6862213462591,-28.0231925100088));
#11987=CARTESIAN_POINT('',(-7.60000000000009,40.4870399087667,-28.3124151080847));
#11988=CARTESIAN_POINT('Ctrl Pts',(-7.60000000000009,40.4870399087667,-28.3124151080847));
#11989=CARTESIAN_POINT('Ctrl Pts',(-7.60000000000009,40.5155118357207,-28.2533606459586));
#11990=CARTESIAN_POINT('Ctrl Pts',(-7.60000000000009,40.5670464479417,-28.1464711891786));
#11991=CARTESIAN_POINT('Ctrl Pts',(-7.60000000000009,40.6493769395021,-28.0613056518192));
#11992=CARTESIAN_POINT('Ctrl Pts',(-7.60000000000009,40.6862213462591,-28.0231925100088));
#11993=CARTESIAN_POINT('',(-6.80000000000009,40.4870399087667,-28.3124151080847));
#11994=CARTESIAN_POINT('Ctrl Pts',(-6.8000000000001,39.8976814001799,-27.6903142780066));
#11995=CARTESIAN_POINT('Ctrl Pts',(-7.6000000000001,39.8976814001799,-27.6903142780066));
#11996=CARTESIAN_POINT('Ctrl Pts',(-6.8000000000001,40.0444011412196,-27.7806010917063));
#11997=CARTESIAN_POINT('Ctrl Pts',(-7.6000000000001,40.0444011412196,-27.7806010917063));
#11998=CARTESIAN_POINT('Ctrl Pts',(-6.80000000000009,40.2981932822429,-27.9367769654683));
#11999=CARTESIAN_POINT('Ctrl Pts',(-7.60000000000009,40.2981932822429,-27.9367769654683));
#12000=CARTESIAN_POINT('Ctrl Pts',(-6.80000000000009,40.4310070786242,-28.2009592212218));
#12001=CARTESIAN_POINT('Ctrl Pts',(-7.60000000000009,40.4310070786242,-28.2009592212218));
#12002=CARTESIAN_POINT('Ctrl Pts',(-6.80000000000009,40.4870399087667,-28.3124151080847));
#12003=CARTESIAN_POINT('Ctrl Pts',(-7.60000000000009,40.4870399087667,-28.3124151080847));
#12004=CARTESIAN_POINT('',(-7.6000000000001,39.8976814001799,-27.6903142780066));
#12005=CARTESIAN_POINT('Ctrl Pts',(-7.6000000000001,39.8976814001799,-27.6903142780066));
#12006=CARTESIAN_POINT('Ctrl Pts',(-7.6000000000001,40.0444011412196,-27.7806010917063));
#12007=CARTESIAN_POINT('Ctrl Pts',(-7.60000000000009,40.2981932822429,-27.9367769654683));
#12008=CARTESIAN_POINT('Ctrl Pts',(-7.60000000000009,40.4310070786242,-28.2009592212218));
#12009=CARTESIAN_POINT('Ctrl Pts',(-7.60000000000009,40.4870399087667,-28.3124151080847));
#12010=CARTESIAN_POINT('',(-6.8000000000001,39.8976814001799,-27.6903142780066));
#12011=CARTESIAN_POINT('Origin',(-6.8000000000001,39.0000005811453,-27.1500685065985));
#12012=CARTESIAN_POINT('',(-7.6000000000001,39.0000005811453,-27.1500685065985));
#12013=CARTESIAN_POINT('',(-7.6000000000001,39.8976814001799,-27.6903142780066));
#12014=CARTESIAN_POINT('',(-6.8000000000001,39.0000005811453,-27.1500685065985));
#12015=CARTESIAN_POINT('Origin',(-6.8000000000001,39.0000005811453,-27.6903142780066));
#12016=CARTESIAN_POINT('',(-7.6000000000001,39.0000005811453,-27.6903142780066));
#12017=CARTESIAN_POINT('',(-7.6000000000001,39.0000005811453,-27.1500685065985));
#12018=CARTESIAN_POINT('',(-6.8000000000001,39.0000005811453,-27.6903142780066));
#12019=CARTESIAN_POINT('Origin',(-6.80000000000009,39.8976814001799,-28.216917142272));
#12020=CARTESIAN_POINT('',(-7.60000000000009,39.8976814001799,-28.216917142272));
#12021=CARTESIAN_POINT('',(-7.6000000000001,39.0000005811453,-27.6903142780066));
#12022=CARTESIAN_POINT('',(-6.80000000000009,39.8976814001799,-28.216917142272));
#12023=CARTESIAN_POINT('Ctrl Pts',(-6.80000000000009,40.2551164478064,-28.4979536384344));
#12024=CARTESIAN_POINT('Ctrl Pts',(-7.60000000000009,40.2551164478064,-28.4979536384344));
#12025=CARTESIAN_POINT('Ctrl Pts',(-6.80000000000009,40.212746327964,-28.452670327342));
#12026=CARTESIAN_POINT('Ctrl Pts',(-7.60000000000009,40.212746327964,-28.452670327342));
#12027=CARTESIAN_POINT('Ctrl Pts',(-6.80000000000009,40.1082723390429,-28.3410131463148));
#12028=CARTESIAN_POINT('Ctrl Pts',(-7.60000000000009,40.1082723390429,-28.3410131463148));
#12029=CARTESIAN_POINT('Ctrl Pts',(-6.80000000000009,39.9761943085181,-28.263182846975));
#12030=CARTESIAN_POINT('Ctrl Pts',(-7.60000000000009,39.9761943085181,-28.263182846975));
#12031=CARTESIAN_POINT('Ctrl Pts',(-6.80000000000009,39.8976814001799,-28.216917142272));
#12032=CARTESIAN_POINT('Ctrl Pts',(-7.60000000000009,39.8976814001799,-28.216917142272));
#12033=CARTESIAN_POINT('',(-7.60000000000009,40.2551164478064,-28.4979536384344));
#12034=CARTESIAN_POINT('Ctrl Pts',(-7.60000000000009,40.2551164478064,-28.4979536384344));
#12035=CARTESIAN_POINT('Ctrl Pts',(-7.60000000000009,40.212746327964,-28.452670327342));
#12036=CARTESIAN_POINT('Ctrl Pts',(-7.60000000000009,40.1082723390429,-28.3410131463148));
#12037=CARTESIAN_POINT('Ctrl Pts',(-7.60000000000009,39.9761943085181,-28.263182846975));
#12038=CARTESIAN_POINT('Ctrl Pts',(-7.60000000000009,39.8976814001799,-28.216917142272));
#12039=CARTESIAN_POINT('',(-6.80000000000009,40.2551164478064,-28.4979536384344));
#12040=CARTESIAN_POINT('Ctrl Pts',(-6.80000000000009,40.3397002071142,-28.7844475358725));
#12041=CARTESIAN_POINT('Ctrl Pts',(-7.60000000000009,40.3397002071142,-28.7844475358725));
#12042=CARTESIAN_POINT('Ctrl Pts',(-6.80000000000009,40.3366733063205,-28.7316225234824));
#12043=CARTESIAN_POINT('Ctrl Pts',(-7.60000000000009,40.3366733063205,-28.7316225234824));
#12044=CARTESIAN_POINT('Ctrl Pts',(-6.80000000000009,40.3308159550467,-28.6294009197051));
#12045=CARTESIAN_POINT('Ctrl Pts',(-7.60000000000009,40.3308159550467,-28.6294009197051));
#12046=CARTESIAN_POINT('Ctrl Pts',(-6.80000000000009,40.2797790394122,-28.5407786281056));
#12047=CARTESIAN_POINT('Ctrl Pts',(-7.60000000000009,40.2797790394122,-28.5407786281056));
#12048=CARTESIAN_POINT('Ctrl Pts',(-6.80000000000009,40.2551164478064,-28.4979536384344));
#12049=CARTESIAN_POINT('Ctrl Pts',(-7.60000000000009,40.2551164478064,-28.4979536384344));
#12050=CARTESIAN_POINT('',(-7.60000000000009,40.3397002071142,-28.7844475358725));
#12051=CARTESIAN_POINT('Ctrl Pts',(-7.60000000000009,40.3397002071142,-28.7844475358725));
#12052=CARTESIAN_POINT('Ctrl Pts',(-7.60000000000009,40.3366733063205,-28.7316225234824));
#12053=CARTESIAN_POINT('Ctrl Pts',(-7.60000000000009,40.3308159550467,-28.6294009197051));
#12054=CARTESIAN_POINT('Ctrl Pts',(-7.60000000000009,40.2797790394122,-28.5407786281056));
#12055=CARTESIAN_POINT('Ctrl Pts',(-7.60000000000009,40.2551164478064,-28.4979536384344));
#12056=CARTESIAN_POINT('',(-6.80000000000009,40.3397002071142,-28.7844475358725));
#12057=CARTESIAN_POINT('Origin',(-6.80000000000009,39.0000005811453,-28.7844475358725));
#12058=CARTESIAN_POINT('',(-7.60000000000009,39.0000005811453,-28.7844475358725));
#12059=CARTESIAN_POINT('',(-7.60000000000009,40.3397002071142,-28.7844475358725));
#12060=CARTESIAN_POINT('',(-6.80000000000009,39.0000005811453,-28.7844475358725));
#12061=CARTESIAN_POINT('Origin',(-6.80000000000009,39.0000005811453,-29.2864938825369));
#12062=CARTESIAN_POINT('',(-7.60000000000009,39.0000005811453,-29.2864938825369));
#12063=CARTESIAN_POINT('',(-7.60000000000009,39.0000005811453,-28.7844475358725));
#12064=CARTESIAN_POINT('',(-6.80000000000009,39.0000005811453,-29.2864938825369));
#12065=CARTESIAN_POINT('Origin',(-6.80000000000009,40.3397002071142,-29.2864938825369));
#12066=CARTESIAN_POINT('',(-7.60000000000009,40.3397002071142,-29.2864938825369));
#12067=CARTESIAN_POINT('',(-7.60000000000009,39.0000005811453,-29.2864938825369));
#12068=CARTESIAN_POINT('',(-6.80000000000009,40.3397002071142,-29.2864938825369));
#12069=CARTESIAN_POINT('Ctrl Pts',(-6.80000000000009,40.2564807981253,-29.5702590793371));
#12070=CARTESIAN_POINT('Ctrl Pts',(-7.60000000000009,40.2564807981253,-29.5702590793371));
#12071=CARTESIAN_POINT('Ctrl Pts',(-6.80000000000009,40.280746795581,-29.5276358073786));
#12072=CARTESIAN_POINT('Ctrl Pts',(-7.60000000000009,40.280746795581,-29.5276358073787));
#12073=CARTESIAN_POINT('Ctrl Pts',(-6.80000000000009,40.3308051789183,-29.4397081592084));
#12074=CARTESIAN_POINT('Ctrl Pts',(-7.60000000000009,40.3308051789183,-29.4397081592084));
#12075=CARTESIAN_POINT('Ctrl Pts',(-6.80000000000009,40.3366755311351,-29.3385930476103));
#12076=CARTESIAN_POINT('Ctrl Pts',(-7.60000000000009,40.3366755311351,-29.3385930476103));
#12077=CARTESIAN_POINT('Ctrl Pts',(-6.80000000000009,40.3397002071142,-29.2864938825369));
#12078=CARTESIAN_POINT('Ctrl Pts',(-7.60000000000009,40.3397002071142,-29.2864938825369));
#12079=CARTESIAN_POINT('',(-7.60000000000009,40.2564807981253,-29.5702590793371));
#12080=CARTESIAN_POINT('Ctrl Pts',(-7.60000000000009,40.2564807981253,-29.5702590793371));
#12081=CARTESIAN_POINT('Ctrl Pts',(-7.60000000000009,40.280746795581,-29.5276358073787));
#12082=CARTESIAN_POINT('Ctrl Pts',(-7.60000000000009,40.3308051789183,-29.4397081592084));
#12083=CARTESIAN_POINT('Ctrl Pts',(-7.60000000000009,40.3366755311351,-29.3385930476103));
#12084=CARTESIAN_POINT('Ctrl Pts',(-7.60000000000009,40.3397002071142,-29.2864938825369));
#12085=CARTESIAN_POINT('',(-6.80000000000009,40.2564807981253,-29.5702590793371));
#12086=CARTESIAN_POINT('Ctrl Pts',(-6.80000000000009,39.8976814001799,-29.851296171546));
#12087=CARTESIAN_POINT('Ctrl Pts',(-7.60000000000009,39.8976814001799,-29.851296171546));
#12088=CARTESIAN_POINT('Ctrl Pts',(-6.80000000000009,39.9768651875237,-29.8051654523031));
#12089=CARTESIAN_POINT('Ctrl Pts',(-7.60000000000009,39.9768651875237,-29.8051654523031));
#12090=CARTESIAN_POINT('Ctrl Pts',(-6.80000000000009,40.1097208826139,-29.7277666693501));
#12091=CARTESIAN_POINT('Ctrl Pts',(-7.60000000000009,40.1097208826139,-29.7277666693501));
#12092=CARTESIAN_POINT('Ctrl Pts',(-6.80000000000009,40.2142517418012,-29.6155806977569));
#12093=CARTESIAN_POINT('Ctrl Pts',(-7.60000000000009,40.2142517418012,-29.615580697757));
#12094=CARTESIAN_POINT('Ctrl Pts',(-6.80000000000009,40.2564807981253,-29.5702590793371));
#12095=CARTESIAN_POINT('Ctrl Pts',(-7.60000000000009,40.2564807981253,-29.5702590793371));
#12096=CARTESIAN_POINT('',(-7.60000000000009,39.8976814001799,-29.851296171546));
#12097=CARTESIAN_POINT('Ctrl Pts',(-7.60000000000009,39.8976814001799,-29.851296171546));
#12098=CARTESIAN_POINT('Ctrl Pts',(-7.60000000000009,39.9768651875237,-29.8051654523031));
#12099=CARTESIAN_POINT('Ctrl Pts',(-7.60000000000009,40.1097208826139,-29.7277666693501));
#12100=CARTESIAN_POINT('Ctrl Pts',(-7.60000000000009,40.2142517418012,-29.615580697757));
#12101=CARTESIAN_POINT('Ctrl Pts',(-7.60000000000009,40.2564807981253,-29.5702590793371));
#12102=CARTESIAN_POINT('',(-6.80000000000009,39.8976814001799,-29.851296171546));
#12103=CARTESIAN_POINT('Origin',(-6.80000000000009,39.0000005811453,-30.3778990358114));
#12104=CARTESIAN_POINT('',(-7.60000000000009,39.0000005811453,-30.3778990358114));
#12105=CARTESIAN_POINT('',(-7.60000000000009,39.8976814001799,-29.851296171546));
#12106=CARTESIAN_POINT('',(-6.80000000000009,39.0000005811453,-30.3778990358114));
#12107=CARTESIAN_POINT('Origin',(-6.80000000000009,39.0000005811453,-30.9181448072195));
#12108=CARTESIAN_POINT('',(-7.60000000000009,39.0000005811453,-30.9181448072195));
#12109=CARTESIAN_POINT('',(-7.60000000000009,39.0000005811453,-30.3778990358114));
#12110=CARTESIAN_POINT('',(-6.80000000000009,39.0000005811453,-30.9181448072195));
#12111=CARTESIAN_POINT('Origin',(-6.80000000000009,39.8976814001799,-30.3806277364493));
#12112=CARTESIAN_POINT('',(-7.60000000000009,39.8976814001799,-30.3806277364493));
#12113=CARTESIAN_POINT('',(-7.60000000000009,39.0000005811453,-30.9181448072195));
#12114=CARTESIAN_POINT('',(-6.80000000000009,39.8976814001799,-30.3806277364493));
#12115=CARTESIAN_POINT('Ctrl Pts',(-6.80000000000009,40.4870399087667,-29.7557982057333));
#12116=CARTESIAN_POINT('Ctrl Pts',(-7.60000000000009,40.4870399087667,-29.7557982057333));
#12117=CARTESIAN_POINT('Ctrl Pts',(-6.80000000000009,40.4309851993402,-29.8674351059172));
#12118=CARTESIAN_POINT('Ctrl Pts',(-7.60000000000009,40.4309851993402,-29.8674351059172));
#12119=CARTESIAN_POINT('Ctrl Pts',(-6.80000000000009,40.2980513110326,-30.1321823032867));
#12120=CARTESIAN_POINT('Ctrl Pts',(-7.60000000000009,40.2980513110326,-30.1321823032867));
#12121=CARTESIAN_POINT('Ctrl Pts',(-6.80000000000009,40.0443839407197,-30.2895929827315));
#12122=CARTESIAN_POINT('Ctrl Pts',(-7.60000000000009,40.0443839407197,-30.2895929827315));
#12123=CARTESIAN_POINT('Ctrl Pts',(-6.80000000000009,39.8976814001799,-30.3806277364493));
#12124=CARTESIAN_POINT('Ctrl Pts',(-7.60000000000009,39.8976814001799,-30.3806277364493));
#12125=CARTESIAN_POINT('',(-7.60000000000009,40.4870399087667,-29.7557982057333));
#12126=CARTESIAN_POINT('Ctrl Pts',(-7.60000000000009,40.4870399087667,-29.7557982057333));
#12127=CARTESIAN_POINT('Ctrl Pts',(-7.60000000000009,40.4309851993402,-29.8674351059172));
#12128=CARTESIAN_POINT('Ctrl Pts',(-7.60000000000009,40.2980513110326,-30.1321823032867));
#12129=CARTESIAN_POINT('Ctrl Pts',(-7.60000000000009,40.0443839407197,-30.2895929827315));
#12130=CARTESIAN_POINT('Ctrl Pts',(-7.60000000000009,39.8976814001799,-30.3806277364493));
#12131=CARTESIAN_POINT('',(-6.80000000000009,40.4870399087667,-29.7557982057333));
#12132=CARTESIAN_POINT('Ctrl Pts',(-6.80000000000009,40.7066854089499,-30.0613918155432));
#12133=CARTESIAN_POINT('Ctrl Pts',(-7.60000000000009,40.7066854089499,-30.0613918155432));
#12134=CARTESIAN_POINT('Ctrl Pts',(-6.80000000000009,40.666239222084,-30.0231262220833));
#12135=CARTESIAN_POINT('Ctrl Pts',(-7.60000000000009,40.666239222084,-30.0231262220833));
#12136=CARTESIAN_POINT('Ctrl Pts',(-6.80000000000009,40.5737187068635,-29.9355938068803));
#12137=CARTESIAN_POINT('Ctrl Pts',(-7.60000000000009,40.5737187068635,-29.9355938068803));
#12138=CARTESIAN_POINT('Ctrl Pts',(-6.80000000000009,40.5182563759786,-29.8205497206514));
#12139=CARTESIAN_POINT('Ctrl Pts',(-7.60000000000009,40.5182563759786,-29.8205497206514));
#12140=CARTESIAN_POINT('Ctrl Pts',(-6.80000000000009,40.4870399087667,-29.7557982057333));
#12141=CARTESIAN_POINT('Ctrl Pts',(-7.60000000000009,40.4870399087667,-29.7557982057333));
#12142=CARTESIAN_POINT('',(-7.60000000000009,40.7066854089499,-30.0613918155432));
#12143=CARTESIAN_POINT('Ctrl Pts',(-7.60000000000009,40.7066854089499,-30.0613918155432));
#12144=CARTESIAN_POINT('Ctrl Pts',(-7.60000000000009,40.666239222084,-30.0231262220833));
#12145=CARTESIAN_POINT('Ctrl Pts',(-7.60000000000009,40.5737187068635,-29.9355938068803));
#12146=CARTESIAN_POINT('Ctrl Pts',(-7.60000000000009,40.5182563759786,-29.8205497206514));
#12147=CARTESIAN_POINT('Ctrl Pts',(-7.60000000000009,40.4870399087667,-29.7557982057333));
#12148=CARTESIAN_POINT('',(-6.80000000000009,40.7066854089499,-30.0613918155432));
#12149=CARTESIAN_POINT('Ctrl Pts',(-6.80000000000009,41.2728520482779,-30.3233291953802));
#12150=CARTESIAN_POINT('Ctrl Pts',(-7.60000000000009,41.2728520482779,-30.3233291953802));
#12151=CARTESIAN_POINT('Ctrl Pts',(-6.80000000000009,41.1492576083111,-30.2762246082075));
#12152=CARTESIAN_POINT('Ctrl Pts',(-7.60000000000009,41.1492576083111,-30.2762246082075));
#12153=CARTESIAN_POINT('Ctrl Pts',(-6.80000000000009,40.9543000972855,-30.2019219690633));
#12154=CARTESIAN_POINT('Ctrl Pts',(-7.60000000000009,40.9543000972855,-30.2019219690633));
#12155=CARTESIAN_POINT('Ctrl Pts',(-6.80000000000009,40.7730360622137,-30.0990481741058));
#12156=CARTESIAN_POINT('Ctrl Pts',(-7.60000000000009,40.7730360622137,-30.0990481741058));
#12157=CARTESIAN_POINT('Ctrl Pts',(-6.80000000000009,40.7066854089499,-30.0613918155432));
#12158=CARTESIAN_POINT('Ctrl Pts',(-7.60000000000009,40.7066854089499,-30.0613918155432));
#12159=CARTESIAN_POINT('',(-7.60000000000009,41.2728520482779,-30.3233291953802));
#12160=CARTESIAN_POINT('Ctrl Pts',(-7.60000000000009,41.2728520482779,-30.3233291953802));
#12161=CARTESIAN_POINT('Ctrl Pts',(-7.60000000000009,41.1492576083111,-30.2762246082075));
#12162=CARTESIAN_POINT('Ctrl Pts',(-7.60000000000009,40.9543000972855,-30.2019219690633));
#12163=CARTESIAN_POINT('Ctrl Pts',(-7.60000000000009,40.7730360622137,-30.0990481741058));
#12164=CARTESIAN_POINT('Ctrl Pts',(-7.60000000000009,40.7066854089499,-30.0613918155432));
#12165=CARTESIAN_POINT('',(-6.80000000000009,41.2728520482779,-30.3233291953802));
#12166=CARTESIAN_POINT('Ctrl Pts',(-6.80000000000009,41.4583905786276,-30.4515691846609));
#12167=CARTESIAN_POINT('Ctrl Pts',(-7.60000000000009,41.4583905786276,-30.4515691846609));
#12168=CARTESIAN_POINT('Ctrl Pts',(-6.80000000000009,41.4382214456535,-30.427885633095));
#12169=CARTESIAN_POINT('Ctrl Pts',(-7.60000000000009,41.4382214456535,-30.427885633095));
#12170=CARTESIAN_POINT('Ctrl Pts',(-6.80000000000009,41.3882016476621,-30.3691500163201));
#12171=CARTESIAN_POINT('Ctrl Pts',(-7.60000000000009,41.3882016476621,-30.3691500163201));
#12172=CARTESIAN_POINT('Ctrl Pts',(-6.80000000000009,41.3159626316073,-30.3404541991071));
#12173=CARTESIAN_POINT('Ctrl Pts',(-7.60000000000009,41.3159626316073,-30.3404541991071));
#12174=CARTESIAN_POINT('Ctrl Pts',(-6.80000000000009,41.2728520482779,-30.3233291953802));
#12175=CARTESIAN_POINT('Ctrl Pts',(-7.60000000000009,41.2728520482779,-30.3233291953802));
#12176=CARTESIAN_POINT('',(-7.60000000000009,41.4583905786276,-30.4515691846609));
#12177=CARTESIAN_POINT('Ctrl Pts',(-7.60000000000009,41.4583905786276,-30.4515691846609));
#12178=CARTESIAN_POINT('Ctrl Pts',(-7.60000000000009,41.4382214456535,-30.427885633095));
#12179=CARTESIAN_POINT('Ctrl Pts',(-7.60000000000009,41.3882016476621,-30.3691500163201));
#12180=CARTESIAN_POINT('Ctrl Pts',(-7.60000000000009,41.3159626316073,-30.3404541991071));
#12181=CARTESIAN_POINT('Ctrl Pts',(-7.60000000000009,41.2728520482779,-30.3233291953802));
#12182=CARTESIAN_POINT('',(-6.80000000000009,41.4583905786276,-30.4515691846609));
#12183=CARTESIAN_POINT('Ctrl Pts',(-6.80000000000009,41.4938613027334,-30.6616648286581));
#12184=CARTESIAN_POINT('Ctrl Pts',(-7.60000000000009,41.4938613027334,-30.6616648286581));
#12185=CARTESIAN_POINT('Ctrl Pts',(-6.80000000000009,41.4934336106651,-30.6204965824223));
#12186=CARTESIAN_POINT('Ctrl Pts',(-7.60000000000009,41.4934336106651,-30.6204965824223));
#12187=CARTESIAN_POINT('Ctrl Pts',(-6.80000000000009,41.492684759409,-30.5484145982319));
#12188=CARTESIAN_POINT('Ctrl Pts',(-7.60000000000009,41.492684759409,-30.5484145982319));
#12189=CARTESIAN_POINT('Ctrl Pts',(-6.80000000000009,41.4686838344635,-30.4806369330576));
#12190=CARTESIAN_POINT('Ctrl Pts',(-7.60000000000009,41.4686838344635,-30.4806369330576));
#12191=CARTESIAN_POINT('Ctrl Pts',(-6.80000000000009,41.4583905786276,-30.4515691846609));
#12192=CARTESIAN_POINT('Ctrl Pts',(-7.60000000000009,41.4583905786276,-30.4515691846609));
#12193=CARTESIAN_POINT('',(-7.60000000000009,41.4938613027334,-30.6616648286581));
#12194=CARTESIAN_POINT('Ctrl Pts',(-7.60000000000009,41.4938613027334,-30.6616648286581));
#12195=CARTESIAN_POINT('Ctrl Pts',(-7.60000000000009,41.4934336106651,-30.6204965824223));
#12196=CARTESIAN_POINT('Ctrl Pts',(-7.60000000000009,41.492684759409,-30.5484145982319));
#12197=CARTESIAN_POINT('Ctrl Pts',(-7.60000000000009,41.4686838344635,-30.4806369330576));
#12198=CARTESIAN_POINT('Ctrl Pts',(-7.60000000000009,41.4583905786276,-30.4515691846609));
#12199=CARTESIAN_POINT('',(-6.80000000000009,41.4938613027334,-30.6616648286581));
#12200=CARTESIAN_POINT('Ctrl Pts',(-6.80000000000009,41.4911329001188,-30.8062758296728));
#12201=CARTESIAN_POINT('Ctrl Pts',(-7.60000000000009,41.4911329001188,-30.8062758296728));
#12202=CARTESIAN_POINT('Ctrl Pts',(-6.80000000000009,41.491908829937,-30.7760364695371));
#12203=CARTESIAN_POINT('Ctrl Pts',(-7.60000000000009,41.491908829937,-30.7760364695371));
#12204=CARTESIAN_POINT('Ctrl Pts',(-6.80000000000009,41.4931455687908,-30.7278385646245));
#12205=CARTESIAN_POINT('Ctrl Pts',(-7.60000000000009,41.4931455687908,-30.7278385646245));
#12206=CARTESIAN_POINT('Ctrl Pts',(-6.80000000000009,41.4936670126813,-30.6796280658933));
#12207=CARTESIAN_POINT('Ctrl Pts',(-7.60000000000009,41.4936670126813,-30.6796280658933));
#12208=CARTESIAN_POINT('Ctrl Pts',(-6.80000000000009,41.4938613027334,-30.6616648286581));
#12209=CARTESIAN_POINT('Ctrl Pts',(-7.60000000000009,41.4938613027334,-30.6616648286581));
#12210=CARTESIAN_POINT('',(-7.60000000000009,41.4911329001188,-30.8062758296728));
#12211=CARTESIAN_POINT('Ctrl Pts',(-7.60000000000009,41.4911329001188,-30.8062758296728));
#12212=CARTESIAN_POINT('Ctrl Pts',(-7.60000000000009,41.491908829937,-30.7760364695371));
#12213=CARTESIAN_POINT('Ctrl Pts',(-7.60000000000009,41.4931455687908,-30.7278385646245));
#12214=CARTESIAN_POINT('Ctrl Pts',(-7.60000000000009,41.4936670126813,-30.6796280658933));
#12215=CARTESIAN_POINT('Ctrl Pts',(-7.60000000000009,41.4938613027334,-30.6616648286581));
#12216=CARTESIAN_POINT('',(-6.80000000000009,41.4911329001188,-30.8062758296728));
#12217=CARTESIAN_POINT('Origin',(-6.80000000000009,41.8976812809706,-30.8062758296728));
#12218=CARTESIAN_POINT('',(-7.60000000000009,41.8976812809706,-30.8062758296728));
#12219=CARTESIAN_POINT('',(-7.60000000000009,41.4911329001188,-30.8062758296728));
#12220=CARTESIAN_POINT('',(-6.80000000000009,41.8976812809706,-30.8062758296728));
#12221=CARTESIAN_POINT('Origin',(-6.80000000000009,41.8976812809706,-30.738063082099));
#12222=CARTESIAN_POINT('',(-7.60000000000009,41.8976812809706,-30.738063082099));
#12223=CARTESIAN_POINT('',(-7.60000000000009,41.8976812809706,-30.8062758296728));
#12224=CARTESIAN_POINT('',(-6.80000000000009,41.8976812809706,-30.738063082099));
#12225=CARTESIAN_POINT('Ctrl Pts',(-6.80000000000009,41.8635749071836,-30.3383358567953));
#12226=CARTESIAN_POINT('Ctrl Pts',(-7.60000000000009,41.8635749071836,-30.3383358567953));
#12227=CARTESIAN_POINT('Ctrl Pts',(-6.80000000000009,41.8734242972117,-30.3908435661884));
#12228=CARTESIAN_POINT('Ctrl Pts',(-7.60000000000009,41.8734242972117,-30.3908435661885));
#12229=CARTESIAN_POINT('Ctrl Pts',(-6.80000000000009,41.8981713772406,-30.522771785377));
#12230=CARTESIAN_POINT('Ctrl Pts',(-7.60000000000009,41.8981713772406,-30.522771785377));
#12231=CARTESIAN_POINT('Ctrl Pts',(-6.80000000000009,41.8978654490789,-30.6571610363551));
#12232=CARTESIAN_POINT('Ctrl Pts',(-7.60000000000009,41.8978654490789,-30.6571610363551));
#12233=CARTESIAN_POINT('Ctrl Pts',(-6.80000000000009,41.8976812809706,-30.738063082099));
#12234=CARTESIAN_POINT('Ctrl Pts',(-7.60000000000009,41.8976812809706,-30.738063082099));
#12235=CARTESIAN_POINT('',(-7.60000000000009,41.8635749071836,-30.3383358567953));
#12236=CARTESIAN_POINT('Ctrl Pts',(-7.60000000000009,41.8635749071836,-30.3383358567953));
#12237=CARTESIAN_POINT('Ctrl Pts',(-7.60000000000009,41.8734242972117,-30.3908435661885));
#12238=CARTESIAN_POINT('Ctrl Pts',(-7.60000000000009,41.8981713772406,-30.522771785377));
#12239=CARTESIAN_POINT('Ctrl Pts',(-7.60000000000009,41.8978654490789,-30.6571610363551));
#12240=CARTESIAN_POINT('Ctrl Pts',(-7.60000000000009,41.8976812809706,-30.738063082099));
#12241=CARTESIAN_POINT('',(-6.80000000000009,41.8635749071836,-30.3383358567953));
#12242=CARTESIAN_POINT('Ctrl Pts',(-6.80000000000009,41.7189636081457,-30.130968913436));
#12243=CARTESIAN_POINT('Ctrl Pts',(-7.60000000000009,41.7189636081457,-30.130968913436));
#12244=CARTESIAN_POINT('Ctrl Pts',(-6.80000000000009,41.7523179292744,-30.1615006879211));
#12245=CARTESIAN_POINT('Ctrl Pts',(-7.60000000000009,41.7523179292744,-30.1615006879211));
#12246=CARTESIAN_POINT('Ctrl Pts',(-6.80000000000009,41.8161208494546,-30.2199044060755));
#12247=CARTESIAN_POINT('Ctrl Pts',(-7.60000000000009,41.8161208494546,-30.2199044060755));
#12248=CARTESIAN_POINT('Ctrl Pts',(-6.80000000000009,41.8482445487031,-30.300075765208));
#12249=CARTESIAN_POINT('Ctrl Pts',(-7.60000000000009,41.8482445487031,-30.300075765208));
#12250=CARTESIAN_POINT('Ctrl Pts',(-6.80000000000009,41.8635749071836,-30.3383358567953));
#12251=CARTESIAN_POINT('Ctrl Pts',(-7.60000000000009,41.8635749071836,-30.3383358567953));
#12252=CARTESIAN_POINT('',(-7.60000000000009,41.7189636081457,-30.130968913436));
#12253=CARTESIAN_POINT('Ctrl Pts',(-7.60000000000009,41.7189636081457,-30.130968913436));
#12254=CARTESIAN_POINT('Ctrl Pts',(-7.60000000000009,41.7523179292744,-30.1615006879211));
#12255=CARTESIAN_POINT('Ctrl Pts',(-7.60000000000009,41.8161208494546,-30.2199044060755));
#12256=CARTESIAN_POINT('Ctrl Pts',(-7.60000000000009,41.8482445487031,-30.300075765208));
#12257=CARTESIAN_POINT('Ctrl Pts',(-7.60000000000009,41.8635749071836,-30.3383358567953));
#12258=CARTESIAN_POINT('',(-6.80000000000009,41.7189636081457,-30.130968913436));
#12259=CARTESIAN_POINT('Ctrl Pts',(-6.80000000000009,41.2592091411352,-29.892223700881));
#12260=CARTESIAN_POINT('Ctrl Pts',(-7.60000000000009,41.2592091411352,-29.892223700881));
#12261=CARTESIAN_POINT('Ctrl Pts',(-6.80000000000009,41.3576269527717,-29.9331457126695));
#12262=CARTESIAN_POINT('Ctrl Pts',(-7.60000000000009,41.3576269527717,-29.9331457126695));
#12263=CARTESIAN_POINT('Ctrl Pts',(-6.80000000000009,41.5178435237983,-29.9997635768471));
#12264=CARTESIAN_POINT('Ctrl Pts',(-7.60000000000009,41.5178435237983,-29.9997635768472));
#12265=CARTESIAN_POINT('Ctrl Pts',(-6.80000000000009,41.6629811150549,-30.0944474398452));
#12266=CARTESIAN_POINT('Ctrl Pts',(-7.60000000000009,41.6629811150549,-30.0944474398452));
#12267=CARTESIAN_POINT('Ctrl Pts',(-6.80000000000009,41.7189636081457,-30.130968913436));
#12268=CARTESIAN_POINT('Ctrl Pts',(-7.60000000000009,41.7189636081457,-30.130968913436));
#12269=CARTESIAN_POINT('',(-7.60000000000009,41.2592091411352,-29.892223700881));
#12270=CARTESIAN_POINT('Ctrl Pts',(-7.60000000000009,41.2592091411352,-29.892223700881));
#12271=CARTESIAN_POINT('Ctrl Pts',(-7.60000000000009,41.3576269527717,-29.9331457126695));
#12272=CARTESIAN_POINT('Ctrl Pts',(-7.60000000000009,41.5178435237983,-29.9997635768472));
#12273=CARTESIAN_POINT('Ctrl Pts',(-7.60000000000009,41.6629811150549,-30.0944474398452));
#12274=CARTESIAN_POINT('Ctrl Pts',(-7.60000000000009,41.7189636081457,-30.130968913436));
#12275=CARTESIAN_POINT('',(-6.80000000000009,41.2592091411352,-29.892223700881));
#12276=CARTESIAN_POINT('Ctrl Pts',(-6.80000000000009,40.7380633801222,-29.6180083602667));
#12277=CARTESIAN_POINT('Ctrl Pts',(-7.60000000000009,40.7380633801222,-29.6180083602667));
#12278=CARTESIAN_POINT('Ctrl Pts',(-6.80000000000009,40.7960524689815,-29.6581772624881));
#12279=CARTESIAN_POINT('Ctrl Pts',(-7.60000000000009,40.7960524689815,-29.6581772624881));
#12280=CARTESIAN_POINT('Ctrl Pts',(-6.80000000000009,40.958195006575,-29.7704930078574));
#12281=CARTESIAN_POINT('Ctrl Pts',(-7.60000000000009,40.958195006575,-29.7704930078574));
#12282=CARTESIAN_POINT('Ctrl Pts',(-6.80000000000009,41.1414767612202,-29.8446125007647));
#12283=CARTESIAN_POINT('Ctrl Pts',(-7.60000000000009,41.1414767612202,-29.8446125007647));
#12284=CARTESIAN_POINT('Ctrl Pts',(-6.80000000000009,41.2592091411352,-29.892223700881));
#12285=CARTESIAN_POINT('Ctrl Pts',(-7.60000000000009,41.2592091411352,-29.892223700881));
#12286=CARTESIAN_POINT('',(-7.60000000000009,40.7380633801222,-29.6180083602667));
#12287=CARTESIAN_POINT('Ctrl Pts',(-7.60000000000009,40.7380633801222,-29.6180083602667));
#12288=CARTESIAN_POINT('Ctrl Pts',(-7.60000000000009,40.7960524689815,-29.6581772624881));
#12289=CARTESIAN_POINT('Ctrl Pts',(-7.60000000000009,40.958195006575,-29.7704930078574));
#12290=CARTESIAN_POINT('Ctrl Pts',(-7.60000000000009,41.1414767612202,-29.8446125007647));
#12291=CARTESIAN_POINT('Ctrl Pts',(-7.60000000000009,41.2592091411352,-29.892223700881));
#12292=CARTESIAN_POINT('',(-6.80000000000009,40.7380633801222,-29.6180083602667));
#12293=CARTESIAN_POINT('Ctrl Pts',(-6.80000000000009,40.6452938169241,-29.2864938825369));
#12294=CARTESIAN_POINT('Ctrl Pts',(-7.60000000000009,40.6452938169241,-29.2864938825369));
#12295=CARTESIAN_POINT('Ctrl Pts',(-6.80000000000009,40.6460178690683,-29.3558746822887));
#12296=CARTESIAN_POINT('Ctrl Pts',(-7.60000000000009,40.6460178690683,-29.3558746822887));
#12297=CARTESIAN_POINT('Ctrl Pts',(-6.80000000000009,40.6472679229146,-29.4756585076532));
#12298=CARTESIAN_POINT('Ctrl Pts',(-7.60000000000009,40.6472679229146,-29.4756585076532));
#12299=CARTESIAN_POINT('Ctrl Pts',(-6.80000000000009,40.7111731372575,-29.575849619882));
#12300=CARTESIAN_POINT('Ctrl Pts',(-7.60000000000009,40.7111731372575,-29.575849619882));
#12301=CARTESIAN_POINT('Ctrl Pts',(-6.80000000000009,40.7380633801222,-29.6180083602667));
#12302=CARTESIAN_POINT('Ctrl Pts',(-7.60000000000009,40.7380633801222,-29.6180083602667));
#12303=CARTESIAN_POINT('',(-7.60000000000009,40.6452938169241,-29.2864938825369));
#12304=CARTESIAN_POINT('Ctrl Pts',(-7.60000000000009,40.6452938169241,-29.2864938825369));
#12305=CARTESIAN_POINT('Ctrl Pts',(-7.60000000000009,40.6460178690683,-29.3558746822887));
#12306=CARTESIAN_POINT('Ctrl Pts',(-7.60000000000009,40.6472679229146,-29.4756585076532));
#12307=CARTESIAN_POINT('Ctrl Pts',(-7.60000000000009,40.7111731372575,-29.575849619882));
#12308=CARTESIAN_POINT('Ctrl Pts',(-7.60000000000009,40.7380633801222,-29.6180083602667));
#12309=CARTESIAN_POINT('',(-6.80000000000009,40.6452938169241,-29.2864938825369));
#12310=CARTESIAN_POINT('Origin',(-6.80000000000009,41.8976812809706,-29.2864938825369));
#12311=CARTESIAN_POINT('',(-7.60000000000009,41.8976812809706,-29.2864938825369));
#12312=CARTESIAN_POINT('',(-7.60000000000009,40.6452938169241,-29.2864938825369));
#12313=CARTESIAN_POINT('',(-6.80000000000009,41.8976812809706,-29.2864938825369));
#12314=CARTESIAN_POINT('Origin',(-6.80000000000009,41.8976812809706,-28.7844475358725));
#12315=CARTESIAN_POINT('',(-7.60000000000009,41.8976812809706,-29.2864938825369));
#12316=CARTESIAN_POINT('Origin',(-7.6000000000001,40.9672585874796,-26.7926342785359));
#12317=CARTESIAN_POINT('Origin',(-6.80000000000008,41.0982271283865,-35.4365626722574));
#12318=CARTESIAN_POINT('',(-6.80000000000007,41.0982271283865,-36.4706690609455));
#12319=CARTESIAN_POINT('',(-6.80000000000007,41.0982271283865,-35.4365626722574));
#12320=CARTESIAN_POINT('',(-6.80000000000009,41.0982271283865,-30.0357051701515));
#12321=CARTESIAN_POINT('',(-7.60000000000007,41.0982271283865,-36.4706690609455));
#12322=CARTESIAN_POINT('',(-6.80000000000007,41.0982271283865,-36.4706690609455));
#12323=CARTESIAN_POINT('',(-7.60000000000007,41.0982271283865,-35.4365626722574));
#12324=CARTESIAN_POINT('',(-7.60000000000007,41.0982271283865,-36.4706690609455));
#12325=CARTESIAN_POINT('',(-6.80000000000007,41.0982271283865,-35.4365626722574));
#12326=CARTESIAN_POINT('Ctrl Pts',(-6.80000000000008,41.2892230600119,-34.7080495208502));
#12327=CARTESIAN_POINT('Ctrl Pts',(-7.60000000000008,41.2892230600119,-34.7080495208502));
#12328=CARTESIAN_POINT('Ctrl Pts',(-6.80000000000008,41.2338434937699,-34.8024597195942));
#12329=CARTESIAN_POINT('Ctrl Pts',(-7.60000000000008,41.2338434937699,-34.8024597195942));
#12330=CARTESIAN_POINT('Ctrl Pts',(-6.80000000000008,41.1029037216,-35.0256837488337));
#12331=CARTESIAN_POINT('Ctrl Pts',(-7.60000000000007,41.1029037216,-35.0256837488337));
#12332=CARTESIAN_POINT('Ctrl Pts',(-6.80000000000008,41.0999383360559,-35.286218365438));
#12333=CARTESIAN_POINT('Ctrl Pts',(-7.60000000000007,41.0999383360559,-35.286218365438));
#12334=CARTESIAN_POINT('Ctrl Pts',(-6.80000000000007,41.0982271283865,-35.4365626722574));
#12335=CARTESIAN_POINT('Ctrl Pts',(-7.60000000000007,41.0982271283865,-35.4365626722574));
#12336=CARTESIAN_POINT('',(-6.80000000000008,41.2892230600119,-34.7080495208502));
#12337=CARTESIAN_POINT('Ctrl Pts',(-6.80000000000007,41.0982271283865,-35.4365626722574));
#12338=CARTESIAN_POINT('Ctrl Pts',(-6.80000000000008,41.0999383360559,-35.286218365438));
#12339=CARTESIAN_POINT('Ctrl Pts',(-6.80000000000008,41.1029037216,-35.0256837488337));
#12340=CARTESIAN_POINT('Ctrl Pts',(-6.80000000000008,41.2338434937699,-34.8024597195942));
#12341=CARTESIAN_POINT('Ctrl Pts',(-6.80000000000008,41.2892230600119,-34.7080495208502));
#12342=CARTESIAN_POINT('',(-7.60000000000008,41.2892230600119,-34.7080495208502));
#12343=CARTESIAN_POINT('Ctrl Pts',(-7.60000000000008,41.2892230600119,-34.7080495208502));
#12344=CARTESIAN_POINT('Ctrl Pts',(-7.60000000000008,41.2338434937699,-34.8024597195942));
#12345=CARTESIAN_POINT('Ctrl Pts',(-7.60000000000007,41.1029037216,-35.0256837488337));
#12346=CARTESIAN_POINT('Ctrl Pts',(-7.60000000000007,41.0999383360559,-35.286218365438));
#12347=CARTESIAN_POINT('Ctrl Pts',(-7.60000000000007,41.0982271283865,-35.4365626722574));
#12348=CARTESIAN_POINT('',(-6.80000000000008,41.2892230600119,-34.7080495208502));
#12349=CARTESIAN_POINT('Ctrl Pts',(-6.80000000000008,41.8267398327589,-34.4924970716238));
#12350=CARTESIAN_POINT('Ctrl Pts',(-7.60000000000008,41.8267398327589,-34.4924970716238));
#12351=CARTESIAN_POINT('Ctrl Pts',(-6.80000000000008,41.7196168509774,-34.4994255435342));
#12352=CARTESIAN_POINT('Ctrl Pts',(-7.60000000000008,41.7196168509774,-34.4994255435342));
#12353=CARTESIAN_POINT('Ctrl Pts',(-6.80000000000008,41.5161035104222,-34.5125883256));
#12354=CARTESIAN_POINT('Ctrl Pts',(-7.60000000000008,41.5161035104222,-34.5125883256));
#12355=CARTESIAN_POINT('Ctrl Pts',(-6.80000000000008,41.362143427659,-34.6452274390331));
#12356=CARTESIAN_POINT('Ctrl Pts',(-7.60000000000008,41.362143427659,-34.6452274390331));
#12357=CARTESIAN_POINT('Ctrl Pts',(-6.80000000000008,41.2892230600119,-34.7080495208502));
#12358=CARTESIAN_POINT('Ctrl Pts',(-7.60000000000008,41.2892230600119,-34.7080495208502));
#12359=CARTESIAN_POINT('',(-6.80000000000008,41.8267398327589,-34.4924970716238));
#12360=CARTESIAN_POINT('Ctrl Pts',(-6.80000000000008,41.2892230600119,-34.7080495208502));
#12361=CARTESIAN_POINT('Ctrl Pts',(-6.80000000000008,41.362143427659,-34.6452274390331));
#12362=CARTESIAN_POINT('Ctrl Pts',(-6.80000000000008,41.5161035104222,-34.5125883256));
#12363=CARTESIAN_POINT('Ctrl Pts',(-6.80000000000008,41.7196168509774,-34.4994255435342));
#12364=CARTESIAN_POINT('Ctrl Pts',(-6.80000000000008,41.8267398327589,-34.4924970716238));
#12365=CARTESIAN_POINT('',(-7.60000000000008,41.8267398327589,-34.4924970716238));
#12366=CARTESIAN_POINT('Ctrl Pts',(-7.60000000000008,41.8267398327589,-34.4924970716238));
#12367=CARTESIAN_POINT('Ctrl Pts',(-7.60000000000008,41.7196168509774,-34.4994255435342));
#12368=CARTESIAN_POINT('Ctrl Pts',(-7.60000000000008,41.5161035104222,-34.5125883256));
#12369=CARTESIAN_POINT('Ctrl Pts',(-7.60000000000008,41.362143427659,-34.6452274390331));
#12370=CARTESIAN_POINT('Ctrl Pts',(-7.60000000000008,41.2892230600119,-34.7080495208502));
#12371=CARTESIAN_POINT('',(-6.80000000000008,41.8267398327589,-34.4924970716238));
#12372=CARTESIAN_POINT('Ctrl Pts',(-6.80000000000008,42.256480678916,-34.6193730086088));
#12373=CARTESIAN_POINT('Ctrl Pts',(-7.60000000000008,42.256480678916,-34.6193730086088));
#12374=CARTESIAN_POINT('Ctrl Pts',(-6.80000000000008,42.1924726131525,-34.5823809901363));
#12375=CARTESIAN_POINT('Ctrl Pts',(-7.60000000000008,42.1924726131525,-34.5823809901363));
#12376=CARTESIAN_POINT('Ctrl Pts',(-6.80000000000008,42.059623932281,-34.505604090253));
#12377=CARTESIAN_POINT('Ctrl Pts',(-7.60000000000008,42.059623932281,-34.5056040902531));
#12378=CARTESIAN_POINT('Ctrl Pts',(-6.80000000000008,41.9062278620176,-34.4969707608213));
#12379=CARTESIAN_POINT('Ctrl Pts',(-7.60000000000008,41.9062278620176,-34.4969707608213));
#12380=CARTESIAN_POINT('Ctrl Pts',(-6.80000000000008,41.8267398327589,-34.4924970716238));
#12381=CARTESIAN_POINT('Ctrl Pts',(-7.60000000000008,41.8267398327589,-34.4924970716238));
#12382=CARTESIAN_POINT('',(-6.80000000000008,42.256480678916,-34.6193730086088));
#12383=CARTESIAN_POINT('Ctrl Pts',(-6.80000000000008,41.8267398327589,-34.4924970716238));
#12384=CARTESIAN_POINT('Ctrl Pts',(-6.80000000000008,41.9062278620176,-34.4969707608213));
#12385=CARTESIAN_POINT('Ctrl Pts',(-6.80000000000008,42.059623932281,-34.505604090253));
#12386=CARTESIAN_POINT('Ctrl Pts',(-6.80000000000008,42.1924726131525,-34.5823809901363));
#12387=CARTESIAN_POINT('Ctrl Pts',(-6.80000000000008,42.256480678916,-34.6193730086088));
#12388=CARTESIAN_POINT('',(-7.60000000000008,42.256480678916,-34.6193730086088));
#12389=CARTESIAN_POINT('Ctrl Pts',(-7.60000000000008,42.256480678916,-34.6193730086088));
#12390=CARTESIAN_POINT('Ctrl Pts',(-7.60000000000008,42.1924726131525,-34.5823809901363));
#12391=CARTESIAN_POINT('Ctrl Pts',(-7.60000000000008,42.059623932281,-34.5056040902531));
#12392=CARTESIAN_POINT('Ctrl Pts',(-7.60000000000008,41.9062278620176,-34.4969707608213));
#12393=CARTESIAN_POINT('Ctrl Pts',(-7.60000000000008,41.8267398327589,-34.4924970716238));
#12394=CARTESIAN_POINT('',(-6.80000000000008,42.256480678916,-34.6193730086088));
#12395=CARTESIAN_POINT('Ctrl Pts',(-6.80000000000008,42.4924971908331,-34.9536158889532));
#12396=CARTESIAN_POINT('Ctrl Pts',(-7.60000000000008,42.4924971908331,-34.9536158889532));
#12397=CARTESIAN_POINT('Ctrl Pts',(-6.80000000000008,42.4681885391689,-34.8877413274452));
#12398=CARTESIAN_POINT('Ctrl Pts',(-7.60000000000008,42.4681885391689,-34.8877413274452));
#12399=CARTESIAN_POINT('Ctrl Pts',(-6.80000000000008,42.4193232067526,-34.7553200648287));
#12400=CARTESIAN_POINT('Ctrl Pts',(-7.60000000000008,42.4193232067526,-34.7553200648287));
#12401=CARTESIAN_POINT('Ctrl Pts',(-6.80000000000008,42.3109448892582,-34.6648417762811));
#12402=CARTESIAN_POINT('Ctrl Pts',(-7.60000000000008,42.3109448892582,-34.6648417762811));
#12403=CARTESIAN_POINT('Ctrl Pts',(-6.80000000000008,42.256480678916,-34.6193730086088));
#12404=CARTESIAN_POINT('Ctrl Pts',(-7.60000000000008,42.256480678916,-34.6193730086088));
#12405=CARTESIAN_POINT('',(-6.80000000000008,42.4924971908331,-34.9536158889532));
#12406=CARTESIAN_POINT('Ctrl Pts',(-6.80000000000008,42.256480678916,-34.6193730086088));
#12407=CARTESIAN_POINT('Ctrl Pts',(-6.80000000000008,42.3109448892582,-34.6648417762811));
#12408=CARTESIAN_POINT('Ctrl Pts',(-6.80000000000008,42.4193232067526,-34.7553200648287));
#12409=CARTESIAN_POINT('Ctrl Pts',(-6.80000000000008,42.4681885391689,-34.8877413274452));
#12410=CARTESIAN_POINT('Ctrl Pts',(-6.80000000000008,42.4924971908331,-34.9536158889532));
#12411=CARTESIAN_POINT('',(-7.60000000000008,42.4924971908331,-34.9536158889532));
#12412=CARTESIAN_POINT('Ctrl Pts',(-7.60000000000008,42.4924971908331,-34.9536158889532));
#12413=CARTESIAN_POINT('Ctrl Pts',(-7.60000000000008,42.4681885391689,-34.8877413274452));
#12414=CARTESIAN_POINT('Ctrl Pts',(-7.60000000000008,42.4193232067526,-34.7553200648287));
#12415=CARTESIAN_POINT('Ctrl Pts',(-7.60000000000008,42.3109448892582,-34.6648417762811));
#12416=CARTESIAN_POINT('Ctrl Pts',(-7.60000000000008,42.256480678916,-34.6193730086088));
#12417=CARTESIAN_POINT('',(-6.80000000000008,42.4924971908331,-34.9536158889532));
#12418=CARTESIAN_POINT('Ctrl Pts',(-6.80000000000007,42.5279679149389,-35.4474767297506));
#12419=CARTESIAN_POINT('Ctrl Pts',(-7.60000000000007,42.5279679149389,-35.4474767297507));
#12420=CARTESIAN_POINT('Ctrl Pts',(-6.80000000000008,42.5283981493026,-35.3460091084134));
#12421=CARTESIAN_POINT('Ctrl Pts',(-7.60000000000007,42.5283981493026,-35.3460091084134));
#12422=CARTESIAN_POINT('Ctrl Pts',(-6.80000000000008,42.5291006325345,-35.1803335869074));
#12423=CARTESIAN_POINT('Ctrl Pts',(-7.60000000000007,42.5291006325345,-35.1803335869074));
#12424=CARTESIAN_POINT('Ctrl Pts',(-6.80000000000008,42.5027207646492,-35.0169395823743));
#12425=CARTESIAN_POINT('Ctrl Pts',(-7.60000000000007,42.5027207646492,-35.0169395823743));
#12426=CARTESIAN_POINT('Ctrl Pts',(-6.80000000000008,42.4924971908331,-34.9536158889532));
#12427=CARTESIAN_POINT('Ctrl Pts',(-7.60000000000008,42.4924971908331,-34.9536158889532));
#12428=CARTESIAN_POINT('',(-6.80000000000007,42.5279679149389,-35.4474767297506));
#12429=CARTESIAN_POINT('Ctrl Pts',(-6.80000000000008,42.4924971908331,-34.9536158889532));
#12430=CARTESIAN_POINT('Ctrl Pts',(-6.80000000000008,42.5027207646492,-35.0169395823743));
#12431=CARTESIAN_POINT('Ctrl Pts',(-6.80000000000008,42.5291006325345,-35.1803335869074));
#12432=CARTESIAN_POINT('Ctrl Pts',(-6.80000000000008,42.5283981493026,-35.3460091084134));
#12433=CARTESIAN_POINT('Ctrl Pts',(-6.80000000000007,42.5279679149389,-35.4474767297506));
#12434=CARTESIAN_POINT('',(-7.60000000000007,42.5279679149389,-35.4474767297507));
#12435=CARTESIAN_POINT('Ctrl Pts',(-7.60000000000007,42.5279679149389,-35.4474767297507));
#12436=CARTESIAN_POINT('Ctrl Pts',(-7.60000000000007,42.5283981493026,-35.3460091084134));
#12437=CARTESIAN_POINT('Ctrl Pts',(-7.60000000000007,42.5291006325345,-35.1803335869074));
#12438=CARTESIAN_POINT('Ctrl Pts',(-7.60000000000007,42.5027207646492,-35.0169395823743));
#12439=CARTESIAN_POINT('Ctrl Pts',(-7.60000000000008,42.4924971908331,-34.9536158889532));
#12440=CARTESIAN_POINT('',(-6.80000000000007,42.5279679149389,-35.4474767297506));
#12441=CARTESIAN_POINT('Origin',(-6.80000000000007,42.5279679149389,-36.4706690609455));
#12442=CARTESIAN_POINT('',(-6.80000000000007,42.5279679149389,-36.4706690609455));
#12443=CARTESIAN_POINT('',(-6.80000000000009,42.5279679149389,-30.5527583644955));
#12444=CARTESIAN_POINT('',(-7.60000000000007,42.5279679149389,-36.4706690609455));
#12445=CARTESIAN_POINT('',(-7.60000000000007,42.5279679149389,-35.4474767297507));
#12446=CARTESIAN_POINT('',(-6.80000000000007,42.5279679149389,-36.4706690609455));
#12447=CARTESIAN_POINT('Origin',(-6.80000000000007,41.0982271283865,-36.4706690609455));
#12448=CARTESIAN_POINT('',(-6.80000000000007,38.0241134533659,-36.4706690609455));
#12449=CARTESIAN_POINT('',(-7.60000000000007,42.5279679149389,-36.4706690609455));
#12450=CARTESIAN_POINT('Origin',(-6.80000000000007,43.0000006407499,-37.000000551343));
#12451=CARTESIAN_POINT('',(-7.60000000000007,39.0000005811453,-37.000000551343));
#12452=CARTESIAN_POINT('',(-6.80000000000007,39.0000005811453,-37.000000551343));
#12453=CARTESIAN_POINT('',(-7.60000000000007,43.0000006407499,-37.000000551343));
#12454=CARTESIAN_POINT('',(-7.60000000000007,39.0000005811453,-37.000000551343));
#12455=CARTESIAN_POINT('',(-6.80000000000007,43.0000006407499,-37.000000551343));
#12456=CARTESIAN_POINT('Origin',(-6.80000000000007,43.0000006407499,-35.4911329597235));
#12457=CARTESIAN_POINT('',(-7.60000000000007,43.0000006407499,-35.4911329597235));
#12458=CARTESIAN_POINT('',(-7.60000000000007,43.0000006407499,-37.000000551343));
#12459=CARTESIAN_POINT('',(-6.80000000000007,43.0000006407499,-35.4911329597235));
#12460=CARTESIAN_POINT('Ctrl Pts',(-6.80000000000008,42.9618012160063,-34.8826744407416));
#12461=CARTESIAN_POINT('Ctrl Pts',(-7.60000000000008,42.9618012160063,-34.8826744407416));
#12462=CARTESIAN_POINT('Ctrl Pts',(-6.80000000000008,42.9728789684888,-34.9682895680762));
#12463=CARTESIAN_POINT('Ctrl Pts',(-7.60000000000008,42.9728789684888,-34.9682895680763));
#12464=CARTESIAN_POINT('Ctrl Pts',(-6.80000000000008,42.9990019667194,-35.1701828513398));
#12465=CARTESIAN_POINT('Ctrl Pts',(-7.60000000000007,42.9990019667194,-35.1701828513398));
#12466=CARTESIAN_POINT('Ctrl Pts',(-6.80000000000008,42.9996356677815,-35.3738393181485));
#12467=CARTESIAN_POINT('Ctrl Pts',(-7.60000000000007,42.9996356677815,-35.3738393181485));
#12468=CARTESIAN_POINT('Ctrl Pts',(-6.80000000000007,43.0000006407499,-35.4911329597235));
#12469=CARTESIAN_POINT('Ctrl Pts',(-7.60000000000007,43.0000006407499,-35.4911329597235));
#12470=CARTESIAN_POINT('',(-7.60000000000008,42.9618012160063,-34.8826744407416));
#12471=CARTESIAN_POINT('Ctrl Pts',(-7.60000000000008,42.9618012160063,-34.8826744407416));
#12472=CARTESIAN_POINT('Ctrl Pts',(-7.60000000000008,42.9728789684888,-34.9682895680763));
#12473=CARTESIAN_POINT('Ctrl Pts',(-7.60000000000007,42.9990019667194,-35.1701828513398));
#12474=CARTESIAN_POINT('Ctrl Pts',(-7.60000000000007,42.9996356677815,-35.3738393181485));
#12475=CARTESIAN_POINT('Ctrl Pts',(-7.60000000000007,43.0000006407499,-35.4911329597235));
#12476=CARTESIAN_POINT('',(-6.80000000000008,42.9618012160063,-34.8826744407416));
#12477=CARTESIAN_POINT('Ctrl Pts',(-6.80000000000008,42.7748983353376,-34.3888135999441));
#12478=CARTESIAN_POINT('Ctrl Pts',(-7.60000000000008,42.7748983353376,-34.3888135999441));
#12479=CARTESIAN_POINT('Ctrl Pts',(-6.80000000000008,42.817510784699,-34.4615964463622));
#12480=CARTESIAN_POINT('Ctrl Pts',(-7.60000000000008,42.817510784699,-34.4615964463622));
#12481=CARTESIAN_POINT('Ctrl Pts',(-6.80000000000008,42.9076183556281,-34.6155018330349));
#12482=CARTESIAN_POINT('Ctrl Pts',(-7.60000000000008,42.9076183556281,-34.6155018330349));
#12483=CARTESIAN_POINT('Ctrl Pts',(-6.80000000000008,42.943099390527,-34.7904568013019));
#12484=CARTESIAN_POINT('Ctrl Pts',(-7.60000000000008,42.943099390527,-34.7904568013019));
#12485=CARTESIAN_POINT('Ctrl Pts',(-6.80000000000008,42.9618012160063,-34.8826744407416));
#12486=CARTESIAN_POINT('Ctrl Pts',(-7.60000000000008,42.9618012160063,-34.8826744407416));
#12487=CARTESIAN_POINT('',(-7.60000000000008,42.7748983353376,-34.3888135999441));
#12488=CARTESIAN_POINT('Ctrl Pts',(-7.60000000000008,42.7748983353376,-34.3888135999441));
#12489=CARTESIAN_POINT('Ctrl Pts',(-7.60000000000008,42.817510784699,-34.4615964463622));
#12490=CARTESIAN_POINT('Ctrl Pts',(-7.60000000000008,42.9076183556281,-34.6155018330349));
#12491=CARTESIAN_POINT('Ctrl Pts',(-7.60000000000008,42.943099390527,-34.7904568013019));
#12492=CARTESIAN_POINT('Ctrl Pts',(-7.60000000000008,42.9618012160063,-34.8826744407416));
#12493=CARTESIAN_POINT('',(-6.80000000000008,42.7748983353376,-34.3888135999441));
#12494=CARTESIAN_POINT('Ctrl Pts',(-6.80000000000008,42.3888137191534,-34.0682133287192));
#12495=CARTESIAN_POINT('Ctrl Pts',(-7.60000000000008,42.3888137191534,-34.0682133287192));
#12496=CARTESIAN_POINT('Ctrl Pts',(-6.80000000000008,42.4661106216393,-34.110702677117));
#12497=CARTESIAN_POINT('Ctrl Pts',(-7.60000000000008,42.4661106216393,-34.110702677117));
#12498=CARTESIAN_POINT('Ctrl Pts',(-6.80000000000008,42.6155313094516,-34.1928377621997));
#12499=CARTESIAN_POINT('Ctrl Pts',(-7.60000000000008,42.6155313094516,-34.1928377621997));
#12500=CARTESIAN_POINT('Ctrl Pts',(-6.80000000000008,42.7230164129395,-34.325013681804));
#12501=CARTESIAN_POINT('Ctrl Pts',(-7.60000000000008,42.7230164129395,-34.325013681804));
#12502=CARTESIAN_POINT('Ctrl Pts',(-6.80000000000008,42.7748983353376,-34.3888135999441));
#12503=CARTESIAN_POINT('Ctrl Pts',(-7.60000000000008,42.7748983353376,-34.3888135999441));
#12504=CARTESIAN_POINT('',(-7.60000000000008,42.3888137191534,-34.0682133287192));
#12505=CARTESIAN_POINT('Ctrl Pts',(-7.60000000000008,42.3888137191534,-34.0682133287192));
#12506=CARTESIAN_POINT('Ctrl Pts',(-7.60000000000008,42.4661106216393,-34.110702677117));
#12507=CARTESIAN_POINT('Ctrl Pts',(-7.60000000000008,42.6155313094516,-34.1928377621997));
#12508=CARTESIAN_POINT('Ctrl Pts',(-7.60000000000008,42.7230164129395,-34.325013681804));
#12509=CARTESIAN_POINT('Ctrl Pts',(-7.60000000000008,42.7748983353376,-34.3888135999441));
#12510=CARTESIAN_POINT('',(-6.80000000000008,42.3888137191534,-34.0682133287192));
#12511=CARTESIAN_POINT('Ctrl Pts',(-6.80000000000008,41.8431111425161,-33.9467944949865));
#12512=CARTESIAN_POINT('Ctrl Pts',(-7.60000000000008,41.8431111425161,-33.9467944949866));
#12513=CARTESIAN_POINT('Ctrl Pts',(-6.80000000000008,41.9393807919883,-33.9514572216864));
#12514=CARTESIAN_POINT('Ctrl Pts',(-7.60000000000008,41.9393807919883,-33.9514572216864));
#12515=CARTESIAN_POINT('Ctrl Pts',(-6.80000000000008,42.1283231004108,-33.9606084583539));
#12516=CARTESIAN_POINT('Ctrl Pts',(-7.60000000000008,42.1283231004108,-33.9606084583539));
#12517=CARTESIAN_POINT('Ctrl Pts',(-6.80000000000008,42.3030925712482,-34.0328031744018));
#12518=CARTESIAN_POINT('Ctrl Pts',(-7.60000000000008,42.3030925712482,-34.0328031744018));
#12519=CARTESIAN_POINT('Ctrl Pts',(-6.80000000000008,42.3888137191534,-34.0682133287192));
#12520=CARTESIAN_POINT('Ctrl Pts',(-7.60000000000008,42.3888137191534,-34.0682133287192));
#12521=CARTESIAN_POINT('',(-7.60000000000008,41.8431111425161,-33.9467944949866));
#12522=CARTESIAN_POINT('Ctrl Pts',(-7.60000000000008,41.8431111425161,-33.9467944949866));
#12523=CARTESIAN_POINT('Ctrl Pts',(-7.60000000000008,41.9393807919883,-33.9514572216864));
#12524=CARTESIAN_POINT('Ctrl Pts',(-7.60000000000008,42.1283231004108,-33.9606084583539));
#12525=CARTESIAN_POINT('Ctrl Pts',(-7.60000000000008,42.3030925712482,-34.0328031744018));
#12526=CARTESIAN_POINT('Ctrl Pts',(-7.60000000000008,42.3888137191534,-34.0682133287192));
#12527=CARTESIAN_POINT('',(-6.80000000000008,41.8431111425161,-33.9467944949865));
#12528=CARTESIAN_POINT('Ctrl Pts',(-6.80000000000008,40.9795366972685,-34.2714878171682));
#12529=CARTESIAN_POINT('Ctrl Pts',(-7.60000000000008,40.9795366972685,-34.2714878171683));
#12530=CARTESIAN_POINT('Ctrl Pts',(-6.80000000000008,41.1052566520381,-34.1767932251247));
#12531=CARTESIAN_POINT('Ctrl Pts',(-7.60000000000008,41.1052566520381,-34.1767932251247));
#12532=CARTESIAN_POINT('Ctrl Pts',(-6.80000000000008,41.361048331333,-33.9841262076783));
#12533=CARTESIAN_POINT('Ctrl Pts',(-7.60000000000008,41.361048331333,-33.9841262076783));
#12534=CARTESIAN_POINT('Ctrl Pts',(-6.80000000000008,41.680611303041,-33.9593787416428));
#12535=CARTESIAN_POINT('Ctrl Pts',(-7.60000000000008,41.680611303041,-33.9593787416428));
#12536=CARTESIAN_POINT('Ctrl Pts',(-6.80000000000008,41.8431111425161,-33.9467944949865));
#12537=CARTESIAN_POINT('Ctrl Pts',(-7.60000000000008,41.8431111425161,-33.9467944949866));
#12538=CARTESIAN_POINT('',(-7.60000000000008,40.9795366972685,-34.2714878171683));
#12539=CARTESIAN_POINT('Ctrl Pts',(-7.60000000000008,40.9795366972685,-34.2714878171683));
#12540=CARTESIAN_POINT('Ctrl Pts',(-7.60000000000008,41.1052566520381,-34.1767932251247));
#12541=CARTESIAN_POINT('Ctrl Pts',(-7.60000000000008,41.361048331333,-33.9841262076783));
#12542=CARTESIAN_POINT('Ctrl Pts',(-7.60000000000008,41.680611303041,-33.9593787416428));
#12543=CARTESIAN_POINT('Ctrl Pts',(-7.60000000000008,41.8431111425161,-33.9467944949866));
#12544=CARTESIAN_POINT('',(-6.80000000000008,40.9795366972685,-34.2714878171682));
#12545=CARTESIAN_POINT('Ctrl Pts',(-6.80000000000007,40.6261941045523,-35.4447481781244));
#12546=CARTESIAN_POINT('Ctrl Pts',(-7.60000000000007,40.6261941045523,-35.4447481781244));
#12547=CARTESIAN_POINT('Ctrl Pts',(-6.80000000000008,40.6291165172394,-35.1966227607022));
#12548=CARTESIAN_POINT('Ctrl Pts',(-7.60000000000007,40.6291165172394,-35.1966227607022));
#12549=CARTESIAN_POINT('Ctrl Pts',(-6.80000000000008,40.6341695394314,-34.7675994245633));
#12550=CARTESIAN_POINT('Ctrl Pts',(-7.60000000000008,40.6341695394314,-34.7675994245633));
#12551=CARTESIAN_POINT('Ctrl Pts',(-6.80000000000008,40.8771034740475,-34.4186306762086));
#12552=CARTESIAN_POINT('Ctrl Pts',(-7.60000000000008,40.8771034740475,-34.4186306762086));
#12553=CARTESIAN_POINT('Ctrl Pts',(-6.80000000000008,40.9795366972685,-34.2714878171682));
#12554=CARTESIAN_POINT('Ctrl Pts',(-7.60000000000008,40.9795366972685,-34.2714878171683));
#12555=CARTESIAN_POINT('',(-7.60000000000007,40.6261941045523,-35.4447481781244));
#12556=CARTESIAN_POINT('Ctrl Pts',(-7.60000000000007,40.6261941045523,-35.4447481781244));
#12557=CARTESIAN_POINT('Ctrl Pts',(-7.60000000000007,40.6291165172394,-35.1966227607022));
#12558=CARTESIAN_POINT('Ctrl Pts',(-7.60000000000008,40.6341695394314,-34.7675994245633));
#12559=CARTESIAN_POINT('Ctrl Pts',(-7.60000000000008,40.8771034740475,-34.4186306762086));
#12560=CARTESIAN_POINT('Ctrl Pts',(-7.60000000000008,40.9795366972685,-34.2714878171683));
#12561=CARTESIAN_POINT('',(-6.80000000000007,40.6261941045523,-35.4447481781244));
#12562=CARTESIAN_POINT('Origin',(-6.80000000000007,40.6261941045523,-36.4706690609455));
#12563=CARTESIAN_POINT('',(-7.60000000000007,40.6261941045523,-36.4706690609455));
#12564=CARTESIAN_POINT('',(-7.60000000000007,40.6261941045523,-35.4447481781244));
#12565=CARTESIAN_POINT('',(-6.80000000000007,40.6261941045523,-36.4706690609455));
#12566=CARTESIAN_POINT('Origin',(-6.80000000000007,39.0000005811453,-36.4706690609455));
#12567=CARTESIAN_POINT('',(-7.60000000000007,39.0000005811453,-36.4706690609455));
#12568=CARTESIAN_POINT('',(-7.60000000000007,40.6261941045523,-36.4706690609455));
#12569=CARTESIAN_POINT('',(-6.80000000000007,39.0000005811453,-36.4706690609455));
#12570=CARTESIAN_POINT('Origin',(-6.80000000000007,39.0000005811453,-37.000000551343));
#12571=CARTESIAN_POINT('',(-7.60000000000007,39.0000005811453,-36.4706690609455));
#12572=CARTESIAN_POINT('Origin',(-7.6000000000001,40.9672585874796,-26.7926342785359));
#12573=CARTESIAN_POINT('Origin',(-6.8000000000001,34.9499997783452,-24.6348476680455));
#12574=CARTESIAN_POINT('Origin',(-6.80000000000011,27.1950904521271,-21.241190000682));
#12575=CARTESIAN_POINT('',(-6.80000000000011,27.1950904521271,-21.7568786584427));
#12576=CARTESIAN_POINT('',(-6.80000000000011,27.1950904521271,-21.241190000682));
#12577=CARTESIAN_POINT('',(-6.80000000000011,27.1950904521271,-22.9380188343638));
#12578=CARTESIAN_POINT('',(-7.60000000000011,27.1950904521271,-21.7568786584427));
#12579=CARTESIAN_POINT('',(-6.80000000000011,27.1950904521271,-21.7568786584427));
#12580=CARTESIAN_POINT('',(-7.60000000000011,27.1950904521271,-21.241190000682));
#12581=CARTESIAN_POINT('',(-7.60000000000011,27.1950904521271,-21.7568786584427));
#12582=CARTESIAN_POINT('',(-6.80000000000011,27.1950904521271,-21.241190000682));
#12583=CARTESIAN_POINT('Ctrl Pts',(-6.80000000000012,27.3096878322884,-20.5754323445846));
#12584=CARTESIAN_POINT('Ctrl Pts',(-7.60000000000012,27.3096878322884,-20.5754323445846));
#12585=CARTESIAN_POINT('Ctrl Pts',(-6.80000000000011,27.2765207575772,-20.6632306421291));
#12586=CARTESIAN_POINT('Ctrl Pts',(-7.60000000000012,27.2765207575772,-20.6632306421291));
#12587=CARTESIAN_POINT('Ctrl Pts',(-6.80000000000011,27.1958097846612,-20.8768848783526));
#12588=CARTESIAN_POINT('Ctrl Pts',(-7.60000000000012,27.1958097846612,-20.8768848783527));
#12589=CARTESIAN_POINT('Ctrl Pts',(-6.80000000000011,27.1953571076738,-21.1061426102775));
#12590=CARTESIAN_POINT('Ctrl Pts',(-7.60000000000011,27.1953571076738,-21.1061426102775));
#12591=CARTESIAN_POINT('Ctrl Pts',(-6.80000000000011,27.1950904521271,-21.241190000682));
#12592=CARTESIAN_POINT('Ctrl Pts',(-7.60000000000011,27.1950904521271,-21.241190000682));
#12593=CARTESIAN_POINT('',(-6.80000000000012,27.3096878322884,-20.5754323445846));
#12594=CARTESIAN_POINT('Ctrl Pts',(-6.80000000000011,27.1950904521271,-21.241190000682));
#12595=CARTESIAN_POINT('Ctrl Pts',(-6.80000000000011,27.1953571076738,-21.1061426102775));
#12596=CARTESIAN_POINT('Ctrl Pts',(-6.80000000000011,27.1958097846612,-20.8768848783526));
#12597=CARTESIAN_POINT('Ctrl Pts',(-6.80000000000011,27.2765207575772,-20.6632306421291));
#12598=CARTESIAN_POINT('Ctrl Pts',(-6.80000000000012,27.3096878322884,-20.5754323445846));
#12599=CARTESIAN_POINT('',(-7.60000000000012,27.3096878322884,-20.5754323445846));
#12600=CARTESIAN_POINT('Ctrl Pts',(-7.60000000000012,27.3096878322884,-20.5754323445846));
#12601=CARTESIAN_POINT('Ctrl Pts',(-7.60000000000012,27.2765207575772,-20.6632306421291));
#12602=CARTESIAN_POINT('Ctrl Pts',(-7.60000000000012,27.1958097846612,-20.8768848783527));
#12603=CARTESIAN_POINT('Ctrl Pts',(-7.60000000000011,27.1953571076738,-21.1061426102775));
#12604=CARTESIAN_POINT('Ctrl Pts',(-7.60000000000011,27.1950904521271,-21.241190000682));
#12605=CARTESIAN_POINT('',(-6.80000000000012,27.3096878322884,-20.5754323445846));
#12606=CARTESIAN_POINT('Ctrl Pts',(-6.80000000000012,27.6671231779381,-20.3762515031387));
#12607=CARTESIAN_POINT('Ctrl Pts',(-7.60000000000012,27.6671231779381,-20.3762515031387));
#12608=CARTESIAN_POINT('Ctrl Pts',(-6.80000000000012,27.5918595388296,-20.3839719448175));
#12609=CARTESIAN_POINT('Ctrl Pts',(-7.60000000000012,27.5918595388296,-20.3839719448175));
#12610=CARTESIAN_POINT('Ctrl Pts',(-6.80000000000012,27.4438468822915,-20.3991548817052));
#12611=CARTESIAN_POINT('Ctrl Pts',(-7.60000000000012,27.4438468822915,-20.3991548817052));
#12612=CARTESIAN_POINT('Ctrl Pts',(-6.80000000000012,27.3538981288113,-20.5173424959756));
#12613=CARTESIAN_POINT('Ctrl Pts',(-7.60000000000012,27.3538981288113,-20.5173424959756));
#12614=CARTESIAN_POINT('Ctrl Pts',(-6.80000000000012,27.3096878322884,-20.5754323445846));
#12615=CARTESIAN_POINT('Ctrl Pts',(-7.60000000000012,27.3096878322884,-20.5754323445846));
#12616=CARTESIAN_POINT('',(-6.80000000000012,27.6671231779381,-20.3762515031387));
#12617=CARTESIAN_POINT('Ctrl Pts',(-6.80000000000012,27.3096878322884,-20.5754323445846));
#12618=CARTESIAN_POINT('Ctrl Pts',(-6.80000000000012,27.3538981288113,-20.5173424959756));
#12619=CARTESIAN_POINT('Ctrl Pts',(-6.80000000000012,27.4438468822915,-20.3991548817052));
#12620=CARTESIAN_POINT('Ctrl Pts',(-6.80000000000012,27.5918595388296,-20.3839719448175));
#12621=CARTESIAN_POINT('Ctrl Pts',(-6.80000000000012,27.6671231779381,-20.3762515031387));
#12622=CARTESIAN_POINT('',(-7.60000000000012,27.6671231779381,-20.3762515031387));
#12623=CARTESIAN_POINT('Ctrl Pts',(-7.60000000000012,27.6671231779381,-20.3762515031387));
#12624=CARTESIAN_POINT('Ctrl Pts',(-7.60000000000012,27.5918595388296,-20.3839719448175));
#12625=CARTESIAN_POINT('Ctrl Pts',(-7.60000000000012,27.4438468822915,-20.3991548817052));
#12626=CARTESIAN_POINT('Ctrl Pts',(-7.60000000000012,27.3538981288113,-20.5173424959756));
#12627=CARTESIAN_POINT('Ctrl Pts',(-7.60000000000012,27.3096878322884,-20.5754323445846));
#12628=CARTESIAN_POINT('',(-6.80000000000012,27.6671231779381,-20.3762515031387));
#12629=CARTESIAN_POINT('Ctrl Pts',(-6.80000000000012,28.0027301105782,-20.5235906087448));
#12630=CARTESIAN_POINT('Ctrl Pts',(-7.60000000000012,28.0027301105782,-20.5235906087448));
#12631=CARTESIAN_POINT('Ctrl Pts',(-6.80000000000012,27.9528541596784,-20.4806267880284));
#12632=CARTESIAN_POINT('Ctrl Pts',(-7.60000000000012,27.9528541596784,-20.4806267880284));
#12633=CARTESIAN_POINT('Ctrl Pts',(-6.80000000000012,27.8558627192168,-20.3970770454402));
#12634=CARTESIAN_POINT('Ctrl Pts',(-7.60000000000012,27.8558627192168,-20.3970770454402));
#12635=CARTESIAN_POINT('Ctrl Pts',(-6.80000000000012,27.7288312157513,-20.3830603750005));
#12636=CARTESIAN_POINT('Ctrl Pts',(-7.60000000000012,27.7288312157513,-20.3830603750005));
#12637=CARTESIAN_POINT('Ctrl Pts',(-6.80000000000012,27.6671231779381,-20.3762515031387));
#12638=CARTESIAN_POINT('Ctrl Pts',(-7.60000000000012,27.6671231779381,-20.3762515031387));
#12639=CARTESIAN_POINT('',(-6.80000000000012,28.0027301105782,-20.5235906087448));
#12640=CARTESIAN_POINT('Ctrl Pts',(-6.80000000000012,27.6671231779381,-20.3762515031387));
#12641=CARTESIAN_POINT('Ctrl Pts',(-6.80000000000012,27.7288312157513,-20.3830603750005));
#12642=CARTESIAN_POINT('Ctrl Pts',(-6.80000000000012,27.8558627192168,-20.3970770454402));
#12643=CARTESIAN_POINT('Ctrl Pts',(-6.80000000000012,27.9528541596784,-20.4806267880284));
#12644=CARTESIAN_POINT('Ctrl Pts',(-6.80000000000012,28.0027301105782,-20.5235906087448));
#12645=CARTESIAN_POINT('',(-7.60000000000012,28.0027301105782,-20.5235906087448));
#12646=CARTESIAN_POINT('Ctrl Pts',(-7.60000000000012,28.0027301105782,-20.5235906087448));
#12647=CARTESIAN_POINT('Ctrl Pts',(-7.60000000000012,27.9528541596784,-20.4806267880284));
#12648=CARTESIAN_POINT('Ctrl Pts',(-7.60000000000012,27.8558627192168,-20.3970770454402));
#12649=CARTESIAN_POINT('Ctrl Pts',(-7.60000000000012,27.7288312157513,-20.3830603750005));
#12650=CARTESIAN_POINT('Ctrl Pts',(-7.60000000000012,27.6671231779381,-20.3762515031387));
#12651=CARTESIAN_POINT('',(-6.80000000000012,28.0027301105782,-20.5235906087448));
#12652=CARTESIAN_POINT('Ctrl Pts',(-6.80000000000011,28.1500698122307,-21.175705953746));
#12653=CARTESIAN_POINT('Ctrl Pts',(-7.60000000000011,28.1500698122307,-21.175705953746));
#12654=CARTESIAN_POINT('Ctrl Pts',(-6.80000000000011,28.1520961160272,-21.0333886900345));
#12655=CARTESIAN_POINT('Ctrl Pts',(-7.60000000000011,28.1520961160272,-21.0333886900345));
#12656=CARTESIAN_POINT('Ctrl Pts',(-6.80000000000011,28.1553916319832,-20.8019284252059));
#12657=CARTESIAN_POINT('Ctrl Pts',(-7.60000000000012,28.1553916319832,-20.801928425206));
#12658=CARTESIAN_POINT('Ctrl Pts',(-6.80000000000011,28.0451772956778,-20.6009817987894));
#12659=CARTESIAN_POINT('Ctrl Pts',(-7.60000000000012,28.0451772956778,-20.6009817987894));
#12660=CARTESIAN_POINT('Ctrl Pts',(-6.80000000000012,28.0027301105782,-20.5235906087448));
#12661=CARTESIAN_POINT('Ctrl Pts',(-7.60000000000012,28.0027301105782,-20.5235906087448));
#12662=CARTESIAN_POINT('',(-6.80000000000011,28.1500698122307,-21.175705953746));
#12663=CARTESIAN_POINT('Ctrl Pts',(-6.80000000000012,28.0027301105782,-20.5235906087448));
#12664=CARTESIAN_POINT('Ctrl Pts',(-6.80000000000011,28.0451772956778,-20.6009817987894));
#12665=CARTESIAN_POINT('Ctrl Pts',(-6.80000000000011,28.1553916319832,-20.8019284252059));
#12666=CARTESIAN_POINT('Ctrl Pts',(-6.80000000000011,28.1520961160272,-21.0333886900345));
#12667=CARTESIAN_POINT('Ctrl Pts',(-6.80000000000011,28.1500698122307,-21.175705953746));
#12668=CARTESIAN_POINT('',(-7.60000000000011,28.1500698122307,-21.175705953746));
#12669=CARTESIAN_POINT('Ctrl Pts',(-7.60000000000011,28.1500698122307,-21.175705953746));
#12670=CARTESIAN_POINT('Ctrl Pts',(-7.60000000000011,28.1520961160272,-21.0333886900345));
#12671=CARTESIAN_POINT('Ctrl Pts',(-7.60000000000012,28.1553916319832,-20.801928425206));
#12672=CARTESIAN_POINT('Ctrl Pts',(-7.60000000000012,28.0451772956778,-20.6009817987894));
#12673=CARTESIAN_POINT('Ctrl Pts',(-7.60000000000012,28.0027301105782,-20.5235906087448));
#12674=CARTESIAN_POINT('',(-6.80000000000011,28.1500698122307,-21.175705953746));
#12675=CARTESIAN_POINT('Origin',(-6.80000000000011,28.1500698122307,-21.7568786584427));
#12676=CARTESIAN_POINT('',(-6.80000000000011,28.1500698122307,-21.7568786584427));
#12677=CARTESIAN_POINT('',(-6.80000000000011,28.1500698122307,-23.1958631632441));
#12678=CARTESIAN_POINT('',(-7.60000000000011,28.1500698122307,-21.7568786584427));
#12679=CARTESIAN_POINT('',(-7.60000000000011,28.1500698122307,-21.175705953746));
#12680=CARTESIAN_POINT('',(-6.80000000000011,28.1500698122307,-21.7568786584427));
#12681=CARTESIAN_POINT('Origin',(-6.80000000000011,27.1950904521271,-21.7568786584427));
#12682=CARTESIAN_POINT('',(-6.80000000000011,31.0725451152362,-21.7568786584427));
#12683=CARTESIAN_POINT('',(-7.60000000000011,28.1500698122307,-21.7568786584427));
#12684=CARTESIAN_POINT('Origin',(-6.80000000000011,29.6889511737152,-21.7568786584427));
#12685=CARTESIAN_POINT('',(-7.60000000000011,29.6889511737152,-22.2480113946487));
#12686=CARTESIAN_POINT('',(-6.80000000000011,29.6889511737152,-22.2480113946487));
#12687=CARTESIAN_POINT('',(-7.60000000000011,29.6889511737152,-21.7568786584427));
#12688=CARTESIAN_POINT('',(-7.60000000000011,29.6889511737152,-22.2480113946487));
#12689=CARTESIAN_POINT('',(-6.80000000000011,29.6889511737152,-21.7568786584427));
#12690=CARTESIAN_POINT('Origin',(-6.80000000000011,28.5566181930824,-21.7568786584427));
#12691=CARTESIAN_POINT('',(-7.60000000000011,28.5566181930824,-21.7568786584427));
#12692=CARTESIAN_POINT('',(-7.60000000000011,29.6889511737152,-21.7568786584427));
#12693=CARTESIAN_POINT('',(-6.80000000000011,28.5566181930824,-21.7568786584427));
#12694=CARTESIAN_POINT('Origin',(-6.80000000000011,28.5566181930824,-21.1347778283645));
#12695=CARTESIAN_POINT('',(-7.60000000000011,28.5566181930824,-21.1347778283645));
#12696=CARTESIAN_POINT('',(-7.60000000000011,28.5566181930824,-21.7568786584427));
#12697=CARTESIAN_POINT('',(-6.80000000000011,28.5566181930824,-21.1347778283645));
#12698=CARTESIAN_POINT('Ctrl Pts',(-6.80000000000012,28.3206019791886,-20.1975341283371));
#12699=CARTESIAN_POINT('Ctrl Pts',(-7.60000000000012,28.3206019791886,-20.1975341283371));
#12700=CARTESIAN_POINT('Ctrl Pts',(-6.80000000000012,28.3892334359593,-20.327838038709));
#12701=CARTESIAN_POINT('Ctrl Pts',(-7.60000000000012,28.3892334359593,-20.327838038709));
#12702=CARTESIAN_POINT('Ctrl Pts',(-6.80000000000011,28.5430997012516,-20.619969037893));
#12703=CARTESIAN_POINT('Ctrl Pts',(-7.60000000000012,28.5430997012516,-20.619969037893));
#12704=CARTESIAN_POINT('Ctrl Pts',(-6.80000000000011,28.5517991178507,-20.9512586664423));
#12705=CARTESIAN_POINT('Ctrl Pts',(-7.60000000000012,28.5517991178507,-20.9512586664423));
#12706=CARTESIAN_POINT('Ctrl Pts',(-6.80000000000011,28.5566181930824,-21.1347778283645));
#12707=CARTESIAN_POINT('Ctrl Pts',(-7.60000000000011,28.5566181930824,-21.1347778283645));
#12708=CARTESIAN_POINT('',(-7.60000000000012,28.3206019791886,-20.1975341283371));
#12709=CARTESIAN_POINT('Ctrl Pts',(-7.60000000000012,28.3206019791886,-20.1975341283371));
#12710=CARTESIAN_POINT('Ctrl Pts',(-7.60000000000012,28.3892334359593,-20.327838038709));
#12711=CARTESIAN_POINT('Ctrl Pts',(-7.60000000000012,28.5430997012516,-20.619969037893));
#12712=CARTESIAN_POINT('Ctrl Pts',(-7.60000000000012,28.5517991178507,-20.9512586664423));
#12713=CARTESIAN_POINT('Ctrl Pts',(-7.60000000000011,28.5566181930824,-21.1347778283645));
#12714=CARTESIAN_POINT('',(-6.80000000000012,28.3206019791886,-20.1975341283371));
#12715=CARTESIAN_POINT('Ctrl Pts',(-6.80000000000012,27.6698515805527,-19.8687477551986));
#12716=CARTESIAN_POINT('Ctrl Pts',(-7.60000000000012,27.6698515805527,-19.8687477551986));
#12717=CARTESIAN_POINT('Ctrl Pts',(-6.80000000000012,27.8003601495155,-19.8820465229272));
#12718=CARTESIAN_POINT('Ctrl Pts',(-7.60000000000012,27.8003601495155,-19.8820465229272));
#12719=CARTESIAN_POINT('Ctrl Pts',(-6.80000000000012,28.0595016194801,-19.908452928616));
#12720=CARTESIAN_POINT('Ctrl Pts',(-7.60000000000012,28.0595016194801,-19.908452928616));
#12721=CARTESIAN_POINT('Ctrl Pts',(-6.80000000000012,28.2339895075128,-20.1016398245116));
#12722=CARTESIAN_POINT('Ctrl Pts',(-7.60000000000012,28.2339895075128,-20.1016398245116));
#12723=CARTESIAN_POINT('Ctrl Pts',(-6.80000000000012,28.3206019791886,-20.1975341283371));
#12724=CARTESIAN_POINT('Ctrl Pts',(-7.60000000000012,28.3206019791886,-20.1975341283371));
#12725=CARTESIAN_POINT('',(-7.60000000000012,27.6698515805527,-19.8687477551986));
#12726=CARTESIAN_POINT('Ctrl Pts',(-7.60000000000012,27.6698515805527,-19.8687477551986));
#12727=CARTESIAN_POINT('Ctrl Pts',(-7.60000000000012,27.8003601495155,-19.8820465229272));
#12728=CARTESIAN_POINT('Ctrl Pts',(-7.60000000000012,28.0595016194801,-19.908452928616));
#12729=CARTESIAN_POINT('Ctrl Pts',(-7.60000000000012,28.2339895075128,-20.1016398245116));
#12730=CARTESIAN_POINT('Ctrl Pts',(-7.60000000000012,28.3206019791886,-20.1975341283371));
#12731=CARTESIAN_POINT('',(-6.80000000000012,27.6698515805527,-19.8687477551986));
#12732=CARTESIAN_POINT('Ctrl Pts',(-6.80000000000012,27.0491148027702,-20.1429636918594));
#12733=CARTESIAN_POINT('Ctrl Pts',(-7.60000000000012,27.0491148027702,-20.1429636918594));
#12734=CARTESIAN_POINT('Ctrl Pts',(-6.80000000000012,27.1388011699627,-20.0629863720757));
#12735=CARTESIAN_POINT('Ctrl Pts',(-7.60000000000012,27.1388011699627,-20.0629863720757));
#12736=CARTESIAN_POINT('Ctrl Pts',(-6.80000000000012,27.3163345984017,-19.9046719233693));
#12737=CARTESIAN_POINT('Ctrl Pts',(-7.60000000000012,27.3163345984017,-19.9046719233693));
#12738=CARTESIAN_POINT('Ctrl Pts',(-6.80000000000012,27.5528293080432,-19.8806394832049));
#12739=CARTESIAN_POINT('Ctrl Pts',(-7.60000000000012,27.5528293080432,-19.880639483205));
#12740=CARTESIAN_POINT('Ctrl Pts',(-6.80000000000012,27.6698515805527,-19.8687477551986));
#12741=CARTESIAN_POINT('Ctrl Pts',(-7.60000000000012,27.6698515805527,-19.8687477551986));
#12742=CARTESIAN_POINT('',(-7.60000000000012,27.0491148027702,-20.1429636918594));
#12743=CARTESIAN_POINT('Ctrl Pts',(-7.60000000000012,27.0491148027702,-20.1429636918594));
#12744=CARTESIAN_POINT('Ctrl Pts',(-7.60000000000012,27.1388011699627,-20.0629863720757));
#12745=CARTESIAN_POINT('Ctrl Pts',(-7.60000000000012,27.3163345984017,-19.9046719233693));
#12746=CARTESIAN_POINT('Ctrl Pts',(-7.60000000000012,27.5528293080432,-19.880639483205));
#12747=CARTESIAN_POINT('Ctrl Pts',(-7.60000000000012,27.6698515805527,-19.8687477551986));
#12748=CARTESIAN_POINT('',(-6.80000000000012,27.0491148027702,-20.1429636918594));
#12749=CARTESIAN_POINT('Ctrl Pts',(-6.80000000000011,26.7912704738899,-21.0201807462265));
#12750=CARTESIAN_POINT('Ctrl Pts',(-7.60000000000011,26.7912704738899,-21.0201807462265));
#12751=CARTESIAN_POINT('Ctrl Pts',(-6.80000000000011,26.7952881790643,-20.8409808593053));
#12752=CARTESIAN_POINT('Ctrl Pts',(-7.60000000000012,26.7952881790643,-20.8409808593053));
#12753=CARTESIAN_POINT('Ctrl Pts',(-6.80000000000012,26.8024103682852,-20.5233130744293));
#12754=CARTESIAN_POINT('Ctrl Pts',(-7.60000000000012,26.8024103682852,-20.5233130744293));
#12755=CARTESIAN_POINT('Ctrl Pts',(-6.80000000000012,26.9742233927247,-20.2584253438968));
#12756=CARTESIAN_POINT('Ctrl Pts',(-7.60000000000012,26.9742233927247,-20.2584253438968));
#12757=CARTESIAN_POINT('Ctrl Pts',(-6.80000000000012,27.0491148027702,-20.1429636918594));
#12758=CARTESIAN_POINT('Ctrl Pts',(-7.60000000000012,27.0491148027702,-20.1429636918594));
#12759=CARTESIAN_POINT('',(-7.60000000000011,26.7912704738899,-21.0201807462265));
#12760=CARTESIAN_POINT('Ctrl Pts',(-7.60000000000011,26.7912704738899,-21.0201807462265));
#12761=CARTESIAN_POINT('Ctrl Pts',(-7.60000000000012,26.7952881790643,-20.8409808593053));
#12762=CARTESIAN_POINT('Ctrl Pts',(-7.60000000000012,26.8024103682852,-20.5233130744293));
#12763=CARTESIAN_POINT('Ctrl Pts',(-7.60000000000012,26.9742233927247,-20.2584253438968));
#12764=CARTESIAN_POINT('Ctrl Pts',(-7.60000000000012,27.0491148027702,-20.1429636918594));
#12765=CARTESIAN_POINT('',(-6.80000000000011,26.7912704738899,-21.0201807462265));
#12766=CARTESIAN_POINT('Origin',(-6.80000000000011,26.7912704738899,-22.2480113946487));
#12767=CARTESIAN_POINT('',(-7.60000000000011,26.7912704738899,-22.2480113946487));
#12768=CARTESIAN_POINT('',(-7.60000000000011,26.7912704738899,-21.0201807462265));
#12769=CARTESIAN_POINT('',(-6.80000000000011,26.7912704738899,-22.2480113946487));
#12770=CARTESIAN_POINT('Origin',(-6.80000000000011,29.6889511737152,-22.2480113946487));
#12771=CARTESIAN_POINT('',(-7.60000000000011,26.7912704738899,-22.2480113946487));
#12772=CARTESIAN_POINT('Origin',(-7.6000000000001,28.7912705036923,-25.1033996932794));
#12773=CARTESIAN_POINT('Origin',(-6.8000000000001,34.9499997783452,-24.6348476680455));
#12774=CARTESIAN_POINT('Origin',(-6.8000000000001,29.1105062755867,-24.5508761846115));
#12775=CARTESIAN_POINT('',(-6.8000000000001,29.1105062755867,-25.4158158742477));
#12776=CARTESIAN_POINT('',(-6.8000000000001,29.1105062755867,-24.5508761846115));
#12777=CARTESIAN_POINT('',(-6.8000000000001,29.1105062755867,-24.5928619263285));
#12778=CARTESIAN_POINT('',(-7.6000000000001,29.1105062755867,-25.4158158742477));
#12779=CARTESIAN_POINT('',(-6.8000000000001,29.1105062755867,-25.4158158742477));
#12780=CARTESIAN_POINT('',(-7.6000000000001,29.1105062755867,-24.5508761846115));
#12781=CARTESIAN_POINT('',(-7.6000000000001,29.1105062755867,-25.4158158742477));
#12782=CARTESIAN_POINT('',(-6.8000000000001,29.1105062755867,-24.5508761846115));
#12783=CARTESIAN_POINT('Ctrl Pts',(-6.80000000000011,29.1568912061974,-24.0461023294021));
#12784=CARTESIAN_POINT('Ctrl Pts',(-7.60000000000011,29.1568912061974,-24.0461023294021));
#12785=CARTESIAN_POINT('Ctrl Pts',(-6.80000000000011,29.1434802143134,-24.1134430074642));
#12786=CARTESIAN_POINT('Ctrl Pts',(-7.60000000000011,29.1434802143134,-24.1134430074642));
#12787=CARTESIAN_POINT('Ctrl Pts',(-6.8000000000001,29.1103396321284,-24.2798519722157));
#12788=CARTESIAN_POINT('Ctrl Pts',(-7.6000000000001,29.1103396321284,-24.2798519722157));
#12789=CARTESIAN_POINT('Ctrl Pts',(-6.8000000000001,29.110444089159,-24.4497379355613));
#12790=CARTESIAN_POINT('Ctrl Pts',(-7.6000000000001,29.110444089159,-24.4497379355613));
#12791=CARTESIAN_POINT('Ctrl Pts',(-6.8000000000001,29.1105062755867,-24.5508761846115));
#12792=CARTESIAN_POINT('Ctrl Pts',(-7.6000000000001,29.1105062755867,-24.5508761846115));
#12793=CARTESIAN_POINT('',(-6.80000000000011,29.1568912061974,-24.0461023294021));
#12794=CARTESIAN_POINT('Ctrl Pts',(-6.8000000000001,29.1105062755867,-24.5508761846115));
#12795=CARTESIAN_POINT('Ctrl Pts',(-6.8000000000001,29.110444089159,-24.4497379355613));
#12796=CARTESIAN_POINT('Ctrl Pts',(-6.8000000000001,29.1103396321284,-24.2798519722157));
#12797=CARTESIAN_POINT('Ctrl Pts',(-6.80000000000011,29.1434802143134,-24.1134430074642));
#12798=CARTESIAN_POINT('Ctrl Pts',(-6.80000000000011,29.1568912061974,-24.0461023294021));
#12799=CARTESIAN_POINT('',(-7.60000000000011,29.1568912061974,-24.0461023294021));
#12800=CARTESIAN_POINT('Ctrl Pts',(-7.60000000000011,29.1568912061974,-24.0461023294021));
#12801=CARTESIAN_POINT('Ctrl Pts',(-7.60000000000011,29.1434802143134,-24.1134430074642));
#12802=CARTESIAN_POINT('Ctrl Pts',(-7.6000000000001,29.1103396321284,-24.2798519722157));
#12803=CARTESIAN_POINT('Ctrl Pts',(-7.6000000000001,29.110444089159,-24.4497379355613));
#12804=CARTESIAN_POINT('Ctrl Pts',(-7.6000000000001,29.1105062755867,-24.5508761846115));
#12805=CARTESIAN_POINT('',(-6.80000000000011,29.1568912061974,-24.0461023294021));
#12806=CARTESIAN_POINT('Ctrl Pts',(-6.80000000000011,29.3560726436897,-23.7418730699112));
#12807=CARTESIAN_POINT('Ctrl Pts',(-7.60000000000011,29.3560726436897,-23.7418730699112));
#12808=CARTESIAN_POINT('Ctrl Pts',(-6.80000000000011,29.3125218728065,-23.7817688244857));
#12809=CARTESIAN_POINT('Ctrl Pts',(-7.60000000000011,29.3125218728065,-23.7817688244857));
#12810=CARTESIAN_POINT('Ctrl Pts',(-6.80000000000011,29.2204975536248,-23.8660699649364));
#12811=CARTESIAN_POINT('Ctrl Pts',(-7.60000000000011,29.2204975536248,-23.8660699649364));
#12812=CARTESIAN_POINT('Ctrl Pts',(-6.80000000000011,29.1788362037223,-23.9839888776414));
#12813=CARTESIAN_POINT('Ctrl Pts',(-7.60000000000011,29.1788362037223,-23.9839888776414));
#12814=CARTESIAN_POINT('Ctrl Pts',(-6.80000000000011,29.1568912061974,-24.0461023294021));
#12815=CARTESIAN_POINT('Ctrl Pts',(-7.60000000000011,29.1568912061974,-24.0461023294021));
#12816=CARTESIAN_POINT('',(-6.80000000000011,29.3560726436897,-23.7418730699112));
#12817=CARTESIAN_POINT('Ctrl Pts',(-6.80000000000011,29.1568912061974,-24.0461023294021));
#12818=CARTESIAN_POINT('Ctrl Pts',(-6.80000000000011,29.1788362037223,-23.9839888776414));
#12819=CARTESIAN_POINT('Ctrl Pts',(-6.80000000000011,29.2204975536248,-23.8660699649364));
#12820=CARTESIAN_POINT('Ctrl Pts',(-6.80000000000011,29.3125218728065,-23.7817688244857));
#12821=CARTESIAN_POINT('Ctrl Pts',(-6.80000000000011,29.3560726436897,-23.7418730699112));
#12822=CARTESIAN_POINT('',(-7.60000000000011,29.3560726436897,-23.7418730699112));
#12823=CARTESIAN_POINT('Ctrl Pts',(-7.60000000000011,29.3560726436897,-23.7418730699112));
#12824=CARTESIAN_POINT('Ctrl Pts',(-7.60000000000011,29.3125218728065,-23.7817688244857));
#12825=CARTESIAN_POINT('Ctrl Pts',(-7.60000000000011,29.2204975536248,-23.8660699649364));
#12826=CARTESIAN_POINT('Ctrl Pts',(-7.60000000000011,29.1788362037223,-23.9839888776414));
#12827=CARTESIAN_POINT('Ctrl Pts',(-7.60000000000011,29.1568912061974,-24.0461023294021));
#12828=CARTESIAN_POINT('',(-6.80000000000011,29.3560726436897,-23.7418730699112));
#12829=CARTESIAN_POINT('Ctrl Pts',(-6.80000000000011,29.7053221854492,-23.6395533525039));
#12830=CARTESIAN_POINT('Ctrl Pts',(-7.60000000000011,29.7053221854492,-23.6395533525039));
#12831=CARTESIAN_POINT('Ctrl Pts',(-6.80000000000011,29.6396195531294,-23.6428445668592));
#12832=CARTESIAN_POINT('Ctrl Pts',(-7.60000000000011,29.6396195531294,-23.6428445668592));
#12833=CARTESIAN_POINT('Ctrl Pts',(-6.80000000000011,29.5147831903172,-23.6490979423305));
#12834=CARTESIAN_POINT('Ctrl Pts',(-7.60000000000011,29.5147831903172,-23.6490979423305));
#12835=CARTESIAN_POINT('Ctrl Pts',(-6.80000000000011,29.4070871674201,-23.7120522479928));
#12836=CARTESIAN_POINT('Ctrl Pts',(-7.60000000000011,29.4070871674201,-23.7120522479928));
#12837=CARTESIAN_POINT('Ctrl Pts',(-6.80000000000011,29.3560726436897,-23.7418730699112));
#12838=CARTESIAN_POINT('Ctrl Pts',(-7.60000000000011,29.3560726436897,-23.7418730699112));
#12839=CARTESIAN_POINT('',(-6.80000000000011,29.7053221854492,-23.6395533525039));
#12840=CARTESIAN_POINT('Ctrl Pts',(-6.80000000000011,29.3560726436897,-23.7418730699112));
#12841=CARTESIAN_POINT('Ctrl Pts',(-6.80000000000011,29.4070871674201,-23.7120522479928));
#12842=CARTESIAN_POINT('Ctrl Pts',(-6.80000000000011,29.5147831903172,-23.6490979423305));
#12843=CARTESIAN_POINT('Ctrl Pts',(-6.80000000000011,29.6396195531294,-23.6428445668592));
#12844=CARTESIAN_POINT('Ctrl Pts',(-6.80000000000011,29.7053221854492,-23.6395533525039));
#12845=CARTESIAN_POINT('',(-7.60000000000011,29.7053221854492,-23.6395533525039));
#12846=CARTESIAN_POINT('Ctrl Pts',(-7.60000000000011,29.7053221854492,-23.6395533525039));
#12847=CARTESIAN_POINT('Ctrl Pts',(-7.60000000000011,29.6396195531294,-23.6428445668592));
#12848=CARTESIAN_POINT('Ctrl Pts',(-7.60000000000011,29.5147831903172,-23.6490979423305));
#12849=CARTESIAN_POINT('Ctrl Pts',(-7.60000000000011,29.4070871674201,-23.7120522479928));
#12850=CARTESIAN_POINT('Ctrl Pts',(-7.60000000000011,29.3560726436897,-23.7418730699112));
#12851=CARTESIAN_POINT('',(-6.80000000000011,29.7053221854492,-23.6395533525039));
#12852=CARTESIAN_POINT('Ctrl Pts',(-6.80000000000011,30.0559360775276,-23.7350507222702));
#12853=CARTESIAN_POINT('Ctrl Pts',(-7.60000000000011,30.0559360775276,-23.7350507222702));
#12854=CARTESIAN_POINT('Ctrl Pts',(-6.80000000000011,30.0025790604658,-23.7072033625747));
#12855=CARTESIAN_POINT('Ctrl Pts',(-7.60000000000011,30.0025790604658,-23.7072033625747));
#12856=CARTESIAN_POINT('Ctrl Pts',(-6.80000000000011,29.8927602219408,-23.6498882264192));
#12857=CARTESIAN_POINT('Ctrl Pts',(-7.60000000000011,29.8927602219408,-23.6498882264192));
#12858=CARTESIAN_POINT('Ctrl Pts',(-6.80000000000011,29.7689681497637,-23.6430626349779));
#12859=CARTESIAN_POINT('Ctrl Pts',(-7.60000000000011,29.7689681497637,-23.6430626349779));
#12860=CARTESIAN_POINT('Ctrl Pts',(-6.80000000000011,29.7053221854492,-23.6395533525039));
#12861=CARTESIAN_POINT('Ctrl Pts',(-7.60000000000011,29.7053221854492,-23.6395533525039));
#12862=CARTESIAN_POINT('',(-6.80000000000011,30.0559360775276,-23.7350507222702));
#12863=CARTESIAN_POINT('Ctrl Pts',(-6.80000000000011,29.7053221854492,-23.6395533525039));
#12864=CARTESIAN_POINT('Ctrl Pts',(-6.80000000000011,29.7689681497637,-23.6430626349779));
#12865=CARTESIAN_POINT('Ctrl Pts',(-6.80000000000011,29.8927602219408,-23.6498882264192));
#12866=CARTESIAN_POINT('Ctrl Pts',(-6.80000000000011,30.0025790604658,-23.7072033625747));
#12867=CARTESIAN_POINT('Ctrl Pts',(-6.80000000000011,30.0559360775276,-23.7350507222702));
#12868=CARTESIAN_POINT('',(-7.60000000000011,30.0559360775276,-23.7350507222702));
#12869=CARTESIAN_POINT('Ctrl Pts',(-7.60000000000011,30.0559360775276,-23.7350507222702));
#12870=CARTESIAN_POINT('Ctrl Pts',(-7.60000000000011,30.0025790604658,-23.7072033625747));
#12871=CARTESIAN_POINT('Ctrl Pts',(-7.60000000000011,29.8927602219408,-23.6498882264192));
#12872=CARTESIAN_POINT('Ctrl Pts',(-7.60000000000011,29.7689681497637,-23.6430626349779));
#12873=CARTESIAN_POINT('Ctrl Pts',(-7.60000000000011,29.7053221854492,-23.6395533525039));
#12874=CARTESIAN_POINT('',(-6.80000000000011,30.0559360775276,-23.7350507222702));
#12875=CARTESIAN_POINT('Ctrl Pts',(-6.80000000000011,30.263303020887,-24.0079029046585));
#12876=CARTESIAN_POINT('Ctrl Pts',(-7.60000000000011,30.263303020887,-24.0079029046585));
#12877=CARTESIAN_POINT('Ctrl Pts',(-6.80000000000011,30.240946810163,-23.9523662297022));
#12878=CARTESIAN_POINT('Ctrl Pts',(-7.60000000000011,30.240946810163,-23.9523662297022));
#12879=CARTESIAN_POINT('Ctrl Pts',(-6.80000000000011,30.1966955677074,-23.8424385277763));
#12880=CARTESIAN_POINT('Ctrl Pts',(-7.60000000000011,30.1966955677074,-23.8424385277763));
#12881=CARTESIAN_POINT('Ctrl Pts',(-6.80000000000011,30.1025287774472,-23.7705970842993));
#12882=CARTESIAN_POINT('Ctrl Pts',(-7.60000000000011,30.1025287774472,-23.7705970842993));
#12883=CARTESIAN_POINT('Ctrl Pts',(-6.80000000000011,30.0559360775276,-23.7350507222702));
#12884=CARTESIAN_POINT('Ctrl Pts',(-7.60000000000011,30.0559360775276,-23.7350507222702));
#12885=CARTESIAN_POINT('',(-6.80000000000011,30.263303020887,-24.0079029046585));
#12886=CARTESIAN_POINT('Ctrl Pts',(-6.80000000000011,30.0559360775276,-23.7350507222702));
#12887=CARTESIAN_POINT('Ctrl Pts',(-6.80000000000011,30.1025287774472,-23.7705970842993));
#12888=CARTESIAN_POINT('Ctrl Pts',(-6.80000000000011,30.1966955677074,-23.8424385277763));
#12889=CARTESIAN_POINT('Ctrl Pts',(-6.80000000000011,30.240946810163,-23.9523662297022));
#12890=CARTESIAN_POINT('Ctrl Pts',(-6.80000000000011,30.263303020887,-24.0079029046585));
#12891=CARTESIAN_POINT('',(-7.60000000000011,30.263303020887,-24.0079029046585));
#12892=CARTESIAN_POINT('Ctrl Pts',(-7.60000000000011,30.263303020887,-24.0079029046585));
#12893=CARTESIAN_POINT('Ctrl Pts',(-7.60000000000011,30.240946810163,-23.9523662297022));
#12894=CARTESIAN_POINT('Ctrl Pts',(-7.60000000000011,30.1966955677074,-23.8424385277763));
#12895=CARTESIAN_POINT('Ctrl Pts',(-7.60000000000011,30.1025287774472,-23.7705970842993));
#12896=CARTESIAN_POINT('Ctrl Pts',(-7.60000000000011,30.0559360775276,-23.7350507222702));
#12897=CARTESIAN_POINT('',(-6.80000000000011,30.263303020887,-24.0079029046585));
#12898=CARTESIAN_POINT('Ctrl Pts',(-6.8000000000001,30.3192378076836,-24.6163614236404));
#12899=CARTESIAN_POINT('Ctrl Pts',(-7.6000000000001,30.3192378076836,-24.6163614236404));
#12900=CARTESIAN_POINT('Ctrl Pts',(-6.8000000000001,30.3195002895492,-24.4932853740748));
#12901=CARTESIAN_POINT('Ctrl Pts',(-7.6000000000001,30.3195002895492,-24.4932853740748));
#12902=CARTESIAN_POINT('Ctrl Pts',(-6.8000000000001,30.3199371379067,-24.2884500039365));
#12903=CARTESIAN_POINT('Ctrl Pts',(-7.6000000000001,30.3199371379067,-24.2884500039365));
#12904=CARTESIAN_POINT('Ctrl Pts',(-6.80000000000011,30.2794595202181,-24.0879369770577));
#12905=CARTESIAN_POINT('Ctrl Pts',(-7.60000000000011,30.2794595202181,-24.0879369770577));
#12906=CARTESIAN_POINT('Ctrl Pts',(-6.80000000000011,30.263303020887,-24.0079029046585));
#12907=CARTESIAN_POINT('Ctrl Pts',(-7.60000000000011,30.263303020887,-24.0079029046585));
#12908=CARTESIAN_POINT('',(-6.8000000000001,30.3192378076836,-24.6163614236404));
#12909=CARTESIAN_POINT('Ctrl Pts',(-6.80000000000011,30.263303020887,-24.0079029046585));
#12910=CARTESIAN_POINT('Ctrl Pts',(-6.80000000000011,30.2794595202181,-24.0879369770577));
#12911=CARTESIAN_POINT('Ctrl Pts',(-6.8000000000001,30.3199371379067,-24.2884500039365));
#12912=CARTESIAN_POINT('Ctrl Pts',(-6.8000000000001,30.3195002895492,-24.4932853740748));
#12913=CARTESIAN_POINT('Ctrl Pts',(-6.8000000000001,30.3192378076836,-24.6163614236404));
#12914=CARTESIAN_POINT('',(-7.6000000000001,30.3192378076836,-24.6163614236404));
#12915=CARTESIAN_POINT('Ctrl Pts',(-7.6000000000001,30.3192378076836,-24.6163614236404));
#12916=CARTESIAN_POINT('Ctrl Pts',(-7.6000000000001,30.3195002895492,-24.4932853740748));
#12917=CARTESIAN_POINT('Ctrl Pts',(-7.6000000000001,30.3199371379067,-24.2884500039365));
#12918=CARTESIAN_POINT('Ctrl Pts',(-7.60000000000011,30.2794595202181,-24.0879369770577));
#12919=CARTESIAN_POINT('Ctrl Pts',(-7.60000000000011,30.263303020887,-24.0079029046585));
#12920=CARTESIAN_POINT('',(-6.8000000000001,30.3192378076836,-24.6163614236404));
#12921=CARTESIAN_POINT('Origin',(-6.8000000000001,30.3192378076836,-25.4158158742477));
#12922=CARTESIAN_POINT('',(-6.8000000000001,30.3192378076836,-25.4158158742477));
#12923=CARTESIAN_POINT('',(-6.8000000000001,30.3192378076836,-25.0253317711466));
#12924=CARTESIAN_POINT('',(-7.6000000000001,30.3192378076836,-25.4158158742477));
#12925=CARTESIAN_POINT('',(-7.6000000000001,30.3192378076836,-24.6163614236404));
#12926=CARTESIAN_POINT('',(-6.8000000000001,30.3192378076836,-25.4158158742477));
#12927=CARTESIAN_POINT('Origin',(-6.8000000000001,29.1105062755867,-25.4158158742477));
#12928=CARTESIAN_POINT('',(-6.8000000000001,32.030253026966,-25.4158158742477));
#12929=CARTESIAN_POINT('',(-7.6000000000001,30.3192378076836,-25.4158158742477));
#12930=CARTESIAN_POINT('Origin',(-6.8000000000001,27.2633031997009,-24.4199080907394));
#12931=CARTESIAN_POINT('',(-6.8000000000001,27.2633031997009,-25.4158158742477));
#12932=CARTESIAN_POINT('',(-6.8000000000001,27.2633031997009,-24.4199080907394));
#12933=CARTESIAN_POINT('',(-6.8000000000001,27.2633031997009,-24.5273778793925));
#12934=CARTESIAN_POINT('',(-7.6000000000001,27.2633031997009,-25.4158158742477));
#12935=CARTESIAN_POINT('',(-6.8000000000001,27.2633031997009,-25.4158158742477));
#12936=CARTESIAN_POINT('',(-7.6000000000001,27.2633031997009,-24.4199080907394));
#12937=CARTESIAN_POINT('',(-7.6000000000001,27.2633031997009,-25.4158158742477));
#12938=CARTESIAN_POINT('',(-6.8000000000001,27.2633031997009,-24.4199080907394));
#12939=CARTESIAN_POINT('Ctrl Pts',(-6.80000000000011,27.2824029120728,-24.0597446404983));
#12940=CARTESIAN_POINT('Ctrl Pts',(-7.60000000000011,27.2824029120728,-24.0597446404983));
#12941=CARTESIAN_POINT('Ctrl Pts',(-6.80000000000011,27.2768900768134,-24.1069936885692));
#12942=CARTESIAN_POINT('Ctrl Pts',(-7.60000000000011,27.2768900768134,-24.1069936885692));
#12943=CARTESIAN_POINT('Ctrl Pts',(-6.8000000000001,27.2629368682954,-24.2265829360249));
#12944=CARTESIAN_POINT('Ctrl Pts',(-7.6000000000001,27.2629368682954,-24.2265829360249));
#12945=CARTESIAN_POINT('Ctrl Pts',(-6.8000000000001,27.2631651255943,-24.3470418345793));
#12946=CARTESIAN_POINT('Ctrl Pts',(-7.6000000000001,27.2631651255943,-24.3470418345794));
#12947=CARTESIAN_POINT('Ctrl Pts',(-6.8000000000001,27.2633031997009,-24.4199080907394));
#12948=CARTESIAN_POINT('Ctrl Pts',(-7.6000000000001,27.2633031997009,-24.4199080907394));
#12949=CARTESIAN_POINT('',(-6.80000000000011,27.2824029120728,-24.0597446404983));
#12950=CARTESIAN_POINT('Ctrl Pts',(-6.8000000000001,27.2633031997009,-24.4199080907394));
#12951=CARTESIAN_POINT('Ctrl Pts',(-6.8000000000001,27.2631651255943,-24.3470418345793));
#12952=CARTESIAN_POINT('Ctrl Pts',(-6.8000000000001,27.2629368682954,-24.2265829360249));
#12953=CARTESIAN_POINT('Ctrl Pts',(-6.80000000000011,27.2768900768134,-24.1069936885692));
#12954=CARTESIAN_POINT('Ctrl Pts',(-6.80000000000011,27.2824029120728,-24.0597446404983));
#12955=CARTESIAN_POINT('',(-7.60000000000011,27.2824029120728,-24.0597446404983));
#12956=CARTESIAN_POINT('Ctrl Pts',(-7.60000000000011,27.2824029120728,-24.0597446404983));
#12957=CARTESIAN_POINT('Ctrl Pts',(-7.60000000000011,27.2768900768134,-24.1069936885692));
#12958=CARTESIAN_POINT('Ctrl Pts',(-7.6000000000001,27.2629368682954,-24.2265829360249));
#12959=CARTESIAN_POINT('Ctrl Pts',(-7.6000000000001,27.2631651255943,-24.3470418345794));
#12960=CARTESIAN_POINT('Ctrl Pts',(-7.6000000000001,27.2633031997009,-24.4199080907394));
#12961=CARTESIAN_POINT('',(-6.80000000000011,27.2824029120728,-24.0597446404983));
#12962=CARTESIAN_POINT('Ctrl Pts',(-6.80000000000011,27.3915431889816,-23.754150434642));
#12963=CARTESIAN_POINT('Ctrl Pts',(-7.60000000000011,27.3915431889816,-23.754150434642));
#12964=CARTESIAN_POINT('Ctrl Pts',(-6.80000000000011,27.3676033087691,-23.7993118833184));
#12965=CARTESIAN_POINT('Ctrl Pts',(-7.60000000000011,27.3676033087691,-23.7993118833184));
#12966=CARTESIAN_POINT('Ctrl Pts',(-6.80000000000011,27.3164548280289,-23.895801066527));
#12967=CARTESIAN_POINT('Ctrl Pts',(-7.60000000000011,27.3164548280289,-23.895801066527));
#12968=CARTESIAN_POINT('Ctrl Pts',(-6.80000000000011,27.2942270505356,-24.0028171089838));
#12969=CARTESIAN_POINT('Ctrl Pts',(-7.60000000000011,27.2942270505356,-24.0028171089838));
#12970=CARTESIAN_POINT('Ctrl Pts',(-6.80000000000011,27.2824029120728,-24.0597446404983));
#12971=CARTESIAN_POINT('Ctrl Pts',(-7.60000000000011,27.2824029120728,-24.0597446404983));
#12972=CARTESIAN_POINT('',(-6.80000000000011,27.3915431889816,-23.754150434642));
#12973=CARTESIAN_POINT('Ctrl Pts',(-6.80000000000011,27.2824029120728,-24.0597446404983));
#12974=CARTESIAN_POINT('Ctrl Pts',(-6.80000000000011,27.2942270505356,-24.0028171089838));
#12975=CARTESIAN_POINT('Ctrl Pts',(-6.80000000000011,27.3164548280289,-23.895801066527));
#12976=CARTESIAN_POINT('Ctrl Pts',(-6.80000000000011,27.3676033087691,-23.7993118833184));
#12977=CARTESIAN_POINT('Ctrl Pts',(-6.80000000000011,27.3915431889816,-23.754150434642));
#12978=CARTESIAN_POINT('',(-7.60000000000011,27.3915431889816,-23.754150434642));
#12979=CARTESIAN_POINT('Ctrl Pts',(-7.60000000000011,27.3915431889816,-23.754150434642));
#12980=CARTESIAN_POINT('Ctrl Pts',(-7.60000000000011,27.3676033087691,-23.7993118833184));
#12981=CARTESIAN_POINT('Ctrl Pts',(-7.60000000000011,27.3164548280289,-23.895801066527));
#12982=CARTESIAN_POINT('Ctrl Pts',(-7.60000000000011,27.2942270505356,-24.0028171089838));
#12983=CARTESIAN_POINT('Ctrl Pts',(-7.60000000000011,27.2824029120728,-24.0597446404983));
#12984=CARTESIAN_POINT('',(-6.80000000000011,27.3915431889816,-23.754150434642));
#12985=CARTESIAN_POINT('Ctrl Pts',(-6.80000000000011,27.6139170917793,-23.5522408925583));
#12986=CARTESIAN_POINT('Ctrl Pts',(-7.60000000000011,27.6139170917793,-23.5522408925583));
#12987=CARTESIAN_POINT('Ctrl Pts',(-6.80000000000011,27.5686621850977,-23.5796421177976));
#12988=CARTESIAN_POINT('Ctrl Pts',(-7.60000000000011,27.5686621850977,-23.5796421177976));
#12989=CARTESIAN_POINT('Ctrl Pts',(-6.80000000000011,27.4813196517626,-23.6325268236644));
#12990=CARTESIAN_POINT('Ctrl Pts',(-7.60000000000011,27.4813196517626,-23.6325268236644));
#12991=CARTESIAN_POINT('Ctrl Pts',(-6.80000000000011,27.4207363712208,-23.7146013130808));
#12992=CARTESIAN_POINT('Ctrl Pts',(-7.60000000000011,27.4207363712208,-23.7146013130808));
#12993=CARTESIAN_POINT('Ctrl Pts',(-6.80000000000011,27.3915431889816,-23.754150434642));
#12994=CARTESIAN_POINT('Ctrl Pts',(-7.60000000000011,27.3915431889816,-23.754150434642));
#12995=CARTESIAN_POINT('',(-6.80000000000011,27.6139170917793,-23.5522408925583));
#12996=CARTESIAN_POINT('Ctrl Pts',(-6.80000000000011,27.3915431889816,-23.754150434642));
#12997=CARTESIAN_POINT('Ctrl Pts',(-6.80000000000011,27.4207363712208,-23.7146013130808));
#12998=CARTESIAN_POINT('Ctrl Pts',(-6.80000000000011,27.4813196517626,-23.6325268236644));
#12999=CARTESIAN_POINT('Ctrl Pts',(-6.80000000000011,27.5686621850977,-23.5796421177976));
#13000=CARTESIAN_POINT('Ctrl Pts',(-6.80000000000011,27.6139170917793,-23.5522408925583));
#13001=CARTESIAN_POINT('',(-7.60000000000011,27.6139170917793,-23.5522408925583));
#13002=CARTESIAN_POINT('Ctrl Pts',(-7.60000000000011,27.6139170917793,-23.5522408925583));
#13003=CARTESIAN_POINT('Ctrl Pts',(-7.60000000000011,27.5686621850977,-23.5796421177976));
#13004=CARTESIAN_POINT('Ctrl Pts',(-7.60000000000011,27.4813196517626,-23.6325268236644));
#13005=CARTESIAN_POINT('Ctrl Pts',(-7.60000000000011,27.4207363712208,-23.7146013130808));
#13006=CARTESIAN_POINT('Ctrl Pts',(-7.60000000000011,27.3915431889816,-23.754150434642));
#13007=CARTESIAN_POINT('',(-6.80000000000011,27.6139170917793,-23.5522408925583));
#13008=CARTESIAN_POINT('Ctrl Pts',(-6.80000000000011,27.9508883747383,-23.473114534526));
#13009=CARTESIAN_POINT('Ctrl Pts',(-7.60000000000011,27.9508883747383,-23.473114534526));
#13010=CARTESIAN_POINT('Ctrl Pts',(-6.80000000000011,27.8900622208068,-23.4759013025983));
#13011=CARTESIAN_POINT('Ctrl Pts',(-7.60000000000011,27.8900622208068,-23.4759013025983));
#13012=CARTESIAN_POINT('Ctrl Pts',(-6.80000000000011,27.7727050837603,-23.4812780542329));
#13013=CARTESIAN_POINT('Ctrl Pts',(-7.60000000000011,27.7727050837603,-23.4812780542329));
#13014=CARTESIAN_POINT('Ctrl Pts',(-6.80000000000011,27.6655390271088,-23.5291708920807));
#13015=CARTESIAN_POINT('Ctrl Pts',(-7.60000000000011,27.6655390271088,-23.5291708920807));
#13016=CARTESIAN_POINT('Ctrl Pts',(-6.80000000000011,27.6139170917793,-23.5522408925583));
#13017=CARTESIAN_POINT('Ctrl Pts',(-7.60000000000011,27.6139170917793,-23.5522408925583));
#13018=CARTESIAN_POINT('',(-6.80000000000011,27.9508883747383,-23.473114534526));
#13019=CARTESIAN_POINT('Ctrl Pts',(-6.80000000000011,27.6139170917793,-23.5522408925583));
#13020=CARTESIAN_POINT('Ctrl Pts',(-6.80000000000011,27.6655390271088,-23.5291708920807));
#13021=CARTESIAN_POINT('Ctrl Pts',(-6.80000000000011,27.7727050837603,-23.4812780542329));
#13022=CARTESIAN_POINT('Ctrl Pts',(-6.80000000000011,27.8900622208068,-23.4759013025983));
#13023=CARTESIAN_POINT('Ctrl Pts',(-6.80000000000011,27.9508883747383,-23.473114534526));
#13024=CARTESIAN_POINT('',(-7.60000000000011,27.9508883747383,-23.473114534526));
#13025=CARTESIAN_POINT('Ctrl Pts',(-7.60000000000011,27.9508883747383,-23.473114534526));
#13026=CARTESIAN_POINT('Ctrl Pts',(-7.60000000000011,27.8900622208068,-23.4759013025983));
#13027=CARTESIAN_POINT('Ctrl Pts',(-7.60000000000011,27.7727050837603,-23.4812780542329));
#13028=CARTESIAN_POINT('Ctrl Pts',(-7.60000000000011,27.6655390271088,-23.5291708920807));
#13029=CARTESIAN_POINT('Ctrl Pts',(-7.60000000000011,27.6139170917793,-23.5522408925583));
#13030=CARTESIAN_POINT('',(-6.80000000000011,27.9508883747383,-23.473114534526));
#13031=CARTESIAN_POINT('Ctrl Pts',(-6.80000000000011,28.3397013935372,-23.5877116166641));
#13032=CARTESIAN_POINT('Ctrl Pts',(-7.60000000000011,28.3397013935372,-23.5877116166641));
#13033=CARTESIAN_POINT('Ctrl Pts',(-6.80000000000011,28.2812161424512,-23.5542952845993));
#13034=CARTESIAN_POINT('Ctrl Pts',(-7.60000000000011,28.2812161424512,-23.5542952845993));
#13035=CARTESIAN_POINT('Ctrl Pts',(-6.80000000000011,28.1607837159035,-23.4854846035786));
#13036=CARTESIAN_POINT('Ctrl Pts',(-7.60000000000011,28.1607837159035,-23.4854846035786));
#13037=CARTESIAN_POINT('Ctrl Pts',(-6.80000000000011,28.0221815642425,-23.4773161603089));
#13038=CARTESIAN_POINT('Ctrl Pts',(-7.60000000000011,28.0221815642425,-23.4773161603089));
#13039=CARTESIAN_POINT('Ctrl Pts',(-6.80000000000011,27.9508883747383,-23.473114534526));
#13040=CARTESIAN_POINT('Ctrl Pts',(-7.60000000000011,27.9508883747383,-23.473114534526));
#13041=CARTESIAN_POINT('',(-6.80000000000011,28.3397013935372,-23.5877116166641));
#13042=CARTESIAN_POINT('Ctrl Pts',(-6.80000000000011,27.9508883747383,-23.473114534526));
#13043=CARTESIAN_POINT('Ctrl Pts',(-6.80000000000011,28.0221815642425,-23.4773161603089));
#13044=CARTESIAN_POINT('Ctrl Pts',(-6.80000000000011,28.1607837159035,-23.4854846035786));
#13045=CARTESIAN_POINT('Ctrl Pts',(-6.80000000000011,28.2812161424512,-23.5542952845993));
#13046=CARTESIAN_POINT('Ctrl Pts',(-6.80000000000011,28.3397013935372,-23.5877116166641));
#13047=CARTESIAN_POINT('',(-7.60000000000011,28.3397013935372,-23.5877116166641));
#13048=CARTESIAN_POINT('Ctrl Pts',(-7.60000000000011,28.3397013935372,-23.5877116166641));
#13049=CARTESIAN_POINT('Ctrl Pts',(-7.60000000000011,28.2812161424512,-23.5542952845993));
#13050=CARTESIAN_POINT('Ctrl Pts',(-7.60000000000011,28.1607837159035,-23.4854846035786));
#13051=CARTESIAN_POINT('Ctrl Pts',(-7.60000000000011,28.0221815642425,-23.4773161603089));
#13052=CARTESIAN_POINT('Ctrl Pts',(-7.60000000000011,27.9508883747383,-23.473114534526));
#13053=CARTESIAN_POINT('',(-6.80000000000011,28.3397013935372,-23.5877116166641));
#13054=CARTESIAN_POINT('Ctrl Pts',(-6.80000000000011,28.5716251525208,-23.9055831872513));
#13055=CARTESIAN_POINT('Ctrl Pts',(-7.60000000000011,28.5716251525208,-23.9055831872513));
#13056=CARTESIAN_POINT('Ctrl Pts',(-6.80000000000011,28.5457304619434,-23.8418577291974));
#13057=CARTESIAN_POINT('Ctrl Pts',(-7.60000000000011,28.5457304619434,-23.8418577291974));
#13058=CARTESIAN_POINT('Ctrl Pts',(-6.80000000000011,28.4948061010169,-23.7165355819237));
#13059=CARTESIAN_POINT('Ctrl Pts',(-7.60000000000011,28.4948061010169,-23.7165355819237));
#13060=CARTESIAN_POINT('Ctrl Pts',(-6.80000000000011,28.3908141472991,-23.6301638911433));
#13061=CARTESIAN_POINT('Ctrl Pts',(-7.60000000000011,28.3908141472991,-23.6301638911433));
#13062=CARTESIAN_POINT('Ctrl Pts',(-6.80000000000011,28.3397013935372,-23.5877116166641));
#13063=CARTESIAN_POINT('Ctrl Pts',(-7.60000000000011,28.3397013935372,-23.5877116166641));
#13064=CARTESIAN_POINT('',(-6.80000000000011,28.5716251525208,-23.9055831872513));
#13065=CARTESIAN_POINT('Ctrl Pts',(-6.80000000000011,28.3397013935372,-23.5877116166641));
#13066=CARTESIAN_POINT('Ctrl Pts',(-6.80000000000011,28.3908141472991,-23.6301638911433));
#13067=CARTESIAN_POINT('Ctrl Pts',(-6.80000000000011,28.4948061010169,-23.7165355819237));
#13068=CARTESIAN_POINT('Ctrl Pts',(-6.80000000000011,28.5457304619434,-23.8418577291974));
#13069=CARTESIAN_POINT('Ctrl Pts',(-6.80000000000011,28.5716251525208,-23.9055831872513));
#13070=CARTESIAN_POINT('',(-7.60000000000011,28.5716251525208,-23.9055831872513));
#13071=CARTESIAN_POINT('Ctrl Pts',(-7.60000000000011,28.5716251525208,-23.9055831872513));
#13072=CARTESIAN_POINT('Ctrl Pts',(-7.60000000000011,28.5457304619434,-23.8418577291974));
#13073=CARTESIAN_POINT('Ctrl Pts',(-7.60000000000011,28.4948061010169,-23.7165355819237));
#13074=CARTESIAN_POINT('Ctrl Pts',(-7.60000000000011,28.3908141472991,-23.6301638911433));
#13075=CARTESIAN_POINT('Ctrl Pts',(-7.60000000000011,28.3397013935372,-23.5877116166641));
#13076=CARTESIAN_POINT('',(-6.80000000000011,28.5716251525208,-23.9055831872513));
#13077=CARTESIAN_POINT('Ctrl Pts',(-6.8000000000001,28.6384738477989,-24.4908495389511));
#13078=CARTESIAN_POINT('Ctrl Pts',(-7.6000000000001,28.6384738477989,-24.4908495389511));
#13079=CARTESIAN_POINT('Ctrl Pts',(-6.8000000000001,28.6376887103209,-24.3778131881142));
#13080=CARTESIAN_POINT('Ctrl Pts',(-7.6000000000001,28.6376887103209,-24.3778131881142));
#13081=CARTESIAN_POINT('Ctrl Pts',(-6.80000000000011,28.6363154690576,-24.1801074543422));
#13082=CARTESIAN_POINT('Ctrl Pts',(-7.60000000000011,28.6363154690576,-24.1801074543422));
#13083=CARTESIAN_POINT('Ctrl Pts',(-6.80000000000011,28.5910223616195,-23.9878985150547));
#13084=CARTESIAN_POINT('Ctrl Pts',(-7.60000000000011,28.5910223616195,-23.9878985150547));
#13085=CARTESIAN_POINT('Ctrl Pts',(-6.80000000000011,28.5716251525208,-23.9055831872513));
#13086=CARTESIAN_POINT('Ctrl Pts',(-7.60000000000011,28.5716251525208,-23.9055831872513));
#13087=CARTESIAN_POINT('',(-6.8000000000001,28.6384738477989,-24.4908495389511));
#13088=CARTESIAN_POINT('Ctrl Pts',(-6.80000000000011,28.5716251525208,-23.9055831872513));
#13089=CARTESIAN_POINT('Ctrl Pts',(-6.80000000000011,28.5910223616195,-23.9878985150547));
#13090=CARTESIAN_POINT('Ctrl Pts',(-6.80000000000011,28.6363154690576,-24.1801074543422));
#13091=CARTESIAN_POINT('Ctrl Pts',(-6.8000000000001,28.6376887103209,-24.3778131881142));
#13092=CARTESIAN_POINT('Ctrl Pts',(-6.8000000000001,28.6384738477989,-24.4908495389511));
#13093=CARTESIAN_POINT('',(-7.6000000000001,28.6384738477989,-24.4908495389511));
#13094=CARTESIAN_POINT('Ctrl Pts',(-7.6000000000001,28.6384738477989,-24.4908495389511));
#13095=CARTESIAN_POINT('Ctrl Pts',(-7.6000000000001,28.6376887103209,-24.3778131881142));
#13096=CARTESIAN_POINT('Ctrl Pts',(-7.60000000000011,28.6363154690576,-24.1801074543422));
#13097=CARTESIAN_POINT('Ctrl Pts',(-7.60000000000011,28.5910223616195,-23.9878985150547));
#13098=CARTESIAN_POINT('Ctrl Pts',(-7.60000000000011,28.5716251525208,-23.9055831872513));
#13099=CARTESIAN_POINT('',(-6.8000000000001,28.6384738477989,-24.4908495389511));
#13100=CARTESIAN_POINT('Origin',(-6.8000000000001,28.6384738477989,-25.4158158742477));
#13101=CARTESIAN_POINT('',(-6.8000000000001,28.6384738477989,-25.4158158742477));
#13102=CARTESIAN_POINT('',(-6.8000000000001,28.6384738477989,-25.0253317711466));
#13103=CARTESIAN_POINT('',(-7.6000000000001,28.6384738477989,-25.4158158742477));
#13104=CARTESIAN_POINT('',(-7.6000000000001,28.6384738477989,-24.4908495389511));
#13105=CARTESIAN_POINT('',(-6.8000000000001,28.6384738477989,-25.4158158742477));
#13106=CARTESIAN_POINT('Origin',(-6.8000000000001,27.2633031997009,-25.4158158742477));
#13107=CARTESIAN_POINT('',(-6.8000000000001,31.1066514890231,-25.4158158742477));
#13108=CARTESIAN_POINT('',(-7.6000000000001,28.6384738477989,-25.4158158742477));
#13109=CARTESIAN_POINT('Origin',(-6.8000000000001,30.7912705334946,-25.9451468431045));
#13110=CARTESIAN_POINT('',(-7.6000000000001,26.7912704738899,-25.9451468431045));
#13111=CARTESIAN_POINT('',(-6.8000000000001,26.7912704738899,-25.9451468431045));
#13112=CARTESIAN_POINT('',(-7.6000000000001,30.7912705334946,-25.9451468431045));
#13113=CARTESIAN_POINT('',(-7.6000000000001,26.7912704738899,-25.9451468431045));
#13114=CARTESIAN_POINT('',(-6.8000000000001,30.7912705334946,-25.9451468431045));
#13115=CARTESIAN_POINT('Origin',(-6.8000000000001,30.7912705334946,-24.4444652043869));
#13116=CARTESIAN_POINT('',(-7.6000000000001,30.7912705334946,-24.4444652043869));
#13117=CARTESIAN_POINT('',(-7.6000000000001,30.7912705334946,-25.9451468431045));
#13118=CARTESIAN_POINT('',(-6.8000000000001,30.7912705334946,-24.4444652043869));
#13119=CARTESIAN_POINT('Ctrl Pts',(-6.80000000000011,30.669851699762,-23.7091298543503));
#13120=CARTESIAN_POINT('Ctrl Pts',(-7.60000000000011,30.669851699762,-23.7091298543503));
#13121=CARTESIAN_POINT('Ctrl Pts',(-6.80000000000011,30.7051631813497,-23.815692103637));
#13122=CARTESIAN_POINT('Ctrl Pts',(-7.60000000000011,30.7051631813497,-23.815692103637));
#13123=CARTESIAN_POINT('Ctrl Pts',(-6.80000000000011,30.7841383510543,-24.0540217160785));
#13124=CARTESIAN_POINT('Ctrl Pts',(-7.60000000000011,30.7841383510543,-24.0540217160785));
#13125=CARTESIAN_POINT('Ctrl Pts',(-6.8000000000001,30.7887312291077,-24.3054537768213));
#13126=CARTESIAN_POINT('Ctrl Pts',(-7.6000000000001,30.7887312291077,-24.3054537768213));
#13127=CARTESIAN_POINT('Ctrl Pts',(-6.8000000000001,30.7912705334946,-24.4444652043869));
#13128=CARTESIAN_POINT('Ctrl Pts',(-7.6000000000001,30.7912705334946,-24.4444652043869));
#13129=CARTESIAN_POINT('',(-7.60000000000011,30.669851699762,-23.7091298543503));
#13130=CARTESIAN_POINT('Ctrl Pts',(-7.60000000000011,30.669851699762,-23.7091298543503));
#13131=CARTESIAN_POINT('Ctrl Pts',(-7.60000000000011,30.7051631813497,-23.815692103637));
#13132=CARTESIAN_POINT('Ctrl Pts',(-7.60000000000011,30.7841383510543,-24.0540217160785));
#13133=CARTESIAN_POINT('Ctrl Pts',(-7.6000000000001,30.7887312291077,-24.3054537768213));
#13134=CARTESIAN_POINT('Ctrl Pts',(-7.6000000000001,30.7912705334946,-24.4444652043869));
#13135=CARTESIAN_POINT('',(-6.80000000000011,30.669851699762,-23.7091298543503));
#13136=CARTESIAN_POINT('Ctrl Pts',(-6.80000000000011,30.2960453423782,-23.2752962552597));
#13137=CARTESIAN_POINT('Ctrl Pts',(-7.60000000000011,30.2960453423782,-23.2752962552597));
#13138=CARTESIAN_POINT('Ctrl Pts',(-6.80000000000011,30.3748105710234,-23.3328082583042));
#13139=CARTESIAN_POINT('Ctrl Pts',(-7.60000000000011,30.3748105710234,-23.3328082583042));
#13140=CARTESIAN_POINT('Ctrl Pts',(-6.80000000000011,30.5330776849218,-23.4483701489116));
#13141=CARTESIAN_POINT('Ctrl Pts',(-7.60000000000011,30.5330776849218,-23.4483701489116));
#13142=CARTESIAN_POINT('Ctrl Pts',(-6.80000000000011,30.6241191102644,-23.6219406570435));
#13143=CARTESIAN_POINT('Ctrl Pts',(-7.60000000000011,30.6241191102644,-23.6219406570436));
#13144=CARTESIAN_POINT('Ctrl Pts',(-6.80000000000011,30.669851699762,-23.7091298543503));
#13145=CARTESIAN_POINT('Ctrl Pts',(-7.60000000000011,30.669851699762,-23.7091298543503));
#13146=CARTESIAN_POINT('',(-7.60000000000011,30.2960453423782,-23.2752962552597));
#13147=CARTESIAN_POINT('Ctrl Pts',(-7.60000000000011,30.2960453423782,-23.2752962552597));
#13148=CARTESIAN_POINT('Ctrl Pts',(-7.60000000000011,30.3748105710234,-23.3328082583042));
#13149=CARTESIAN_POINT('Ctrl Pts',(-7.60000000000011,30.5330776849218,-23.4483701489116));
#13150=CARTESIAN_POINT('Ctrl Pts',(-7.60000000000011,30.6241191102644,-23.6219406570436));
#13151=CARTESIAN_POINT('Ctrl Pts',(-7.60000000000011,30.669851699762,-23.7091298543503));
#13152=CARTESIAN_POINT('',(-6.80000000000011,30.2960453423782,-23.2752962552597));
#13153=CARTESIAN_POINT('Ctrl Pts',(-6.80000000000011,29.7680781277939,-23.1184072934677));
#13154=CARTESIAN_POINT('Ctrl Pts',(-7.60000000000011,29.7680781277939,-23.1184072934677));
#13155=CARTESIAN_POINT('Ctrl Pts',(-6.80000000000011,29.8597784961031,-23.1254514510192));
#13156=CARTESIAN_POINT('Ctrl Pts',(-7.60000000000011,29.8597784961031,-23.1254514510192));
#13157=CARTESIAN_POINT('Ctrl Pts',(-6.80000000000011,30.046918503286,-23.1398270060915));
#13158=CARTESIAN_POINT('Ctrl Pts',(-7.60000000000011,30.046918503286,-23.1398270060915));
#13159=CARTESIAN_POINT('Ctrl Pts',(-6.80000000000011,30.2119041953122,-23.2295423009338));
#13160=CARTESIAN_POINT('Ctrl Pts',(-7.60000000000011,30.2119041953122,-23.2295423009338));
#13161=CARTESIAN_POINT('Ctrl Pts',(-6.80000000000011,30.2960453423782,-23.2752962552597));
#13162=CARTESIAN_POINT('Ctrl Pts',(-7.60000000000011,30.2960453423782,-23.2752962552597));
#13163=CARTESIAN_POINT('',(-7.60000000000011,29.7680781277939,-23.1184072934677));
#13164=CARTESIAN_POINT('Ctrl Pts',(-7.60000000000011,29.7680781277939,-23.1184072934677));
#13165=CARTESIAN_POINT('Ctrl Pts',(-7.60000000000011,29.8597784961031,-23.1254514510192));
#13166=CARTESIAN_POINT('Ctrl Pts',(-7.60000000000011,30.046918503286,-23.1398270060915));
#13167=CARTESIAN_POINT('Ctrl Pts',(-7.60000000000011,30.2119041953122,-23.2295423009338));
#13168=CARTESIAN_POINT('Ctrl Pts',(-7.60000000000011,30.2960453423782,-23.2752962552597));
#13169=CARTESIAN_POINT('',(-6.80000000000011,29.7680781277939,-23.1184072934677));
#13170=CARTESIAN_POINT('Ctrl Pts',(-6.80000000000011,29.2851311954781,-23.2575614892532));
#13171=CARTESIAN_POINT('Ctrl Pts',(-7.60000000000011,29.2851311954781,-23.2575614892532));
#13172=CARTESIAN_POINT('Ctrl Pts',(-6.80000000000011,29.3614593492642,-23.2169760440868));
#13173=CARTESIAN_POINT('Ctrl Pts',(-7.60000000000011,29.3614593492642,-23.2169760440868));
#13174=CARTESIAN_POINT('Ctrl Pts',(-6.80000000000011,29.5126866512592,-23.1365649890785));
#13175=CARTESIAN_POINT('Ctrl Pts',(-7.60000000000011,29.5126866512592,-23.1365649890785));
#13176=CARTESIAN_POINT('Ctrl Pts',(-6.80000000000011,29.6834856175635,-23.1244216094995));
#13177=CARTESIAN_POINT('Ctrl Pts',(-7.60000000000011,29.6834856175635,-23.1244216094995));
#13178=CARTESIAN_POINT('Ctrl Pts',(-6.80000000000011,29.7680781277939,-23.1184072934677));
#13179=CARTESIAN_POINT('Ctrl Pts',(-7.60000000000011,29.7680781277939,-23.1184072934677));
#13180=CARTESIAN_POINT('',(-7.60000000000011,29.2851311954781,-23.2575614892532));
#13181=CARTESIAN_POINT('Ctrl Pts',(-7.60000000000011,29.2851311954781,-23.2575614892532));
#13182=CARTESIAN_POINT('Ctrl Pts',(-7.60000000000011,29.3614593492642,-23.2169760440868));
#13183=CARTESIAN_POINT('Ctrl Pts',(-7.60000000000011,29.5126866512592,-23.1365649890785));
#13184=CARTESIAN_POINT('Ctrl Pts',(-7.60000000000011,29.6834856175635,-23.1244216094995));
#13185=CARTESIAN_POINT('Ctrl Pts',(-7.60000000000011,29.7680781277939,-23.1184072934677));
#13186=CARTESIAN_POINT('',(-6.80000000000011,29.2851311954781,-23.2575614892532));
#13187=CARTESIAN_POINT('Ctrl Pts',(-6.80000000000011,28.9195103439613,-23.6777527772476));
#13188=CARTESIAN_POINT('Ctrl Pts',(-7.60000000000011,28.9195103439613,-23.6777527772476));
#13189=CARTESIAN_POINT('Ctrl Pts',(-6.80000000000011,28.9677456124216,-23.5911164689414));
#13190=CARTESIAN_POINT('Ctrl Pts',(-7.60000000000011,28.9677456124216,-23.5911164689414));
#13191=CARTESIAN_POINT('Ctrl Pts',(-6.80000000000011,29.0601732244266,-23.4251054287773));
#13192=CARTESIAN_POINT('Ctrl Pts',(-7.60000000000011,29.0601732244266,-23.4251054287773));
#13193=CARTESIAN_POINT('Ctrl Pts',(-6.80000000000011,29.2123642274328,-23.3117567882086));
#13194=CARTESIAN_POINT('Ctrl Pts',(-7.60000000000011,29.2123642274328,-23.3117567882086));
#13195=CARTESIAN_POINT('Ctrl Pts',(-6.80000000000011,29.2851311954781,-23.2575614892532));
#13196=CARTESIAN_POINT('Ctrl Pts',(-7.60000000000011,29.2851311954781,-23.2575614892532));
#13197=CARTESIAN_POINT('',(-7.60000000000011,28.9195103439613,-23.6777527772476));
#13198=CARTESIAN_POINT('Ctrl Pts',(-7.60000000000011,28.9195103439613,-23.6777527772476));
#13199=CARTESIAN_POINT('Ctrl Pts',(-7.60000000000011,28.9677456124216,-23.5911164689414));
#13200=CARTESIAN_POINT('Ctrl Pts',(-7.60000000000011,29.0601732244266,-23.4251054287773));
#13201=CARTESIAN_POINT('Ctrl Pts',(-7.60000000000011,29.2123642274328,-23.3117567882086));
#13202=CARTESIAN_POINT('Ctrl Pts',(-7.60000000000011,29.2851311954781,-23.2575614892532));
#13203=CARTESIAN_POINT('',(-6.80000000000011,28.9195103439613,-23.6777527772476));
#13204=CARTESIAN_POINT('Ctrl Pts',(-6.80000000000011,28.5566181930824,-23.1197710477401));
#13205=CARTESIAN_POINT('Ctrl Pts',(-7.60000000000011,28.5566181930824,-23.1197710477402));
#13206=CARTESIAN_POINT('Ctrl Pts',(-6.80000000000011,28.6365372194198,-23.1942069348965));
#13207=CARTESIAN_POINT('Ctrl Pts',(-7.60000000000011,28.6365372194198,-23.1942069348965));
#13208=CARTESIAN_POINT('Ctrl Pts',(-6.80000000000011,28.8035673425548,-23.3497773411839));
#13209=CARTESIAN_POINT('Ctrl Pts',(-7.60000000000011,28.8035673425548,-23.3497773411839));
#13210=CARTESIAN_POINT('Ctrl Pts',(-6.80000000000011,28.8797689670166,-23.565333784509));
#13211=CARTESIAN_POINT('Ctrl Pts',(-7.60000000000011,28.8797689670166,-23.565333784509));
#13212=CARTESIAN_POINT('Ctrl Pts',(-6.80000000000011,28.9195103439613,-23.6777527772476));
#13213=CARTESIAN_POINT('Ctrl Pts',(-7.60000000000011,28.9195103439613,-23.6777527772476));
#13214=CARTESIAN_POINT('',(-7.60000000000011,28.5566181930824,-23.1197710477402));
#13215=CARTESIAN_POINT('Ctrl Pts',(-7.60000000000011,28.5566181930824,-23.1197710477402));
#13216=CARTESIAN_POINT('Ctrl Pts',(-7.60000000000011,28.6365372194198,-23.1942069348965));
#13217=CARTESIAN_POINT('Ctrl Pts',(-7.60000000000011,28.8035673425548,-23.3497773411839));
#13218=CARTESIAN_POINT('Ctrl Pts',(-7.60000000000011,28.8797689670166,-23.565333784509));
#13219=CARTESIAN_POINT('Ctrl Pts',(-7.60000000000011,28.9195103439613,-23.6777527772476));
#13220=CARTESIAN_POINT('',(-6.80000000000011,28.5566181930824,-23.1197710477401));
#13221=CARTESIAN_POINT('Ctrl Pts',(-6.80000000000011,27.9508883747383,-22.9246826612045));
#13222=CARTESIAN_POINT('Ctrl Pts',(-7.60000000000011,27.9508883747383,-22.9246826612045));
#13223=CARTESIAN_POINT('Ctrl Pts',(-6.80000000000011,28.0624637968326,-22.9320797424303));
#13224=CARTESIAN_POINT('Ctrl Pts',(-7.60000000000011,28.0624637968326,-22.9320797424303));
#13225=CARTESIAN_POINT('Ctrl Pts',(-6.80000000000011,28.2808593718762,-22.9465586462751));
#13226=CARTESIAN_POINT('Ctrl Pts',(-7.60000000000011,28.2808593718762,-22.9465586462751));
#13227=CARTESIAN_POINT('Ctrl Pts',(-6.80000000000011,28.4660426245509,-23.0628778115753));
#13228=CARTESIAN_POINT('Ctrl Pts',(-7.60000000000011,28.4660426245509,-23.0628778115753));
#13229=CARTESIAN_POINT('Ctrl Pts',(-6.80000000000011,28.5566181930824,-23.1197710477401));
#13230=CARTESIAN_POINT('Ctrl Pts',(-7.60000000000011,28.5566181930824,-23.1197710477402));
#13231=CARTESIAN_POINT('',(-7.60000000000011,27.9508883747383,-22.9246826612045));
#13232=CARTESIAN_POINT('Ctrl Pts',(-7.60000000000011,27.9508883747383,-22.9246826612045));
#13233=CARTESIAN_POINT('Ctrl Pts',(-7.60000000000011,28.0624637968326,-22.9320797424303));
#13234=CARTESIAN_POINT('Ctrl Pts',(-7.60000000000011,28.2808593718762,-22.9465586462751));
#13235=CARTESIAN_POINT('Ctrl Pts',(-7.60000000000011,28.4660426245509,-23.0628778115753));
#13236=CARTESIAN_POINT('Ctrl Pts',(-7.60000000000011,28.5566181930824,-23.1197710477402));
#13237=CARTESIAN_POINT('',(-6.80000000000011,27.9508883747383,-22.9246826612045));
#13238=CARTESIAN_POINT('Ctrl Pts',(-6.80000000000011,27.4283782634064,-23.0433733903457));
#13239=CARTESIAN_POINT('Ctrl Pts',(-7.60000000000011,27.4283782634064,-23.0433733903457));
#13240=CARTESIAN_POINT('Ctrl Pts',(-6.80000000000011,27.5110363535498,-23.0087563652519));
#13241=CARTESIAN_POINT('Ctrl Pts',(-7.60000000000011,27.5110363535498,-23.0087563652519));
#13242=CARTESIAN_POINT('Ctrl Pts',(-6.80000000000011,27.6782444815179,-22.9387299715654));
#13243=CARTESIAN_POINT('Ctrl Pts',(-7.60000000000011,27.6782444815179,-22.9387299715654));
#13244=CARTESIAN_POINT('Ctrl Pts',(-6.80000000000011,27.8593241094369,-22.9294002862262));
#13245=CARTESIAN_POINT('Ctrl Pts',(-7.60000000000011,27.8593241094369,-22.9294002862262));
#13246=CARTESIAN_POINT('Ctrl Pts',(-6.80000000000011,27.9508883747383,-22.9246826612045));
#13247=CARTESIAN_POINT('Ctrl Pts',(-7.60000000000011,27.9508883747383,-22.9246826612045));
#13248=CARTESIAN_POINT('',(-7.60000000000011,27.4283782634064,-23.0433733903457));
#13249=CARTESIAN_POINT('Ctrl Pts',(-7.60000000000011,27.4283782634064,-23.0433733903457));
#13250=CARTESIAN_POINT('Ctrl Pts',(-7.60000000000011,27.5110363535498,-23.0087563652519));
#13251=CARTESIAN_POINT('Ctrl Pts',(-7.60000000000011,27.6782444815179,-22.9387299715654));
#13252=CARTESIAN_POINT('Ctrl Pts',(-7.60000000000011,27.8593241094369,-22.9294002862262));
#13253=CARTESIAN_POINT('Ctrl Pts',(-7.60000000000011,27.9508883747383,-22.9246826612045));
#13254=CARTESIAN_POINT('',(-6.80000000000011,27.4283782634064,-23.0433733903457));
#13255=CARTESIAN_POINT('Ctrl Pts',(-6.80000000000011,27.0559359583183,-23.3366890393783));
#13256=CARTESIAN_POINT('Ctrl Pts',(-7.60000000000011,27.0559359583183,-23.3366890393783));
#13257=CARTESIAN_POINT('Ctrl Pts',(-6.80000000000011,27.1061826537807,-23.2798612848727));
#13258=CARTESIAN_POINT('Ctrl Pts',(-7.60000000000011,27.1061826537807,-23.2798612848727));
#13259=CARTESIAN_POINT('Ctrl Pts',(-6.80000000000011,27.2124461538416,-23.1596799268987));
#13260=CARTESIAN_POINT('Ctrl Pts',(-7.60000000000011,27.2124461538416,-23.1596799268987));
#13261=CARTESIAN_POINT('Ctrl Pts',(-6.80000000000011,27.3538416348646,-23.0835207178067));
#13262=CARTESIAN_POINT('Ctrl Pts',(-7.60000000000011,27.3538416348646,-23.0835207178067));
#13263=CARTESIAN_POINT('Ctrl Pts',(-6.80000000000011,27.4283782634064,-23.0433733903457));
#13264=CARTESIAN_POINT('Ctrl Pts',(-7.60000000000011,27.4283782634064,-23.0433733903457));
#13265=CARTESIAN_POINT('',(-7.60000000000011,27.0559359583183,-23.3366890393783));
#13266=CARTESIAN_POINT('Ctrl Pts',(-7.60000000000011,27.0559359583183,-23.3366890393783));
#13267=CARTESIAN_POINT('Ctrl Pts',(-7.60000000000011,27.1061826537807,-23.2798612848727));
#13268=CARTESIAN_POINT('Ctrl Pts',(-7.60000000000011,27.2124461538416,-23.1596799268987));
#13269=CARTESIAN_POINT('Ctrl Pts',(-7.60000000000011,27.3538416348646,-23.0835207178067));
#13270=CARTESIAN_POINT('Ctrl Pts',(-7.60000000000011,27.4283782634064,-23.0433733903457));
#13271=CARTESIAN_POINT('',(-6.80000000000011,27.0559359583183,-23.3366890393783));
#13272=CARTESIAN_POINT('Ctrl Pts',(-6.80000000000011,26.8581188711449,-23.7746150933792));
#13273=CARTESIAN_POINT('Ctrl Pts',(-7.60000000000011,26.8581188711449,-23.7746150933792));
#13274=CARTESIAN_POINT('Ctrl Pts',(-6.80000000000011,26.8817220577212,-23.6923935278262));
#13275=CARTESIAN_POINT('Ctrl Pts',(-7.60000000000011,26.8817220577212,-23.6923935278262));
#13276=CARTESIAN_POINT('Ctrl Pts',(-6.80000000000011,26.9264219490361,-23.5366817118783));
#13277=CARTESIAN_POINT('Ctrl Pts',(-7.60000000000011,26.9264219490361,-23.5366817118783));
#13278=CARTESIAN_POINT('Ctrl Pts',(-6.80000000000011,27.0144092080422,-23.4008137299349));
#13279=CARTESIAN_POINT('Ctrl Pts',(-7.60000000000011,27.0144092080422,-23.4008137299349));
#13280=CARTESIAN_POINT('Ctrl Pts',(-6.80000000000011,27.0559359583183,-23.3366890393783));
#13281=CARTESIAN_POINT('Ctrl Pts',(-7.60000000000011,27.0559359583183,-23.3366890393783));
#13282=CARTESIAN_POINT('',(-7.60000000000011,26.8581188711449,-23.7746150933792));
#13283=CARTESIAN_POINT('Ctrl Pts',(-7.60000000000011,26.8581188711449,-23.7746150933792));
#13284=CARTESIAN_POINT('Ctrl Pts',(-7.60000000000011,26.8817220577212,-23.6923935278262));
#13285=CARTESIAN_POINT('Ctrl Pts',(-7.60000000000011,26.9264219490361,-23.5366817118783));
#13286=CARTESIAN_POINT('Ctrl Pts',(-7.60000000000011,27.0144092080422,-23.4008137299349));
#13287=CARTESIAN_POINT('Ctrl Pts',(-7.60000000000011,27.0559359583183,-23.3366890393783));
#13288=CARTESIAN_POINT('',(-6.80000000000011,26.8581188711449,-23.7746150933792));
#13289=CARTESIAN_POINT('Ctrl Pts',(-6.8000000000001,26.7912704738899,-24.4199080907394));
#13290=CARTESIAN_POINT('Ctrl Pts',(-7.6000000000001,26.7912704738899,-24.4199080907394));
#13291=CARTESIAN_POINT('Ctrl Pts',(-6.8000000000001,26.7929715014946,-24.3020469774416));
#13292=CARTESIAN_POINT('Ctrl Pts',(-7.6000000000001,26.7929715014946,-24.3020469774416));
#13293=CARTESIAN_POINT('Ctrl Pts',(-6.80000000000011,26.7961059803814,-24.0848646282594));
#13294=CARTESIAN_POINT('Ctrl Pts',(-7.60000000000011,26.7961059803814,-24.0848646282594));
#13295=CARTESIAN_POINT('Ctrl Pts',(-6.80000000000011,26.8386587536549,-23.8719737606763));
#13296=CARTESIAN_POINT('Ctrl Pts',(-7.60000000000011,26.8386587536549,-23.8719737606763));
#13297=CARTESIAN_POINT('Ctrl Pts',(-6.80000000000011,26.8581188711449,-23.7746150933792));
#13298=CARTESIAN_POINT('Ctrl Pts',(-7.60000000000011,26.8581188711449,-23.7746150933792));
#13299=CARTESIAN_POINT('',(-7.6000000000001,26.7912704738899,-24.4199080907394));
#13300=CARTESIAN_POINT('Ctrl Pts',(-7.6000000000001,26.7912704738899,-24.4199080907394));
#13301=CARTESIAN_POINT('Ctrl Pts',(-7.6000000000001,26.7929715014946,-24.3020469774416));
#13302=CARTESIAN_POINT('Ctrl Pts',(-7.60000000000011,26.7961059803814,-24.0848646282594));
#13303=CARTESIAN_POINT('Ctrl Pts',(-7.60000000000011,26.8386587536549,-23.8719737606763));
#13304=CARTESIAN_POINT('Ctrl Pts',(-7.60000000000011,26.8581188711449,-23.7746150933792));
#13305=CARTESIAN_POINT('',(-6.8000000000001,26.7912704738899,-24.4199080907394));
#13306=CARTESIAN_POINT('Origin',(-6.8000000000001,26.7912704738899,-25.9451468431045));
#13307=CARTESIAN_POINT('',(-7.6000000000001,26.7912704738899,-24.4199080907394));
#13308=CARTESIAN_POINT('Origin',(-7.6000000000001,28.7912705036923,-25.1033996932794));
#13309=CARTESIAN_POINT('Origin',(-6.8000000000001,34.9499997783452,-24.6348476680455));
#13310=CARTESIAN_POINT('Origin',(-6.8000000000001,34.9499997783452,-24.6348476680455));
#13311=CARTESIAN_POINT('Origin',(-6.8000000000001,30.8594832810684,-26.7473288022567));
#13312=CARTESIAN_POINT('',(-7.60000000000009,26.7230577263161,-27.9069467031051));
#13313=CARTESIAN_POINT('',(-6.80000000000009,26.7230577263161,-27.9069467031051));
#13314=CARTESIAN_POINT('',(-7.6000000000001,30.8594832810684,-26.7473288022568));
#13315=CARTESIAN_POINT('',(-7.60000000000009,26.7230577263161,-27.9069467031051));
#13316=CARTESIAN_POINT('',(-6.8000000000001,30.8594832810684,-26.7473288022567));
#13317=CARTESIAN_POINT('Origin',(-6.8000000000001,30.8594832810684,-26.3544233285476));
#13318=CARTESIAN_POINT('',(-7.6000000000001,30.8594832810684,-26.3544233285476));
#13319=CARTESIAN_POINT('',(-7.6000000000001,30.8594832810684,-26.7473288022568));
#13320=CARTESIAN_POINT('',(-6.8000000000001,30.8594832810684,-26.3544233285476));
#13321=CARTESIAN_POINT('Origin',(-6.8000000000001,26.7230577263161,-27.5113125287582));
#13322=CARTESIAN_POINT('',(-7.6000000000001,26.7230577263161,-27.5113125287582));
#13323=CARTESIAN_POINT('',(-7.6000000000001,30.8594832810684,-26.3544233285476));
#13324=CARTESIAN_POINT('',(-6.8000000000001,26.7230577263161,-27.5113125287582));
#13325=CARTESIAN_POINT('Origin',(-6.80000000000009,26.7230577263161,-27.9069467031051));
#13326=CARTESIAN_POINT('',(-7.6000000000001,26.7230577263161,-27.5113125287582));
#13327=CARTESIAN_POINT('Origin',(-7.60000000000011,28.7912705036923,-25.1033996932794));
#13328=CARTESIAN_POINT('Origin',(-6.80000000000008,29.6889511737152,-32.8182695948173));
#13329=CARTESIAN_POINT('',(-7.60000000000008,29.6889511737152,-33.3094020330002));
#13330=CARTESIAN_POINT('',(-6.80000000000008,29.6889511737152,-33.3094020330002));
#13331=CARTESIAN_POINT('',(-7.60000000000008,29.6889511737152,-32.8182695948173));
#13332=CARTESIAN_POINT('',(-7.60000000000008,29.6889511737152,-33.3094020330002));
#13333=CARTESIAN_POINT('',(-6.80000000000008,29.6889511737152,-32.8182695948173));
#13334=CARTESIAN_POINT('Origin',(-6.80000000000008,28.4365637096687,-32.8182695948173));
#13335=CARTESIAN_POINT('',(-7.60000000000008,28.4365637096687,-32.8182695948173));
#13336=CARTESIAN_POINT('',(-7.60000000000008,29.6889511737152,-32.8182695948173));
#13337=CARTESIAN_POINT('',(-6.80000000000008,28.4365637096687,-32.8182695948173));
#13338=CARTESIAN_POINT('Ctrl Pts',(-6.80000000000008,28.5266048702522,-32.4894841157486));
#13339=CARTESIAN_POINT('Ctrl Pts',(-7.60000000000008,28.5266048702522,-32.4894841157486));
#13340=CARTESIAN_POINT('Ctrl Pts',(-6.80000000000008,28.500505615671,-32.531473947326));
#13341=CARTESIAN_POINT('Ctrl Pts',(-7.60000000000008,28.500505615671,-32.531473947326));
#13342=CARTESIAN_POINT('Ctrl Pts',(-6.80000000000008,28.4384738543141,-32.6312738555463));
#13343=CARTESIAN_POINT('Ctrl Pts',(-7.60000000000008,28.4384738543141,-32.6312738555464));
#13344=CARTESIAN_POINT('Ctrl Pts',(-6.80000000000008,28.4372643353838,-32.7496810594619));
#13345=CARTESIAN_POINT('Ctrl Pts',(-7.60000000000008,28.4372643353838,-32.7496810594619));
#13346=CARTESIAN_POINT('Ctrl Pts',(-6.80000000000008,28.4365637096687,-32.8182695948173));
#13347=CARTESIAN_POINT('Ctrl Pts',(-7.60000000000008,28.4365637096687,-32.8182695948173));
#13348=CARTESIAN_POINT('',(-7.60000000000008,28.5266048702522,-32.4894841157486));
#13349=CARTESIAN_POINT('Ctrl Pts',(-7.60000000000008,28.5266048702522,-32.4894841157486));
#13350=CARTESIAN_POINT('Ctrl Pts',(-7.60000000000008,28.500505615671,-32.531473947326));
#13351=CARTESIAN_POINT('Ctrl Pts',(-7.60000000000008,28.4384738543141,-32.6312738555464));
#13352=CARTESIAN_POINT('Ctrl Pts',(-7.60000000000008,28.4372643353838,-32.7496810594619));
#13353=CARTESIAN_POINT('Ctrl Pts',(-7.60000000000008,28.4365637096687,-32.8182695948173));
#13354=CARTESIAN_POINT('',(-6.80000000000008,28.5266048702522,-32.4894841157486));
#13355=CARTESIAN_POINT('Ctrl Pts',(-6.80000000000008,29.0504790338799,-32.2125400744964));
#13356=CARTESIAN_POINT('Ctrl Pts',(-7.60000000000008,29.0504790338799,-32.2125400744964));
#13357=CARTESIAN_POINT('Ctrl Pts',(-6.80000000000008,28.9314858190617,-32.2606455921433));
#13358=CARTESIAN_POINT('Ctrl Pts',(-7.60000000000008,28.9314858190617,-32.2606455921433));
#13359=CARTESIAN_POINT('Ctrl Pts',(-6.80000000000008,28.7469855639085,-32.335233712934));
#13360=CARTESIAN_POINT('Ctrl Pts',(-7.60000000000008,28.7469855639085,-32.335233712934));
#13361=CARTESIAN_POINT('Ctrl Pts',(-6.80000000000008,28.5843491331155,-32.4490673457534));
#13362=CARTESIAN_POINT('Ctrl Pts',(-7.60000000000008,28.5843491331155,-32.4490673457534));
#13363=CARTESIAN_POINT('Ctrl Pts',(-6.80000000000008,28.5266048702522,-32.4894841157486));
#13364=CARTESIAN_POINT('Ctrl Pts',(-7.60000000000008,28.5266048702522,-32.4894841157486));
#13365=CARTESIAN_POINT('',(-7.60000000000008,29.0504790338799,-32.2125400744964));
#13366=CARTESIAN_POINT('Ctrl Pts',(-7.60000000000008,29.0504790338799,-32.2125400744964));
#13367=CARTESIAN_POINT('Ctrl Pts',(-7.60000000000008,28.9314858190617,-32.2606455921433));
#13368=CARTESIAN_POINT('Ctrl Pts',(-7.60000000000008,28.7469855639085,-32.335233712934));
#13369=CARTESIAN_POINT('Ctrl Pts',(-7.60000000000008,28.5843491331155,-32.4490673457534));
#13370=CARTESIAN_POINT('Ctrl Pts',(-7.60000000000008,28.5266048702522,-32.4894841157486));
#13371=CARTESIAN_POINT('',(-6.80000000000008,29.0504790338799,-32.2125400744964));
#13372=CARTESIAN_POINT('Ctrl Pts',(-6.80000000000008,29.5034123453423,-31.9778879128982));
#13373=CARTESIAN_POINT('Ctrl Pts',(-7.60000000000008,29.5034123453423,-31.9778879128982));
#13374=CARTESIAN_POINT('Ctrl Pts',(-6.80000000000008,29.4482139376102,-32.0138225567764));
#13375=CARTESIAN_POINT('Ctrl Pts',(-7.60000000000008,29.4482139376102,-32.0138225567764));
#13376=CARTESIAN_POINT('Ctrl Pts',(-6.80000000000008,29.305211071241,-32.1069186674736));
#13377=CARTESIAN_POINT('Ctrl Pts',(-7.60000000000008,29.305211071241,-32.1069186674736));
#13378=CARTESIAN_POINT('Ctrl Pts',(-6.80000000000008,29.1473850078884,-32.1723592420039));
#13379=CARTESIAN_POINT('Ctrl Pts',(-7.60000000000008,29.1473850078884,-32.1723592420039));
#13380=CARTESIAN_POINT('Ctrl Pts',(-6.80000000000008,29.0504790338799,-32.2125400744964));
#13381=CARTESIAN_POINT('Ctrl Pts',(-7.60000000000008,29.0504790338799,-32.2125400744964));
#13382=CARTESIAN_POINT('',(-7.60000000000008,29.5034123453423,-31.9778879128982));
#13383=CARTESIAN_POINT('Ctrl Pts',(-7.60000000000008,29.5034123453423,-31.9778879128982));
#13384=CARTESIAN_POINT('Ctrl Pts',(-7.60000000000008,29.4482139376102,-32.0138225567764));
#13385=CARTESIAN_POINT('Ctrl Pts',(-7.60000000000008,29.305211071241,-32.1069186674736));
#13386=CARTESIAN_POINT('Ctrl Pts',(-7.60000000000008,29.1473850078884,-32.1723592420039));
#13387=CARTESIAN_POINT('Ctrl Pts',(-7.60000000000008,29.0504790338799,-32.2125400744964));
#13388=CARTESIAN_POINT('',(-6.80000000000008,29.5034123453423,-31.9778879128982));
#13389=CARTESIAN_POINT('Ctrl Pts',(-6.80000000000009,29.6507520469948,-31.7705209695389));
#13390=CARTESIAN_POINT('Ctrl Pts',(-7.60000000000008,29.6507520469948,-31.7705209695389));
#13391=CARTESIAN_POINT('Ctrl Pts',(-6.80000000000008,29.6344417867021,-31.8089962127065));
#13392=CARTESIAN_POINT('Ctrl Pts',(-7.60000000000008,29.6344417867021,-31.8089962127065));
#13393=CARTESIAN_POINT('Ctrl Pts',(-6.80000000000008,29.6005930502197,-31.8888440105774));
#13394=CARTESIAN_POINT('Ctrl Pts',(-7.60000000000008,29.6005930502197,-31.8888440105774));
#13395=CARTESIAN_POINT('Ctrl Pts',(-6.80000000000008,29.5365801586943,-31.9474971935056));
#13396=CARTESIAN_POINT('Ctrl Pts',(-7.60000000000008,29.5365801586943,-31.9474971935056));
#13397=CARTESIAN_POINT('Ctrl Pts',(-6.80000000000008,29.5034123453423,-31.9778879128982));
#13398=CARTESIAN_POINT('Ctrl Pts',(-7.60000000000008,29.5034123453423,-31.9778879128982));
#13399=CARTESIAN_POINT('',(-7.60000000000008,29.6507520469948,-31.7705209695389));
#13400=CARTESIAN_POINT('Ctrl Pts',(-7.60000000000008,29.6507520469948,-31.7705209695389));
#13401=CARTESIAN_POINT('Ctrl Pts',(-7.60000000000008,29.6344417867021,-31.8089962127065));
#13402=CARTESIAN_POINT('Ctrl Pts',(-7.60000000000008,29.6005930502197,-31.8888440105774));
#13403=CARTESIAN_POINT('Ctrl Pts',(-7.60000000000008,29.5365801586943,-31.9474971935056));
#13404=CARTESIAN_POINT('Ctrl Pts',(-7.60000000000008,29.5034123453423,-31.9778879128982));
#13405=CARTESIAN_POINT('',(-6.80000000000009,29.6507520469948,-31.7705209695389));
#13406=CARTESIAN_POINT('Ctrl Pts',(-6.80000000000009,29.6889511737152,-31.3939859115173));
#13407=CARTESIAN_POINT('Ctrl Pts',(-7.60000000000009,29.6889511737152,-31.3939859115173));
#13408=CARTESIAN_POINT('Ctrl Pts',(-6.80000000000009,29.6888883201367,-31.4689225146602));
#13409=CARTESIAN_POINT('Ctrl Pts',(-7.60000000000008,29.6888883201367,-31.4689225146602));
#13410=CARTESIAN_POINT('Ctrl Pts',(-6.80000000000009,29.6887818337593,-31.5958799224389));
#13411=CARTESIAN_POINT('Ctrl Pts',(-7.60000000000008,29.6887818337593,-31.5958799224389));
#13412=CARTESIAN_POINT('Ctrl Pts',(-6.80000000000009,29.6618055717838,-31.7197607810778));
#13413=CARTESIAN_POINT('Ctrl Pts',(-7.60000000000008,29.6618055717838,-31.7197607810778));
#13414=CARTESIAN_POINT('Ctrl Pts',(-6.80000000000009,29.6507520469948,-31.7705209695389));
#13415=CARTESIAN_POINT('Ctrl Pts',(-7.60000000000008,29.6507520469948,-31.7705209695389));
#13416=CARTESIAN_POINT('',(-7.60000000000009,29.6889511737152,-31.3939859115173));
#13417=CARTESIAN_POINT('Ctrl Pts',(-7.60000000000009,29.6889511737152,-31.3939859115173));
#13418=CARTESIAN_POINT('Ctrl Pts',(-7.60000000000008,29.6888883201367,-31.4689225146602));
#13419=CARTESIAN_POINT('Ctrl Pts',(-7.60000000000008,29.6887818337593,-31.5958799224389));
#13420=CARTESIAN_POINT('Ctrl Pts',(-7.60000000000008,29.6618055717838,-31.7197607810778));
#13421=CARTESIAN_POINT('Ctrl Pts',(-7.60000000000008,29.6507520469948,-31.7705209695389));
#13422=CARTESIAN_POINT('',(-6.80000000000009,29.6889511737152,-31.3939859115173));
#13423=CARTESIAN_POINT('Origin',(-6.80000000000009,29.6889511737152,-31.2957592450668));
#13424=CARTESIAN_POINT('',(-7.60000000000009,29.6889511737152,-31.2957592450668));
#13425=CARTESIAN_POINT('',(-7.60000000000009,29.6889511737152,-31.3939859115173));
#13426=CARTESIAN_POINT('',(-6.80000000000009,29.6889511737152,-31.2957592450668));
#13427=CARTESIAN_POINT('Origin',(-6.80000000000009,29.2824027928635,-31.2957592450668));
#13428=CARTESIAN_POINT('',(-7.60000000000009,29.2824027928635,-31.2957592450668));
#13429=CARTESIAN_POINT('',(-7.60000000000009,29.6889511737152,-31.2957592450668));
#13430=CARTESIAN_POINT('',(-6.80000000000009,29.2824027928635,-31.2957592450668));
#13431=CARTESIAN_POINT('Origin',(-6.80000000000009,29.2851311954781,-31.432185336261));
#13432=CARTESIAN_POINT('',(-7.60000000000008,29.2851311954781,-31.432185336261));
#13433=CARTESIAN_POINT('',(-7.60000000000009,29.2824027928635,-31.2957592450668));
#13434=CARTESIAN_POINT('',(-6.80000000000009,29.2851311954781,-31.432185336261));
#13435=CARTESIAN_POINT('Ctrl Pts',(-6.80000000000009,29.227832654409,-31.6804798089554));
#13436=CARTESIAN_POINT('Ctrl Pts',(-7.60000000000008,29.227832654409,-31.6804798089554));
#13437=CARTESIAN_POINT('Ctrl Pts',(-6.80000000000009,29.2443335425939,-31.6512937205416));
#13438=CARTESIAN_POINT('Ctrl Pts',(-7.60000000000008,29.2443335425939,-31.6512937205416));
#13439=CARTESIAN_POINT('Ctrl Pts',(-6.80000000000009,29.2873909479004,-31.5751355632313));
#13440=CARTESIAN_POINT('Ctrl Pts',(-7.60000000000008,29.2873909479004,-31.5751355632313));
#13441=CARTESIAN_POINT('Ctrl Pts',(-6.80000000000009,29.2859932522593,-31.4867183954201));
#13442=CARTESIAN_POINT('Ctrl Pts',(-7.60000000000008,29.2859932522593,-31.4867183954202));
#13443=CARTESIAN_POINT('Ctrl Pts',(-6.80000000000009,29.2851311954781,-31.432185336261));
#13444=CARTESIAN_POINT('Ctrl Pts',(-7.60000000000008,29.2851311954781,-31.432185336261));
#13445=CARTESIAN_POINT('',(-7.60000000000008,29.227832654409,-31.6804798089554));
#13446=CARTESIAN_POINT('Ctrl Pts',(-7.60000000000008,29.227832654409,-31.6804798089554));
#13447=CARTESIAN_POINT('Ctrl Pts',(-7.60000000000008,29.2443335425939,-31.6512937205416));
#13448=CARTESIAN_POINT('Ctrl Pts',(-7.60000000000008,29.2873909479004,-31.5751355632313));
#13449=CARTESIAN_POINT('Ctrl Pts',(-7.60000000000008,29.2859932522593,-31.4867183954202));
#13450=CARTESIAN_POINT('Ctrl Pts',(-7.60000000000008,29.2851311954781,-31.432185336261));
#13451=CARTESIAN_POINT('',(-6.80000000000009,29.227832654409,-31.6804798089554));
#13452=CARTESIAN_POINT('Ctrl Pts',(-6.80000000000008,28.8703973087593,-31.8551047288467));
#13453=CARTESIAN_POINT('Ctrl Pts',(-7.60000000000008,28.8703973087593,-31.8551047288467));
#13454=CARTESIAN_POINT('Ctrl Pts',(-6.80000000000008,28.9515313181044,-31.8244568019575));
#13455=CARTESIAN_POINT('Ctrl Pts',(-7.60000000000008,28.9515313181044,-31.8244568019575));
#13456=CARTESIAN_POINT('Ctrl Pts',(-6.80000000000009,29.0763645726629,-31.7773017249443));
#13457=CARTESIAN_POINT('Ctrl Pts',(-7.60000000000008,29.0763645726629,-31.7773017249443));
#13458=CARTESIAN_POINT('Ctrl Pts',(-6.80000000000009,29.1885580880483,-31.7055850240003));
#13459=CARTESIAN_POINT('Ctrl Pts',(-7.60000000000008,29.1885580880483,-31.7055850240003));
#13460=CARTESIAN_POINT('Ctrl Pts',(-6.80000000000009,29.227832654409,-31.6804798089554));
#13461=CARTESIAN_POINT('Ctrl Pts',(-7.60000000000008,29.227832654409,-31.6804798089554));
#13462=CARTESIAN_POINT('',(-7.60000000000008,28.8703973087593,-31.8551047288467));
#13463=CARTESIAN_POINT('Ctrl Pts',(-7.60000000000008,28.8703973087593,-31.8551047288467));
#13464=CARTESIAN_POINT('Ctrl Pts',(-7.60000000000008,28.9515313181044,-31.8244568019575));
#13465=CARTESIAN_POINT('Ctrl Pts',(-7.60000000000008,29.0763645726629,-31.7773017249443));
#13466=CARTESIAN_POINT('Ctrl Pts',(-7.60000000000008,29.1885580880483,-31.7055850240003));
#13467=CARTESIAN_POINT('Ctrl Pts',(-7.60000000000008,29.227832654409,-31.6804798089554));
#13468=CARTESIAN_POINT('',(-6.80000000000008,28.8703973087593,-31.8551047288467));
#13469=CARTESIAN_POINT('Ctrl Pts',(-6.80000000000008,28.4774912390038,-32.0597429715683));
#13470=CARTESIAN_POINT('Ctrl Pts',(-7.60000000000008,28.4774912390038,-32.0597429715683));
#13471=CARTESIAN_POINT('Ctrl Pts',(-6.80000000000008,28.5275556897015,-32.0256160648499));
#13472=CARTESIAN_POINT('Ctrl Pts',(-7.60000000000008,28.5275556897015,-32.0256160648499));
#13473=CARTESIAN_POINT('Ctrl Pts',(-6.80000000000008,28.6502290717901,-31.941994592747));
#13474=CARTESIAN_POINT('Ctrl Pts',(-7.60000000000008,28.6502290717901,-31.941994592747));
#13475=CARTESIAN_POINT('Ctrl Pts',(-6.80000000000008,28.788535412883,-31.8874117005027));
#13476=CARTESIAN_POINT('Ctrl Pts',(-7.60000000000008,28.788535412883,-31.8874117005027));
#13477=CARTESIAN_POINT('Ctrl Pts',(-6.80000000000008,28.8703973087593,-31.8551047288467));
#13478=CARTESIAN_POINT('Ctrl Pts',(-7.60000000000008,28.8703973087593,-31.8551047288467));
#13479=CARTESIAN_POINT('',(-7.60000000000008,28.4774912390038,-32.0597429715683));
#13480=CARTESIAN_POINT('Ctrl Pts',(-7.60000000000008,28.4774912390038,-32.0597429715683));
#13481=CARTESIAN_POINT('Ctrl Pts',(-7.60000000000008,28.5275556897015,-32.0256160648499));
#13482=CARTESIAN_POINT('Ctrl Pts',(-7.60000000000008,28.6502290717901,-31.941994592747));
#13483=CARTESIAN_POINT('Ctrl Pts',(-7.60000000000008,28.788535412883,-31.8874117005027));
#13484=CARTESIAN_POINT('Ctrl Pts',(-7.60000000000008,28.8703973087593,-31.8551047288467));
#13485=CARTESIAN_POINT('',(-6.80000000000008,28.4774912390038,-32.0597429715683));
#13486=CARTESIAN_POINT('Ctrl Pts',(-6.80000000000008,28.2783098015114,-32.3462368690063));
#13487=CARTESIAN_POINT('Ctrl Pts',(-7.60000000000008,28.2783098015114,-32.3462368690063));
#13488=CARTESIAN_POINT('Ctrl Pts',(-6.80000000000008,28.3068604840186,-32.2879018095839));
#13489=CARTESIAN_POINT('Ctrl Pts',(-7.60000000000008,28.3068604840186,-32.2879018095839));
#13490=CARTESIAN_POINT('Ctrl Pts',(-6.80000000000008,28.3586757563301,-32.1820322918055));
#13491=CARTESIAN_POINT('Ctrl Pts',(-7.60000000000008,28.3586757563301,-32.1820322918055));
#13492=CARTESIAN_POINT('Ctrl Pts',(-6.80000000000008,28.4406745295839,-32.0976361001995));
#13493=CARTESIAN_POINT('Ctrl Pts',(-7.60000000000008,28.4406745295839,-32.0976361001995));
#13494=CARTESIAN_POINT('Ctrl Pts',(-6.80000000000008,28.4774912390038,-32.0597429715683));
#13495=CARTESIAN_POINT('Ctrl Pts',(-7.60000000000008,28.4774912390038,-32.0597429715683));
#13496=CARTESIAN_POINT('',(-7.60000000000008,28.2783098015114,-32.3462368690063));
#13497=CARTESIAN_POINT('Ctrl Pts',(-7.60000000000008,28.2783098015114,-32.3462368690063));
#13498=CARTESIAN_POINT('Ctrl Pts',(-7.60000000000008,28.3068604840186,-32.2879018095839));
#13499=CARTESIAN_POINT('Ctrl Pts',(-7.60000000000008,28.3586757563301,-32.1820322918055));
#13500=CARTESIAN_POINT('Ctrl Pts',(-7.60000000000008,28.4406745295839,-32.0976361001995));
#13501=CARTESIAN_POINT('Ctrl Pts',(-7.60000000000008,28.4774912390038,-32.0597429715683));
#13502=CARTESIAN_POINT('',(-6.80000000000008,28.2783098015114,-32.3462368690063));
#13503=CARTESIAN_POINT('Ctrl Pts',(-6.80000000000009,27.6889512929245,-31.7241360389282));
#13504=CARTESIAN_POINT('Ctrl Pts',(-7.60000000000008,27.6889512929245,-31.7241360389282));
#13505=CARTESIAN_POINT('Ctrl Pts',(-6.80000000000008,27.8355771010046,-31.8149644934736));
#13506=CARTESIAN_POINT('Ctrl Pts',(-7.60000000000008,27.8355771010046,-31.8149644934737));
#13507=CARTESIAN_POINT('Ctrl Pts',(-6.80000000000008,28.0886907094323,-31.9717576131771));
#13508=CARTESIAN_POINT('Ctrl Pts',(-7.60000000000008,28.0886907094323,-31.9717576131771));
#13509=CARTESIAN_POINT('Ctrl Pts',(-6.80000000000008,28.2221584085339,-32.2353433317288));
#13510=CARTESIAN_POINT('Ctrl Pts',(-7.60000000000008,28.2221584085339,-32.2353433317288));
#13511=CARTESIAN_POINT('Ctrl Pts',(-6.80000000000008,28.2783098015114,-32.3462368690063));
#13512=CARTESIAN_POINT('Ctrl Pts',(-7.60000000000008,28.2783098015114,-32.3462368690063));
#13513=CARTESIAN_POINT('',(-7.60000000000008,27.6889512929245,-31.7241360389282));
#13514=CARTESIAN_POINT('Ctrl Pts',(-7.60000000000008,27.6889512929245,-31.7241360389282));
#13515=CARTESIAN_POINT('Ctrl Pts',(-7.60000000000008,27.8355771010046,-31.8149644934737));
#13516=CARTESIAN_POINT('Ctrl Pts',(-7.60000000000008,28.0886907094323,-31.9717576131771));
#13517=CARTESIAN_POINT('Ctrl Pts',(-7.60000000000008,28.2221584085339,-32.2353433317288));
#13518=CARTESIAN_POINT('Ctrl Pts',(-7.60000000000008,28.2783098015114,-32.3462368690063));
#13519=CARTESIAN_POINT('',(-6.80000000000009,27.6889512929245,-31.7241360389282));
#13520=CARTESIAN_POINT('Origin',(-6.80000000000009,26.7912704738899,-31.1866189681579));
#13521=CARTESIAN_POINT('',(-7.60000000000009,26.7912704738899,-31.1866189681579));
#13522=CARTESIAN_POINT('',(-7.60000000000008,27.6889512929245,-31.7241360389282));
#13523=CARTESIAN_POINT('',(-6.80000000000009,26.7912704738899,-31.1866189681579));
#13524=CARTESIAN_POINT('Origin',(-6.80000000000009,26.7912704738899,-31.726864739566));
#13525=CARTESIAN_POINT('',(-7.60000000000008,26.7912704738899,-31.726864739566));
#13526=CARTESIAN_POINT('',(-7.60000000000009,26.7912704738899,-31.1866189681579));
#13527=CARTESIAN_POINT('',(-6.80000000000009,26.7912704738899,-31.726864739566));
#13528=CARTESIAN_POINT('Origin',(-6.80000000000008,27.6889512929245,-32.2507389031936));
#13529=CARTESIAN_POINT('',(-7.60000000000008,27.6889512929245,-32.2507389031936));
#13530=CARTESIAN_POINT('',(-7.60000000000008,26.7912704738899,-31.726864739566));
#13531=CARTESIAN_POINT('',(-6.80000000000008,27.6889512929245,-32.2507389031936));
#13532=CARTESIAN_POINT('Ctrl Pts',(-6.80000000000008,28.0450219902321,-32.5317759954025));
#13533=CARTESIAN_POINT('Ctrl Pts',(-7.60000000000008,28.0450219902321,-32.5317759954025));
#13534=CARTESIAN_POINT('Ctrl Pts',(-6.80000000000008,28.0025100813743,-32.4865312808116));
#13535=CARTESIAN_POINT('Ctrl Pts',(-7.60000000000008,28.0025100813743,-32.4865312808116));
#13536=CARTESIAN_POINT('Ctrl Pts',(-6.80000000000008,27.8980925787354,-32.3754014766665));
#13537=CARTESIAN_POINT('Ctrl Pts',(-7.60000000000008,27.8980925787354,-32.3754014766665));
#13538=CARTESIAN_POINT('Ctrl Pts',(-6.80000000000008,27.7667938521417,-32.2971384159446));
#13539=CARTESIAN_POINT('Ctrl Pts',(-7.60000000000008,27.7667938521417,-32.2971384159446));
#13540=CARTESIAN_POINT('Ctrl Pts',(-6.80000000000008,27.6889512929245,-32.2507389031936));
#13541=CARTESIAN_POINT('Ctrl Pts',(-7.60000000000008,27.6889512929245,-32.2507389031936));
#13542=CARTESIAN_POINT('',(-7.60000000000008,28.0450219902321,-32.5317759954025));
#13543=CARTESIAN_POINT('Ctrl Pts',(-7.60000000000008,28.0450219902321,-32.5317759954025));
#13544=CARTESIAN_POINT('Ctrl Pts',(-7.60000000000008,28.0025100813743,-32.4865312808116));
#13545=CARTESIAN_POINT('Ctrl Pts',(-7.60000000000008,27.8980925787354,-32.3754014766665));
#13546=CARTESIAN_POINT('Ctrl Pts',(-7.60000000000008,27.7667938521417,-32.2971384159446));
#13547=CARTESIAN_POINT('Ctrl Pts',(-7.60000000000008,27.6889512929245,-32.2507389031936));
#13548=CARTESIAN_POINT('',(-6.80000000000008,28.0450219902321,-32.5317759954025));
#13549=CARTESIAN_POINT('Ctrl Pts',(-6.80000000000008,28.1309700998589,-32.8182695948173));
#13550=CARTESIAN_POINT('Ctrl Pts',(-7.60000000000008,28.1309700998589,-32.8182695948173));
#13551=CARTESIAN_POINT('Ctrl Pts',(-6.80000000000008,28.1278725178236,-32.7654129635259));
#13552=CARTESIAN_POINT('Ctrl Pts',(-7.60000000000008,28.1278725178236,-32.7654129635259));
#13553=CARTESIAN_POINT('Ctrl Pts',(-6.80000000000008,28.1218703904426,-32.6629936473194));
#13554=CARTESIAN_POINT('Ctrl Pts',(-7.60000000000008,28.1218703904426,-32.6629936473194));
#13555=CARTESIAN_POINT('Ctrl Pts',(-6.80000000000008,28.0700829383559,-32.5745672410057));
#13556=CARTESIAN_POINT('Ctrl Pts',(-7.60000000000008,28.0700829383559,-32.5745672410057));
#13557=CARTESIAN_POINT('Ctrl Pts',(-6.80000000000008,28.0450219902321,-32.5317759954025));
#13558=CARTESIAN_POINT('Ctrl Pts',(-7.60000000000008,28.0450219902321,-32.5317759954025));
#13559=CARTESIAN_POINT('',(-7.60000000000008,28.1309700998589,-32.8182695948173));
#13560=CARTESIAN_POINT('Ctrl Pts',(-7.60000000000008,28.1309700998589,-32.8182695948173));
#13561=CARTESIAN_POINT('Ctrl Pts',(-7.60000000000008,28.1278725178236,-32.7654129635259));
#13562=CARTESIAN_POINT('Ctrl Pts',(-7.60000000000008,28.1218703904426,-32.6629936473194));
#13563=CARTESIAN_POINT('Ctrl Pts',(-7.60000000000008,28.0700829383559,-32.5745672410057));
#13564=CARTESIAN_POINT('Ctrl Pts',(-7.60000000000008,28.0450219902321,-32.5317759954025));
#13565=CARTESIAN_POINT('',(-6.80000000000008,28.1309700998589,-32.8182695948173));
#13566=CARTESIAN_POINT('Origin',(-6.80000000000008,26.7912704738899,-32.8182695948173));
#13567=CARTESIAN_POINT('',(-7.60000000000008,26.7912704738899,-32.8182695948173));
#13568=CARTESIAN_POINT('',(-7.60000000000008,28.1309700998589,-32.8182695948173));
#13569=CARTESIAN_POINT('',(-6.80000000000008,26.7912704738899,-32.8182695948173));
#13570=CARTESIAN_POINT('Origin',(-6.80000000000008,26.7912704738899,-33.3094020330002));
#13571=CARTESIAN_POINT('',(-7.60000000000008,26.7912704738899,-33.3094020330002));
#13572=CARTESIAN_POINT('',(-7.60000000000008,26.7912704738899,-32.8182695948173));
#13573=CARTESIAN_POINT('',(-6.80000000000008,26.7912704738899,-33.3094020330002));
#13574=CARTESIAN_POINT('Origin',(-6.80000000000008,29.6889511737152,-33.3094020330002));
#13575=CARTESIAN_POINT('',(-7.60000000000008,26.7912704738899,-33.3094020330002));
#13576=CARTESIAN_POINT('Origin',(-7.6000000000001,28.7912705036923,-25.1033996932794));
#13577=CARTESIAN_POINT('Origin',(-4.79999999999999,78.,-31.6));
#13578=CARTESIAN_POINT('',(-3.04999999999998,78.,-31.6));
#13579=CARTESIAN_POINT('Origin',(-4.79999999999999,78.,-31.6));
#13580=CARTESIAN_POINT('',(-3.04999999999998,72.,-31.6));
#13581=CARTESIAN_POINT('',(-3.04999999999998,78.,-31.6));
#13582=CARTESIAN_POINT('Origin',(-4.79999999999999,72.,-31.6));
#13583=CARTESIAN_POINT('Origin',(18.,9.,-12.));
#13584=CARTESIAN_POINT('',(8.99999999999999,9.,7.6));
#13585=CARTESIAN_POINT('',(18.,0.,7.6));
#13586=CARTESIAN_POINT('Origin',(18.,9.,7.59999999999999));
#13587=CARTESIAN_POINT('',(18.,0.,2.));
#13588=CARTESIAN_POINT('',(18.,0.,-12.));
#13589=CARTESIAN_POINT('',(12.9523184384418,1.548764474726,1.26543613107368));
#13590=CARTESIAN_POINT('Ctrl Pts',(18.,1.56125112837913E-16,2.00000000000001));
#13591=CARTESIAN_POINT('Ctrl Pts',(17.4108079220187,-4.82919530688322E-17,
2.00000000000001));
#13592=CARTESIAN_POINT('Ctrl Pts',(16.7682589940381,0.0617645266390818,
2.00344333042232));
#13593=CARTESIAN_POINT('Ctrl Pts',(15.5163756464742,0.325851754922339,1.97773157383659));
#13594=CARTESIAN_POINT('Ctrl Pts',(14.9071052126108,0.528174045637587,1.94554618171261));
#13595=CARTESIAN_POINT('Ctrl Pts',(13.9770647213123,0.937425883358929,1.77682977866373));
#13596=CARTESIAN_POINT('Ctrl Pts',(13.5272895129335,1.18025686062664,1.64059053813784));
#13597=CARTESIAN_POINT('Ctrl Pts',(13.1161049824432,1.43980906793192,1.38991389882045));
#13598=CARTESIAN_POINT('Ctrl Pts',(13.031706255939,1.49498488055885,1.33125685711901));
#13599=CARTESIAN_POINT('Ctrl Pts',(12.9523184384418,1.548764474726,1.26543613107368));
#13600=CARTESIAN_POINT('',(8.99999999999999,9.,2.));
#13601=CARTESIAN_POINT('Ctrl Pts',(12.9523184384418,1.548764474726,1.26543613107368));
#13602=CARTESIAN_POINT('Ctrl Pts',(12.7564557429955,1.68144750602299,1.34084566387199));
#13603=CARTESIAN_POINT('Ctrl Pts',(12.56722953424,1.82101289515338,1.40723570807191));
#13604=CARTESIAN_POINT('Ctrl Pts',(11.392482633785,2.75813673294356,1.78748574257181));
#13605=CARTESIAN_POINT('Ctrl Pts',(10.5006010284937,3.83903779076173,1.91366870094633));
#13606=CARTESIAN_POINT('Ctrl Pts',(9.30471282914111,6.30398182550786,2.01213440579449));
#13607=CARTESIAN_POINT('Ctrl Pts',(8.99999999999999,7.68703490968421,2.));
#13608=CARTESIAN_POINT('Ctrl Pts',(8.99999999999999,9.,2.));
#13609=CARTESIAN_POINT('',(9.,9.,-12.));
#13610=CARTESIAN_POINT('Origin',(8.99999999999999,0.,7.6));
#13611=CARTESIAN_POINT('',(8.99999999999999,69.,2.));
#13612=CARTESIAN_POINT('',(8.99999999999999,0.,2.));
#13613=CARTESIAN_POINT('',(8.99999999999999,69.,7.6));
#13614=CARTESIAN_POINT('',(9.,69.,-12.));
#13615=CARTESIAN_POINT('',(8.99999999999999,0.,7.6));
#13616=CARTESIAN_POINT('Origin',(-3.33066907387547E-15,69.,-12.));
#13617=CARTESIAN_POINT('',(-4.91086498216384E-15,78.,4.94847661933015));
#13618=CARTESIAN_POINT('Ctrl Pts',(-9.43689570931383E-15,78.,4.94847661933015));
#13619=CARTESIAN_POINT('Ctrl Pts',(0.826730573475737,78.,5.48190943528157));
#13620=CARTESIAN_POINT('Ctrl Pts',(1.69365339057687,77.8799847387216,5.93197667793708));
#13621=CARTESIAN_POINT('Ctrl Pts',(3.3462869508608,77.4000451869049,6.63397373890214));
#13622=CARTESIAN_POINT('Ctrl Pts',(4.24199129234603,76.998560443222,6.92563383062277));
#13623=CARTESIAN_POINT('Ctrl Pts',(5.87259616066116,75.8908693865426,7.32433157964912));
#13624=CARTESIAN_POINT('Ctrl Pts',(6.60588473335369,75.1840875148002,7.43634542746283));
#13625=CARTESIAN_POINT('Ctrl Pts',(7.73135209706238,73.6991024667898,7.56099134320977));
#13626=CARTESIAN_POINT('Ctrl Pts',(8.21333482526615,72.8119637823545,7.58438510393901));
#13627=CARTESIAN_POINT('Ctrl Pts',(8.84765504581145,70.9258602493658,7.60233302210928));
#13628=CARTESIAN_POINT('Ctrl Pts',(8.99999999999999,69.9269288160262,7.6));
#13629=CARTESIAN_POINT('Ctrl Pts',(9.,69.,7.6));
#13630=CARTESIAN_POINT('',(-4.04716570011561E-15,78.,-2.67544467966324));
#13631=CARTESIAN_POINT('Ctrl Pts',(9.,69.,2.));
#13632=CARTESIAN_POINT('Ctrl Pts',(9.,70.3129650903158,2.));
#13633=CARTESIAN_POINT('Ctrl Pts',(8.69528717085888,71.6960181744921,2.01213440579449));
#13634=CARTESIAN_POINT('Ctrl Pts',(7.49939897150628,74.1609622092383,1.91366870094633));
#13635=CARTESIAN_POINT('Ctrl Pts',(6.60751736621501,75.2418632670564,1.78748574257182));
#13636=CARTESIAN_POINT('Ctrl Pts',(5.09599052792801,76.4476445558342,1.29822449643995));
#13637=CARTESIAN_POINT('Ctrl Pts',(4.49886338098817,76.8232673712632,1.05974771902516));
#13638=CARTESIAN_POINT('Ctrl Pts',(3.29870351808429,77.4001092949704,0.431541587254818));
#13639=CARTESIAN_POINT('Ctrl Pts',(2.69744126238369,77.6032513468886,0.0401993189940356));
#13640=CARTESIAN_POINT('Ctrl Pts',(1.36732444650617,77.9341830369604,-1.01263945902941));
#13641=CARTESIAN_POINT('Ctrl Pts',(0.620866162180771,78.,-1.7919366420848));
#13642=CARTESIAN_POINT('Ctrl Pts',(-6.24500451351651E-15,78.,-2.67544467966324));
#13643=CARTESIAN_POINT('',(-3.33066907387547E-15,78.,-12.));
#13644=CARTESIAN_POINT('Origin',(8.99999999999999,-2.,-8.99999999999999));
#13645=CARTESIAN_POINT('',(-7.6,78.,-9.));
#13646=CARTESIAN_POINT('Origin',(8.99999999999999,78.,-8.99999999999999));
#13647=CARTESIAN_POINT('',(-7.6,-4.,-9.));
#13648=CARTESIAN_POINT('',(-7.6,-2.,-9.));
#13649=CARTESIAN_POINT('',(8.99999999999999,-4.,7.6));
#13650=CARTESIAN_POINT('Origin',(8.99999999999999,-4.,-8.99999999999999));
#13651=CARTESIAN_POINT('',(8.99999999999999,-2.,7.6));
#13652=CARTESIAN_POINT('Origin',(0.700000000000003,78.,-31.6));
#13653=CARTESIAN_POINT('',(-2.,78.,-9.));
#13654=CARTESIAN_POINT('Origin',(8.99999999999999,78.,-8.99999999999999));
#13655=CARTESIAN_POINT('',(-2.,78.,-54.2));
#13656=CARTESIAN_POINT('',(-2.,78.,-9.));
#13657=CARTESIAN_POINT('',(1.8267196508653E-15,78.,-60.5245553203368));
#13658=CARTESIAN_POINT('Origin',(8.99999999999999,78.,-54.2));
#13659=CARTESIAN_POINT('',(2.69041893291352E-15,78.,-68.1484766193302));
#13660=CARTESIAN_POINT('',(3.46944695195361E-16,78.,-48.4));
#13661=CARTESIAN_POINT('',(-7.59999999999999,78.,-54.2));
#13662=CARTESIAN_POINT('Origin',(8.99999999999999,78.,-54.2));
#13663=CARTESIAN_POINT('',(-7.59999999999999,78.,-54.2));
#13664=CARTESIAN_POINT('Origin',(18.,9.,-48.4));
#13665=CARTESIAN_POINT('',(9.,9.,-70.8));
#13666=CARTESIAN_POINT('',(18.,0.,-70.8));
#13667=CARTESIAN_POINT('Origin',(18.,9.,-70.8));
#13668=CARTESIAN_POINT('',(9.,9.,-65.2));
#13669=CARTESIAN_POINT('',(9.,9.,-48.4));
#13670=CARTESIAN_POINT('',(12.9523184384418,1.548764474726,-64.4654361310737));
#13671=CARTESIAN_POINT('Ctrl Pts',(9.,9.,-65.2));
#13672=CARTESIAN_POINT('Ctrl Pts',(9.,7.68703490968421,-65.2));
#13673=CARTESIAN_POINT('Ctrl Pts',(9.30471282914112,6.30398182550786,-65.2121344057945));
#13674=CARTESIAN_POINT('Ctrl Pts',(10.5006010284937,3.83903779076173,-65.1136687009463));
#13675=CARTESIAN_POINT('Ctrl Pts',(11.392482633785,2.75813673294356,-64.9874857425718));
#13676=CARTESIAN_POINT('Ctrl Pts',(12.56722953424,1.82101289515338,-64.6072357080719));
#13677=CARTESIAN_POINT('Ctrl Pts',(12.7564557429955,1.68144750602299,-64.540845663872));
#13678=CARTESIAN_POINT('Ctrl Pts',(12.9523184384418,1.54876447472599,-64.4654361310737));
#13679=CARTESIAN_POINT('',(18.,0.,-65.2));
#13680=CARTESIAN_POINT('Ctrl Pts',(12.9523184384418,1.548764474726,-64.4654361310737));
#13681=CARTESIAN_POINT('Ctrl Pts',(13.031706255939,1.49498488055885,-64.531256857119));
#13682=CARTESIAN_POINT('Ctrl Pts',(13.1161049824432,1.43980906793192,-64.5899138988205));
#13683=CARTESIAN_POINT('Ctrl Pts',(13.5272895129335,1.18025686062664,-64.8405905381378));
#13684=CARTESIAN_POINT('Ctrl Pts',(13.9770647213123,0.937425883358928,-64.9768297786637));
#13685=CARTESIAN_POINT('Ctrl Pts',(14.9071052126109,0.528174045637586,-65.1455461817126));
#13686=CARTESIAN_POINT('Ctrl Pts',(15.5163756464742,0.325851754922341,-65.1777315738366));
#13687=CARTESIAN_POINT('Ctrl Pts',(16.7682589940381,0.0617645266390838,
-65.2034433304223));
#13688=CARTESIAN_POINT('Ctrl Pts',(17.4108079220187,3.90809716838396E-16,
-65.2));
#13689=CARTESIAN_POINT('Ctrl Pts',(18.,3.98986399474666E-16,-65.2));
#13690=CARTESIAN_POINT('',(18.,0.,-48.4));
#13691=CARTESIAN_POINT('Origin',(39.0000005811453,0.,-31.6));
#13692=CARTESIAN_POINT('',(69.0000011622906,0.,7.6));
#13693=CARTESIAN_POINT('',(63.75,0.,7.6));
#13694=CARTESIAN_POINT('',(85.6000011622906,0.,-9.));
#13695=CARTESIAN_POINT('Origin',(69.0000011622906,0.,-9.));
#13696=CARTESIAN_POINT('',(85.6000011622906,0.,-54.2));
#13697=CARTESIAN_POINT('',(85.6000011622906,0.,-9.));
#13698=CARTESIAN_POINT('',(69.0000011622906,0.,-70.8));
#13699=CARTESIAN_POINT('Origin',(69.0000011622906,0.,-54.2));
#13700=CARTESIAN_POINT('',(9.,0.,-70.8));
#13701=CARTESIAN_POINT('',(69.0000011622906,0.,-65.2));
#13702=CARTESIAN_POINT('',(9.,0.,-65.2));
#13703=CARTESIAN_POINT('',(80.0000011622906,0.,-54.2));
#13704=CARTESIAN_POINT('Origin',(69.0000011622906,0.,-54.2));
#13705=CARTESIAN_POINT('',(80.0000011622906,0.,-8.99999999999999));
#13706=CARTESIAN_POINT('',(80.0000011622906,0.,-9.));
#13707=CARTESIAN_POINT('',(69.0000011622906,0.,2.));
#13708=CARTESIAN_POINT('Origin',(69.0000011622906,0.,-9.));
#13709=CARTESIAN_POINT('',(63.75,0.,2.));
#13710=CARTESIAN_POINT('',(81.8000011622906,0.,-31.6));
#13711=CARTESIAN_POINT('Origin',(82.8000011622906,0.,-31.6));
#13712=CARTESIAN_POINT('',(38.0000005662436,0.,-68.));
#13713=CARTESIAN_POINT('Origin',(39.0000005811453,0.,-68.));
#13714=CARTESIAN_POINT('',(38.0000005662436,0.,4.8));
#13715=CARTESIAN_POINT('Origin',(39.0000005811453,0.,4.8));
#13716=CARTESIAN_POINT('Origin',(3.46944695195361E-16,69.,-48.4));
#13717=CARTESIAN_POINT('',(9.,69.,-70.8));
#13718=CARTESIAN_POINT('Ctrl Pts',(9.,69.,-70.8));
#13719=CARTESIAN_POINT('Ctrl Pts',(9.,69.9269288160261,-70.8));
#13720=CARTESIAN_POINT('Ctrl Pts',(8.84765504581146,70.9258602493658,-70.8023330221093));
#13721=CARTESIAN_POINT('Ctrl Pts',(8.21333482526617,72.8119637823545,-70.784385103939));
#13722=CARTESIAN_POINT('Ctrl Pts',(7.73135209706239,73.6991024667898,-70.7609913432098));
#13723=CARTESIAN_POINT('Ctrl Pts',(6.60588473335371,75.1840875148001,-70.6363454274628));
#13724=CARTESIAN_POINT('Ctrl Pts',(5.87259616066118,75.8908693865426,-70.5243315796491));
#13725=CARTESIAN_POINT('Ctrl Pts',(4.24199129234604,76.9985604432219,-70.1256338306228));
#13726=CARTESIAN_POINT('Ctrl Pts',(3.34628695086081,77.4000451869049,-69.8339737389021));
#13727=CARTESIAN_POINT('Ctrl Pts',(1.69365339057688,77.8799847387216,-69.1319766779371));
#13728=CARTESIAN_POINT('Ctrl Pts',(0.826730573475746,78.,-68.6819094352816));
#13729=CARTESIAN_POINT('Ctrl Pts',(-2.77555756156289E-16,78.,-68.1484766193302));
#13730=CARTESIAN_POINT('',(9.,69.,-65.2));
#13731=CARTESIAN_POINT('Ctrl Pts',(8.32667268468867E-16,78.,-60.5245553203368));
#13732=CARTESIAN_POINT('Ctrl Pts',(0.424657658215002,78.,-61.1288537619435));
#13733=CARTESIAN_POINT('Ctrl Pts',(0.905161040025594,77.9693494218202,-61.681486548821));
#13734=CARTESIAN_POINT('Ctrl Pts',(1.82215310954655,77.8231599679199,-62.5541279052503));
#13735=CARTESIAN_POINT('Ctrl Pts',(2.26861366862099,77.7231603781179,-62.9184293654846));
#13736=CARTESIAN_POINT('Ctrl Pts',(3.2023188381217,77.4252767957667,-63.5653331785603));
#13737=CARTESIAN_POINT('Ctrl Pts',(3.68938416949655,77.2269587754139,-63.8479943469848));
#13738=CARTESIAN_POINT('Ctrl Pts',(4.65106294765651,76.7241208710064,-64.3179621971327));
#13739=CARTESIAN_POINT('Ctrl Pts',(5.12698491220895,76.418607952357,-64.5062832669137));
#13740=CARTESIAN_POINT('Ctrl Pts',(6.01779763763752,75.7162362956932,-64.7984050520044));
#13741=CARTESIAN_POINT('Ctrl Pts',(6.43251590724454,75.3193566655836,-64.9026813200595));
#13742=CARTESIAN_POINT('Ctrl Pts',(7.46526716871577,74.1289156004709,-65.1136631063694));
#13743=CARTESIAN_POINT('Ctrl Pts',(8.04574988035366,73.1790954704126,-65.1652636193661));
#13744=CARTESIAN_POINT('Ctrl Pts',(8.81308554135751,71.1280170403691,-65.2051197046743));
#13745=CARTESIAN_POINT('Ctrl Pts',(9.,70.0269158346406,-65.2));
#13746=CARTESIAN_POINT('Ctrl Pts',(9.,69.,-65.2));
#13747=CARTESIAN_POINT('',(9.,69.,-48.4));
#13748=CARTESIAN_POINT('Origin',(8.99999999999999,-2.,-54.2));
#13749=CARTESIAN_POINT('',(-2.,0.,-54.2));
#13750=CARTESIAN_POINT('',(-2.,-2.,-54.2));
#13751=CARTESIAN_POINT('',(9.,0.,-65.2));
#13752=CARTESIAN_POINT('Origin',(8.99999999999999,0.,-54.2));
#13753=CARTESIAN_POINT('Ctrl Pts',(12.9523184384498,1.5487644747285,-64.4654361310706));
#13754=CARTESIAN_POINT('Ctrl Pts',(12.7238511484226,1.47689352139804,-64.5533988314788));
#13755=CARTESIAN_POINT('Ctrl Pts',(12.4927382531812,1.39884848606404,-64.6336097354077));
#13756=CARTESIAN_POINT('Ctrl Pts',(11.1708643353639,0.929654967726,-65.0437789182979));
#13757=CARTESIAN_POINT('Ctrl Pts',(10.0427769092508,0.444641568102712,-65.2));
#13758=CARTESIAN_POINT('Ctrl Pts',(8.99999999999999,0.,-65.2));
#13759=CARTESIAN_POINT('',(9.,0.,-65.2));
#13760=CARTESIAN_POINT('Origin',(-6.8000000000001,34.9499997783452,-24.6348476680455));
#13761=CARTESIAN_POINT('Origin',(-7.60000000000012,57.0744608967495,-16.5878964775846));
#13762=CARTESIAN_POINT('',(-2.00000000000012,56.3744608967495,-16.5838675573841));
#13763=CARTESIAN_POINT('',(-2.00000000000012,57.0744608967495,-16.5878964775846));
#13764=CARTESIAN_POINT('',(-2.00000000000012,27.5163731676457,-16.417771939385));
#13765=CARTESIAN_POINT('',(-7.60000000000012,56.3744608967495,-16.5838675573841));
#13766=CARTESIAN_POINT('',(-7.60000000000012,56.3744608967495,-16.5838675573841));
#13767=CARTESIAN_POINT('',(-7.60000000000012,57.0744608967495,-16.5878964775846));
#13768=CARTESIAN_POINT('',(-7.60000000000012,27.5163731676457,-16.417771939385));
#13769=CARTESIAN_POINT('',(-7.60000000000012,57.0744608967495,-16.5878964775846));
#13770=CARTESIAN_POINT('Origin',(-7.60000000000011,57.05,-20.8378262038047));
#13771=CARTESIAN_POINT('',(-2.00000000000011,61.3000001192093,-20.8378262038047));
#13772=CARTESIAN_POINT('Origin',(-2.00000000000011,57.05,-20.8378262038046));
#13773=CARTESIAN_POINT('',(-7.60000000000011,61.3000001192093,-20.8378262038047));
#13774=CARTESIAN_POINT('Origin',(-7.60000000000011,57.05,-20.8378262038047));
#13775=CARTESIAN_POINT('',(-7.60000000000011,61.3000001192093,-20.8378262038047));
#13776=CARTESIAN_POINT('Origin',(-7.60000000000009,61.3000001192093,-27.245));
#13777=CARTESIAN_POINT('',(-2.00000000000009,61.3000001192093,-27.245));
#13778=CARTESIAN_POINT('',(-2.00000000000012,61.3000001192093,-18.1225));
#13779=CARTESIAN_POINT('',(-7.60000000000009,61.3000001192093,-27.245));
#13780=CARTESIAN_POINT('',(-7.60000000000012,61.3000001192093,-18.1225));
#13781=CARTESIAN_POINT('',(-7.60000000000009,61.3000001192093,-27.245));
#13782=CARTESIAN_POINT('Origin',(-7.60000000000009,57.05,-27.245));
#13783=CARTESIAN_POINT('',(-2.00000000000007,57.0500000000001,-31.4950001192093));
#13784=CARTESIAN_POINT('Origin',(-2.00000000000009,57.05,-27.245));
#13785=CARTESIAN_POINT('',(-7.60000000000007,57.0500000000001,-31.4950001192093));
#13786=CARTESIAN_POINT('Origin',(-7.60000000000009,57.05,-27.245));
#13787=CARTESIAN_POINT('',(-7.60000000000007,57.0500000000001,-31.4950001192093));
#13788=CARTESIAN_POINT('Origin',(-7.60000000000007,56.35,-31.4950001192093));
#13789=CARTESIAN_POINT('',(-2.00000000000007,56.35,-31.4950001192093));
#13790=CARTESIAN_POINT('',(-2.00000000000007,27.175,-31.4950001192093));
#13791=CARTESIAN_POINT('',(-7.60000000000007,56.35,-31.4950001192093));
#13792=CARTESIAN_POINT('',(-7.60000000000007,27.175,-31.4950001192093));
#13793=CARTESIAN_POINT('',(-7.60000000000007,56.35,-31.4950001192093));
#13794=CARTESIAN_POINT('Origin',(-7.60000000000009,56.35,-27.245));
#13795=CARTESIAN_POINT('',(-2.00000000000009,52.0999998807907,-27.245));
#13796=CARTESIAN_POINT('Origin',(-2.00000000000009,56.35,-27.245));
#13797=CARTESIAN_POINT('',(-7.60000000000009,52.0999998807907,-27.245));
#13798=CARTESIAN_POINT('Origin',(-7.60000000000009,56.35,-27.245));
#13799=CARTESIAN_POINT('',(-7.60000000000009,52.0999998807907,-27.245));
#13800=CARTESIAN_POINT('Origin',(-7.60000000000011,52.0999998807907,-20.8337972836042));
#13801=CARTESIAN_POINT('',(-2.00000000000011,52.0999998807907,-20.8337972836042));
#13802=CARTESIAN_POINT('',(-2.00000000000013,52.0999998807907,-14.916898641802));
#13803=CARTESIAN_POINT('',(-7.60000000000011,52.0999998807907,-20.8337972836042));
#13804=CARTESIAN_POINT('',(-7.60000000000013,52.0999998807907,-14.916898641802));
#13805=CARTESIAN_POINT('',(-7.60000000000011,52.0999998807907,-20.8337972836042));
#13806=CARTESIAN_POINT('Origin',(-7.60000000000011,56.35,-20.8337972836042));
#13807=CARTESIAN_POINT('Origin',(-2.00000000000011,56.35,-20.8337972836042));
#13808=CARTESIAN_POINT('Origin',(-7.60000000000011,56.35,-20.8337972836042));
#13809=CARTESIAN_POINT('Origin',(-7.60000000000004,66.0000009834766,-42.0000006258488));
#13810=CARTESIAN_POINT('',(-7.60000000000003,66.0000009834766,-45.0000006258488));
#13811=CARTESIAN_POINT('Origin',(-7.60000000000005,66.0000009834766,-42.0000006258488));
#13812=CARTESIAN_POINT('',(-2.00000000000004,66.0000009834766,-45.0000006258488));
#13813=CARTESIAN_POINT('',(-7.60000000000003,66.0000009834766,-45.0000006258488));
#13814=CARTESIAN_POINT('Origin',(-2.00000000000005,66.0000009834766,-42.0000006258488));
#13815=CARTESIAN_POINT('Origin',(-4.79999999999999,72.,-31.6));
#13816=CARTESIAN_POINT('Origin',(-1.08801856413265E-13,0.,-20.3000000000001));
#13817=CARTESIAN_POINT('',(4.1078251911113E-15,-2.,-54.2));
#13818=CARTESIAN_POINT('Origin',(4.1078251911113E-15,0.,-54.2));
#13819=CARTESIAN_POINT('',(-2.,0.,-9.));
#13820=CARTESIAN_POINT('',(-2.00000000000011,0.,-20.3000000000001));
#13821=CARTESIAN_POINT('',(-1.46438416948058E-13,-2.,-8.99999999999999));
#13822=CARTESIAN_POINT('Origin',(-1.46438416948058E-13,0.,-8.99999999999999));
#13823=CARTESIAN_POINT('',(-1.08801856413265E-13,-2.,-20.3000000000001));
#13824=CARTESIAN_POINT('Origin',(8.99999999999999,0.,-8.99999999999999));
#13825=CARTESIAN_POINT('',(8.99999999999999,0.,2.));
#13826=CARTESIAN_POINT('',(8.99999999999999,-2.,2.77555756156289E-15));
#13827=CARTESIAN_POINT('Origin',(8.99999999999999,0.,2.77555756156289E-15));
#13828=CARTESIAN_POINT('Origin',(8.99999999999999,-2.,-8.99999999999999));
#13829=CARTESIAN_POINT('Origin',(8.99999999999999,0.,-8.99999999999999));
#13830=CARTESIAN_POINT('Origin',(54.0000008717179,0.,2.22044604925031E-15));
#13831=CARTESIAN_POINT('Ctrl Pts',(8.99999999999999,0.,2.00000000000001));
#13832=CARTESIAN_POINT('Ctrl Pts',(10.0427769092508,0.444641568102711,2.00000000000001));
#13833=CARTESIAN_POINT('Ctrl Pts',(11.1708643353639,0.929654967726011,1.84377891829786));
#13834=CARTESIAN_POINT('Ctrl Pts',(12.4927382531765,1.39884848606239,1.43360973540915));
#13835=CARTESIAN_POINT('Ctrl Pts',(12.7238511484134,1.47689352139492,1.35339883148203));
#13836=CARTESIAN_POINT('Ctrl Pts',(12.952318438436,1.54876447472419,1.2654361310759));
#13837=CARTESIAN_POINT('',(69.0000011622906,-2.,6.34413477334467E-16));
#13838=CARTESIAN_POINT('Origin',(69.0000011622906,0.,6.34413477334467E-16));
#13839=CARTESIAN_POINT('',(54.0000008717179,-2.,2.22044604925031E-15));
#13840=CARTESIAN_POINT('Origin',(69.0000011622906,0.,-9.));
#13841=CARTESIAN_POINT('',(78.0000011622906,-2.,-8.99999999999999));
#13842=CARTESIAN_POINT('Origin',(78.0000011622906,0.,-8.99999999999999));
#13843=CARTESIAN_POINT('Origin',(69.0000011622906,-2.,-9.));
#13844=CARTESIAN_POINT('Origin',(78.0000011622906,0.,-42.9));
#13845=CARTESIAN_POINT('',(78.0000011622906,-2.,-54.2));
#13846=CARTESIAN_POINT('Origin',(78.0000011622906,0.,-54.2));
#13847=CARTESIAN_POINT('',(78.0000011622906,-2.,-42.9));
#13848=CARTESIAN_POINT('Origin',(69.0000011622906,0.,-54.2));
#13849=CARTESIAN_POINT('',(69.0000011622906,-2.,-63.2));
#13850=CARTESIAN_POINT('Origin',(69.0000011622906,0.,-63.2));
#13851=CARTESIAN_POINT('Origin',(69.0000011622906,-2.,-54.2));
#13852=CARTESIAN_POINT('Origin',(24.0000002905726,0.,-63.2));
#13853=CARTESIAN_POINT('',(9.,-2.,-63.2));
#13854=CARTESIAN_POINT('Origin',(9.,0.,-63.2));
#13855=CARTESIAN_POINT('',(24.0000002905726,-2.,-63.2));
#13856=CARTESIAN_POINT('Origin',(8.99999999999999,0.,-54.2));
#13857=CARTESIAN_POINT('Origin',(8.99999999999999,-2.,-54.2));
#13858=CARTESIAN_POINT('Origin',(8.99999999999999,-2.,-8.99999999999999));
#13859=CARTESIAN_POINT('',(-2.,-2.,-9.));
#13860=CARTESIAN_POINT('Origin',(-2.00000000000015,-2.,-8.99999999999999));
#13861=CARTESIAN_POINT('',(-2.00000000000005,32.9999991841614,-39.46));
#13862=CARTESIAN_POINT('',(-2.00000000000002,32.9999991841614,-48.670224295845));
#13863=CARTESIAN_POINT('',(-2.0000000000001,32.9999991841614,-24.23));
#13864=CARTESIAN_POINT('',(-2.,33.0000004917383,-52.56));
#13865=CARTESIAN_POINT('',(-2.00000000000008,32.9999925164397,-28.8351062651703));
#13866=CARTESIAN_POINT('',(-2.,24.5999991841614,-52.56));
#13867=CARTESIAN_POINT('',(-2.,15.5000002458692,-52.56));
#13868=CARTESIAN_POINT('',(-2.00000000000005,24.5999991841614,-39.46));
#13869=CARTESIAN_POINT('',(-2.00000000000007,24.5999991841614,-30.78));
#13870=CARTESIAN_POINT('',(-2.00000000000005,11.2999995920807,-39.46));
#13871=CARTESIAN_POINT('',(-2.,36.4999991841614,-52.56));
#13872=CARTESIAN_POINT('',(-2.00000000000005,36.4999991841614,-39.46));
#13873=CARTESIAN_POINT('',(-2.00000000000007,36.4999991841614,-30.78));
#13874=CARTESIAN_POINT('',(-2.00000000000005,44.8999991841614,-39.46));
#13875=CARTESIAN_POINT('',(-2.00000000000005,17.2499995920807,-39.46));
#13876=CARTESIAN_POINT('',(-2.,44.8999991841614,-52.56));
#13877=CARTESIAN_POINT('',(-2.0000000000001,44.8999991841614,-24.23));
#13878=CARTESIAN_POINT('',(-2.,21.4499995920807,-52.56));
#13879=CARTESIAN_POINT('',(-2.00000000000015,49.0000007301569,-47.5000007450581));
#13880=CARTESIAN_POINT('Origin',(-2.00000000000015,49.0000007301569,-50.0000007450581));
#13881=CARTESIAN_POINT('',(-2.00000000000015,49.0000007301569,-40.5000006407499));
#13882=CARTESIAN_POINT('Origin',(-2.00000000000015,49.0000007301569,-43.0000006407499));
#13883=CARTESIAN_POINT('Origin',(39.0000005811453,-2.,-31.6));
#13884=CARTESIAN_POINT('',(56.93,-2.,-44.24));
#13885=CARTESIAN_POINT('Origin',(56.93,-2.,-48.74));
#13886=CARTESIAN_POINT('',(9.08999999999999,-2.,-5.95));
#13887=CARTESIAN_POINT('Origin',(9.08999999999999,-2.,-10.45));
#13888=CARTESIAN_POINT('',(9.08999999999999,-2.,-44.24));
#13889=CARTESIAN_POINT('Origin',(9.08999999999999,-2.,-48.74));
#13890=CARTESIAN_POINT('',(56.93,-2.,-5.95));
#13891=CARTESIAN_POINT('Origin',(56.93,-2.,-10.45));
#13892=CARTESIAN_POINT('Origin',(56.93,0.,-48.74));
#13893=CARTESIAN_POINT('',(56.93,0.,-46.24));
#13894=CARTESIAN_POINT('Origin',(56.93,0.,-48.74));
#13895=CARTESIAN_POINT('Origin',(56.93,0.,-44.24));
#13896=CARTESIAN_POINT('Origin',(56.93,0.,-10.45));
#13897=CARTESIAN_POINT('',(56.93,0.,-7.95));
#13898=CARTESIAN_POINT('Origin',(56.93,0.,-10.45));
#13899=CARTESIAN_POINT('Origin',(56.93,0.,-5.95));
#13900=CARTESIAN_POINT('Origin',(9.08999999999999,0.,-10.45));
#13901=CARTESIAN_POINT('',(9.08999999999999,0.,-7.95));
#13902=CARTESIAN_POINT('Origin',(9.08999999999999,0.,-10.45));
#13903=CARTESIAN_POINT('Origin',(9.08999999999999,0.,-5.95));
#13904=CARTESIAN_POINT('Origin',(9.08999999999999,0.,-48.74));
#13905=CARTESIAN_POINT('',(9.08999999999999,0.,-46.24));
#13906=CARTESIAN_POINT('Origin',(9.08999999999999,0.,-48.74));
#13907=CARTESIAN_POINT('Origin',(9.08999999999999,0.,-44.24));
#13908=CARTESIAN_POINT('Origin',(3.34049411934784E-15,49.0000007301569,
-43.0000006407499));
#13909=CARTESIAN_POINT('',(-7.60000000000015,49.0000007301569,-40.5000006407499));
#13910=CARTESIAN_POINT('',(3.34049411934784E-15,49.0000007301569,-40.5000006407499));
#13911=CARTESIAN_POINT('Origin',(-7.60000000000015,49.0000007301569,-43.0000006407499));
#13912=CARTESIAN_POINT('Origin',(4.02824290591257E-15,49.0000007301569,
-50.0000007450581));
#13913=CARTESIAN_POINT('',(-7.60000000000015,49.0000007301569,-47.5000007450581));
#13914=CARTESIAN_POINT('',(4.02824290591257E-15,49.0000007301569,-47.5000007450581));
#13915=CARTESIAN_POINT('Origin',(-7.60000000000015,49.0000007301569,-50.0000007450581));
#13916=CARTESIAN_POINT('Origin',(2.99268967522852E-15,44.8999991841614,
-39.46));
#13917=CARTESIAN_POINT('',(-7.60000000000005,44.8999991841614,-39.46));
#13918=CARTESIAN_POINT('',(2.99268967522852E-15,44.8999991841614,-39.46));
#13919=CARTESIAN_POINT('',(-7.6,44.8999991841614,-52.56));
#13920=CARTESIAN_POINT('',(-7.6000000000001,44.8999991841614,-24.23));
#13921=CARTESIAN_POINT('',(4.2797623851922E-15,44.8999991841614,-52.56));
#13922=CARTESIAN_POINT('Origin',(4.2797623851922E-15,44.8999991841614,-52.56));
#13923=CARTESIAN_POINT('',(-7.6,36.4999991841614,-52.56));
#13924=CARTESIAN_POINT('',(-7.6,21.4499995920807,-52.56));
#13925=CARTESIAN_POINT('',(4.2797623851922E-15,36.4999991841614,-52.56));
#13926=CARTESIAN_POINT('Origin',(4.2797623851922E-15,36.4999991841614,-52.56));
#13927=CARTESIAN_POINT('',(-7.60000000000005,36.4999991841614,-39.46));
#13928=CARTESIAN_POINT('',(-7.60000000000008,36.4999991841614,-30.78));
#13929=CARTESIAN_POINT('',(2.99268967522852E-15,36.4999991841614,-39.46));
#13930=CARTESIAN_POINT('Origin',(2.99268967522852E-15,36.4999991841614,
-39.46));
#13931=CARTESIAN_POINT('',(-7.60000000000005,17.2499995920807,-39.46));
#13932=CARTESIAN_POINT('Origin',(4.2797623851922E-15,24.5999991841614,-52.56));
#13933=CARTESIAN_POINT('',(-7.6,24.5999991841614,-52.56));
#13934=CARTESIAN_POINT('',(4.2797623851922E-15,24.5999991841614,-52.56));
#13935=CARTESIAN_POINT('',(-7.60000000000005,24.5999991841614,-39.46));
#13936=CARTESIAN_POINT('',(-7.60000000000008,24.5999991841614,-30.78));
#13937=CARTESIAN_POINT('',(2.99268967522852E-15,24.5999991841614,-39.46));
#13938=CARTESIAN_POINT('Origin',(2.99268967522852E-15,24.5999991841614,
-39.46));
#13939=CARTESIAN_POINT('',(-7.60000000000005,32.9999991841614,-39.46));
#13940=CARTESIAN_POINT('',(-7.60000000000005,11.2999995920807,-39.46));
#13941=CARTESIAN_POINT('',(2.99268967522852E-15,32.9999991841614,-39.46));
#13942=CARTESIAN_POINT('Origin',(2.99268967522852E-15,32.9999991841614,
-39.46));
#13943=CARTESIAN_POINT('',(-7.60000000000002,32.9999991841614,-48.670224295845));
#13944=CARTESIAN_POINT('',(-7.6000000000001,32.9999991841614,-24.23));
#13945=CARTESIAN_POINT('',(3.89759260223818E-15,32.9999991841614,-48.670224295845));
#13946=CARTESIAN_POINT('Origin',(4.2797623851922E-15,33.0000004917383,-52.56));
#13947=CARTESIAN_POINT('',(-7.6,33.0000004917383,-52.56));
#13948=CARTESIAN_POINT('',(4.2797623851922E-15,33.0000004917383,-52.56));
#13949=CARTESIAN_POINT('',(-7.6,15.5000002458692,-52.56));
#13950=CARTESIAN_POINT('Origin',(3.89759260223818E-15,32.9999991841614,
-48.670224295845));
#13951=CARTESIAN_POINT('',(-7.60000000000008,32.9999925164397,-28.8351062651703));
#13952=CARTESIAN_POINT('Origin',(9.,0.,-65.2));
#13953=CARTESIAN_POINT('',(9.,0.,-70.8));
#13954=CARTESIAN_POINT('Origin',(39.0000005811453,-3.25,4.8));
#13955=CARTESIAN_POINT('',(36.5000005662436,-4.,4.8));
#13956=CARTESIAN_POINT('Origin',(39.0000005811453,-4.,4.8));
#13957=CARTESIAN_POINT('',(38.0000005662436,-2.5,4.8));
#13958=CARTESIAN_POINT('',(37.2500005662436,-3.25,4.8));
#13959=CARTESIAN_POINT('Origin',(39.0000005811453,-2.5,4.8));
#13960=CARTESIAN_POINT('Origin',(39.0000005811453,-4.,-31.6));
#13961=CARTESIAN_POINT('',(69.0000011622906,-4.,7.6));
#13962=CARTESIAN_POINT('',(63.75,-4.,7.6));
#13963=CARTESIAN_POINT('',(-7.59999999999999,-4.,-54.2));
#13964=CARTESIAN_POINT('',(-7.6,-4.,-53.2));
#13965=CARTESIAN_POINT('',(9.,-4.,-70.8));
#13966=CARTESIAN_POINT('Origin',(8.99999999999999,-4.,-54.2));
#13967=CARTESIAN_POINT('',(69.0000011622906,-4.,-70.8));
#13968=CARTESIAN_POINT('',(9.,-4.,-70.8));
#13969=CARTESIAN_POINT('',(85.6000011622906,-4.,-54.2));
#13970=CARTESIAN_POINT('Origin',(69.0000011622906,-4.,-54.2));
#13971=CARTESIAN_POINT('',(85.6000011622906,-4.,-9.));
#13972=CARTESIAN_POINT('',(85.6000011622906,-4.,-9.));
#13973=CARTESIAN_POINT('Origin',(69.0000011622906,-4.,-9.));
#13974=CARTESIAN_POINT('',(80.3000011622906,-4.,-31.6));
#13975=CARTESIAN_POINT('Origin',(82.8000011622906,-4.,-31.6));
#13976=CARTESIAN_POINT('',(5.83999999999999,-4.,-48.74));
#13977=CARTESIAN_POINT('Origin',(9.08999999999999,-4.,-48.74));
#13978=CARTESIAN_POINT('',(53.68,-4.,-48.74));
#13979=CARTESIAN_POINT('Origin',(56.93,-4.,-48.74));
#13980=CARTESIAN_POINT('',(53.68,-4.,-10.45));
#13981=CARTESIAN_POINT('Origin',(56.93,-4.,-10.45));
#13982=CARTESIAN_POINT('',(5.83999999999999,-4.,-10.45));
#13983=CARTESIAN_POINT('Origin',(9.08999999999999,-4.,-10.45));
#13984=CARTESIAN_POINT('',(36.5000005662436,-4.,-68.));
#13985=CARTESIAN_POINT('Origin',(39.0000005811453,-4.,-68.));
#13986=CARTESIAN_POINT('Origin',(39.0000005811453,-2.,4.8));
#13987=CARTESIAN_POINT('',(38.0000005662436,-2.,4.8));
#13988=CARTESIAN_POINT('Origin',(82.8000011622906,-3.25,-31.6));
#13989=CARTESIAN_POINT('',(81.8000011622906,-2.5,-31.6));
#13990=CARTESIAN_POINT('',(81.0500011622906,-3.25,-31.6));
#13991=CARTESIAN_POINT('Origin',(82.8000011622906,-2.5,-31.6));
#13992=CARTESIAN_POINT('Origin',(82.8000011622906,-2.,-31.6));
#13993=CARTESIAN_POINT('',(81.8000011622906,-2.,-31.6));
#13994=CARTESIAN_POINT('Origin',(39.0000005811453,-3.25,-68.));
#13995=CARTESIAN_POINT('',(38.0000005662436,-2.5,-68.));
#13996=CARTESIAN_POINT('',(37.2500005662436,-3.25,-68.));
#13997=CARTESIAN_POINT('Origin',(39.0000005811453,-2.5,-68.));
#13998=CARTESIAN_POINT('Origin',(39.0000005811453,-2.,-68.));
#13999=CARTESIAN_POINT('',(38.0000005662436,-2.,-68.));
#14000=CARTESIAN_POINT('Origin',(9.08999999999999,-3.,-48.74));
#14001=CARTESIAN_POINT('',(7.83999999999999,-2.,-48.74));
#14002=CARTESIAN_POINT('',(6.83999999999999,-3.,-48.74));
#14003=CARTESIAN_POINT('Origin',(9.08999999999999,-2.,-48.74));
#14004=CARTESIAN_POINT('Origin',(9.08999999999999,-2.,-48.74));
#14005=CARTESIAN_POINT('',(7.83999999999999,0.,-48.74));
#14006=CARTESIAN_POINT('',(7.83999999999999,-2.,-48.74));
#14007=CARTESIAN_POINT('Origin',(9.08999999999999,0.,-48.74));
#14008=CARTESIAN_POINT('Origin',(9.08999999999999,-3.,-10.45));
#14009=CARTESIAN_POINT('',(7.83999999999999,-2.,-10.45));
#14010=CARTESIAN_POINT('',(6.83999999999999,-3.,-10.45));
#14011=CARTESIAN_POINT('Origin',(9.08999999999999,-2.,-10.45));
#14012=CARTESIAN_POINT('Origin',(9.08999999999999,-2.,-10.45));
#14013=CARTESIAN_POINT('',(7.83999999999999,0.,-10.45));
#14014=CARTESIAN_POINT('',(7.83999999999999,-2.,-10.45));
#14015=CARTESIAN_POINT('Origin',(9.08999999999999,0.,-10.45));
#14016=CARTESIAN_POINT('Origin',(56.93,-3.,-48.74));
#14017=CARTESIAN_POINT('',(55.68,-2.,-48.74));
#14018=CARTESIAN_POINT('',(54.68,-3.,-48.74));
#14019=CARTESIAN_POINT('Origin',(56.93,-2.,-48.74));
#14020=CARTESIAN_POINT('Origin',(56.93,-2.,-48.74));
#14021=CARTESIAN_POINT('',(55.68,0.,-48.74));
#14022=CARTESIAN_POINT('',(55.68,-2.,-48.74));
#14023=CARTESIAN_POINT('Origin',(56.93,0.,-48.74));
#14024=CARTESIAN_POINT('Origin',(56.93,-3.,-10.45));
#14025=CARTESIAN_POINT('',(55.68,-2.,-10.45));
#14026=CARTESIAN_POINT('',(54.68,-3.,-10.45));
#14027=CARTESIAN_POINT('Origin',(56.93,-2.,-10.45));
#14028=CARTESIAN_POINT('Origin',(56.93,-2.,-10.45));
#14029=CARTESIAN_POINT('',(55.68,0.,-10.45));
#14030=CARTESIAN_POINT('',(55.68,-2.,-10.45));
#14031=CARTESIAN_POINT('Origin',(56.93,0.,-10.45));
#14032=CARTESIAN_POINT('Origin',(9.08999999999999,0.,-10.45));
#14033=CARTESIAN_POINT('Origin',(56.93,0.,-10.45));
#14034=CARTESIAN_POINT('Origin',(9.08999999999999,0.,-48.74));
#14035=CARTESIAN_POINT('Origin',(56.93,0.,-48.74));
#14036=CARTESIAN_POINT('Origin',(69.0000011622906,-2.,-9.));
#14037=CARTESIAN_POINT('',(69.0000011622906,-2.,7.6));
#14038=CARTESIAN_POINT('',(85.6000011622906,-2.,-9.));
#14039=CARTESIAN_POINT('Origin',(85.6000011622906,-2.,-54.2));
#14040=CARTESIAN_POINT('',(85.6000011622906,-2.,-54.2));
#14041=CARTESIAN_POINT('Origin',(69.0000011622906,-2.,-54.2));
#14042=CARTESIAN_POINT('',(69.0000011622906,-2.,-70.8));
#14043=CARTESIAN_POINT('Origin',(9.,-2.,-70.8));
#14044=CARTESIAN_POINT('',(9.,-2.,-70.8));
#14045=CARTESIAN_POINT('Origin',(8.99999999999999,-2.,-54.2));
#14046=CARTESIAN_POINT('',(-7.59999999999999,-2.,-54.2));
#14047=CARTESIAN_POINT('Origin',(-7.60000000000015,-2.,-9.));
#14048=CARTESIAN_POINT('Origin',(69.0000011622906,-2.,7.6));
#14049=UNCERTAINTY_MEASURE_WITH_UNIT(LENGTH_MEASURE(0.01),#14053,
'DISTANCE_ACCURACY_VALUE',
'Maximum model space distance between geometric entities at asserted c
onnectivities');
#14050=UNCERTAINTY_MEASURE_WITH_UNIT(LENGTH_MEASURE(0.01),#14053,
'DISTANCE_ACCURACY_VALUE',
'Maximum model space distance between geometric entities at asserted c
onnectivities');
#14051=(
GEOMETRIC_REPRESENTATION_CONTEXT(3)
GLOBAL_UNCERTAINTY_ASSIGNED_CONTEXT((#14049))
GLOBAL_UNIT_ASSIGNED_CONTEXT((#14053,#14055,#14056))
REPRESENTATION_CONTEXT('','3D')
);
#14052=(
GEOMETRIC_REPRESENTATION_CONTEXT(3)
GLOBAL_UNCERTAINTY_ASSIGNED_CONTEXT((#14050))
GLOBAL_UNIT_ASSIGNED_CONTEXT((#14053,#14055,#14056))
REPRESENTATION_CONTEXT('','3D')
);
#14053=(
LENGTH_UNIT()
NAMED_UNIT(*)
SI_UNIT(.MILLI.,.METRE.)
);
#14054=(
LENGTH_UNIT()
NAMED_UNIT(*)
SI_UNIT($,.METRE.)
);
#14055=(
NAMED_UNIT(*)
PLANE_ANGLE_UNIT()
SI_UNIT($,.RADIAN.)
);
#14056=(
NAMED_UNIT(*)
SI_UNIT($,.STERADIAN.)
SOLID_ANGLE_UNIT()
);
#14057=SHAPE_DEFINITION_REPRESENTATION(#14058,#14059);
#14058=PRODUCT_DEFINITION_SHAPE('',$,#14061);
#14059=SHAPE_REPRESENTATION('',(#7456),#14051);
#14060=PRODUCT_DEFINITION_CONTEXT('part definition',#14065,'design');
#14061=PRODUCT_DEFINITION('2 \X2\044D044204300436\X0\ \X2\0434043B044F\X0\ 
\X2\043C043E0442043E04400430\X0\','2 \X2\044D044204300436\X0\ \X2\0434043B044F\X0\ 
\X2\043C043E0442043E04400430\X0\ v24',#14062,#14060);
#14062=PRODUCT_DEFINITION_FORMATION('',$,#14067);
#14063=PRODUCT_RELATED_PRODUCT_CATEGORY(
'2 \X2\044D044204300436\X0\ \X2\0434043B044F\X0\ \X2\043C043E0442043E04400430\X0\ 
v24','2 \X2\044D044204300436\X0\ \X2\0434043B044F\X0\ \X2\043C043E0442043E04400430\X0\ 
v24',(#14067));
#14064=APPLICATION_PROTOCOL_DEFINITION('international standard',
'automotive_design',2009,#14065);
#14065=APPLICATION_CONTEXT(
'Core Data for Automotive Mechanical Design Process');
#14066=PRODUCT_CONTEXT('part definition',#14065,'mechanical');
#14067=PRODUCT('2 \X2\044D044204300436\X0\ \X2\0434043B044F\X0\ \X2\043C043E0442043E04400430\X0\',
'2 \X2\044D044204300436\X0\ \X2\0434043B044F\X0\ \X2\043C043E0442043E04400430\X0\ 
v24',$,(#14066));
#14068=PRESENTATION_STYLE_ASSIGNMENT((#14069));
#14069=SURFACE_STYLE_USAGE(.BOTH.,#14070);
#14070=SURFACE_SIDE_STYLE('',(#14071));
#14071=SURFACE_STYLE_FILL_AREA(#14072);
#14072=FILL_AREA_STYLE('Steel - Satin',(#14073));
#14073=FILL_AREA_STYLE_COLOUR('Steel - Satin',#14074);
#14074=COLOUR_RGB('Steel - Satin',0.627450980392157,0.627450980392157,0.627450980392157);
ENDSEC;
END-ISO-10303-21;
